SET NAMES utf8mb4;
SET FOREIGN_KEY_CHECKS = 0;

-- ----------------------------
-- Table structure for infra_codegen_column
-- ----------------------------
DROP TABLE IF EXISTS `infra_codegen_column`;
CREATE TABLE `infra_codegen_column` (
  `id` bigint NOT NULL AUTO_INCREMENT COMMENT '编号',
  `table_id` bigint NOT NULL COMMENT '表编号',
  `column_name` varchar(200) CHARACTER SET utf8mb4 COLLATE utf8mb4_unicode_ci NOT NULL COMMENT '字段名',
  `data_type` varchar(100) CHARACTER SET utf8mb4 COLLATE utf8mb4_unicode_ci NOT NULL COMMENT '字段类型',
  `column_comment` varchar(500) CHARACTER SET utf8mb4 COLLATE utf8mb4_unicode_ci NOT NULL COMMENT '字段描述',
  `nullable` bit(1) NOT NULL COMMENT '是否允许为空',
  `primary_key` bit(1) NOT NULL COMMENT '是否主键',
  `ordinal_position` int NOT NULL COMMENT '排序',
  `java_type` varchar(32) CHARACTER SET utf8mb4 COLLATE utf8mb4_unicode_ci NOT NULL COMMENT 'Java 属性类型',
  `java_field` varchar(64) CHARACTER SET utf8mb4 COLLATE utf8mb4_unicode_ci NOT NULL COMMENT 'Java 属性名',
  `dict_type` varchar(200) CHARACTER SET utf8mb4 COLLATE utf8mb4_unicode_ci DEFAULT '' COMMENT '字典类型',
  `example` varchar(64) CHARACTER SET utf8mb4 COLLATE utf8mb4_unicode_ci DEFAULT NULL COMMENT '数据示例',
  `create_operation` bit(1) NOT NULL COMMENT '是否为 Create 创建操作的字段',
  `update_operation` bit(1) NOT NULL COMMENT '是否为 Update 更新操作的字段',
  `list_operation` bit(1) NOT NULL COMMENT '是否为 List 查询操作的字段',
  `list_operation_condition` varchar(32) CHARACTER SET utf8mb4 COLLATE utf8mb4_unicode_ci NOT NULL DEFAULT '=' COMMENT 'List 查询操作的条件类型',
  `list_operation_result` bit(1) NOT NULL COMMENT '是否为 List 查询操作的返回字段',
  `html_type` varchar(32) CHARACTER SET utf8mb4 COLLATE utf8mb4_unicode_ci NOT NULL COMMENT '显示类型',
  `creator` varchar(64) CHARACTER SET utf8mb4 COLLATE utf8mb4_unicode_ci DEFAULT '' COMMENT '创建者',
  `create_time` datetime NOT NULL DEFAULT CURRENT_TIMESTAMP COMMENT '创建时间',
  `updater` varchar(64) CHARACTER SET utf8mb4 COLLATE utf8mb4_unicode_ci DEFAULT '' COMMENT '更新者',
  `update_time` datetime NOT NULL DEFAULT CURRENT_TIMESTAMP ON UPDATE CURRENT_TIMESTAMP COMMENT '更新时间',
  `deleted` bit(1) NOT NULL DEFAULT b'0' COMMENT '是否删除',
  PRIMARY KEY (`id`) USING BTREE
) ENGINE=InnoDB AUTO_INCREMENT=2564 DEFAULT CHARSET=utf8mb4 COLLATE=utf8mb4_unicode_ci COMMENT='代码生成表字段定义';

-- ----------------------------
-- Records of infra_codegen_column
-- ----------------------------
BEGIN;
INSERT INTO `infra_codegen_column` (`id`, `table_id`, `column_name`, `data_type`, `column_comment`, `nullable`, `primary_key`, `ordinal_position`, `java_type`, `java_field`, `dict_type`, `example`, `create_operation`, `update_operation`, `list_operation`, `list_operation_condition`, `list_operation_result`, `html_type`, `creator`, `create_time`, `updater`, `update_time`, `deleted`) VALUES (2538, 191, 'id', 'BIGINT', '编号', b'0', b'1', 1, 'Long', 'id', '', '13987', b'0', b'1', b'0', '=', b'1', 'input', '1', '2025-04-09 17:40:21', '1', '2025-06-30 22:53:54', b'1');
INSERT INTO `infra_codegen_column` (`id`, `table_id`, `column_name`, `data_type`, `column_comment`, `nullable`, `primary_key`, `ordinal_position`, `java_type`, `java_field`, `dict_type`, `example`, `create_operation`, `update_operation`, `list_operation`, `list_operation_condition`, `list_operation_result`, `html_type`, `creator`, `create_time`, `updater`, `update_time`, `deleted`) VALUES (2539, 191, 'name', 'VARCHAR', '名字', b'0', b'0', 2, 'String', 'name', '', '芋艿', b'1', b'1', b'1', 'LIKE', b'1', 'input', '1', '2025-04-09 17:40:21', '1', '2025-06-30 22:53:54', b'1');
INSERT INTO `infra_codegen_column` (`id`, `table_id`, `column_name`, `data_type`, `column_comment`, `nullable`, `primary_key`, `ordinal_position`, `java_type`, `java_field`, `dict_type`, `example`, `create_operation`, `update_operation`, `list_operation`, `list_operation_condition`, `list_operation_result`, `html_type`, `creator`, `create_time`, `updater`, `update_time`, `deleted`) VALUES (2540, 191, 'sex', 'TINYINT', '性别', b'0', b'0', 3, 'Integer', 'sex', '', NULL, b'1', b'1', b'1', '=', b'1', 'radio', '1', '2025-04-09 17:40:21', '1', '2025-06-30 22:53:54', b'1');
INSERT INTO `infra_codegen_column` (`id`, `table_id`, `column_name`, `data_type`, `column_comment`, `nullable`, `primary_key`, `ordinal_position`, `java_type`, `java_field`, `dict_type`, `example`, `create_operation`, `update_operation`, `list_operation`, `list_operation_condition`, `list_operation_result`, `html_type`, `creator`, `create_time`, `updater`, `update_time`, `deleted`) VALUES (2541, 191, 'birthday', 'TIMESTAMP', '出生日期', b'0', b'0', 4, 'LocalDateTime', 'birthday', '', NULL, b'1', b'1', b'1', '=', b'1', 'datetime', '1', '2025-04-09 17:40:21', '1', '2025-06-30 22:53:54', b'1');
INSERT INTO `infra_codegen_column` (`id`, `table_id`, `column_name`, `data_type`, `column_comment`, `nullable`, `primary_key`, `ordinal_position`, `java_type`, `java_field`, `dict_type`, `example`, `create_operation`, `update_operation`, `list_operation`, `list_operation_condition`, `list_operation_result`, `html_type`, `creator`, `create_time`, `updater`, `update_time`, `deleted`) VALUES (2542, 191, 'description', 'VARCHAR', '简介', b'0', b'0', 5, 'String', 'description', '', '你说的对', b'1', b'1', b'1', '=', b'1', 'editor', '1', '2025-04-09 17:40:21', '1', '2025-06-30 22:53:54', b'1');
INSERT INTO `infra_codegen_column` (`id`, `table_id`, `column_name`, `data_type`, `column_comment`, `nullable`, `primary_key`, `ordinal_position`, `java_type`, `java_field`, `dict_type`, `example`, `create_operation`, `update_operation`, `list_operation`, `list_operation_condition`, `list_operation_result`, `html_type`, `creator`, `create_time`, `updater`, `update_time`, `deleted`) VALUES (2543, 191, 'creator', 'VARCHAR', '创建者', b'1', b'0', 6, 'String', 'creator', '', NULL, b'0', b'0', b'0', '=', b'0', 'input', '1', '2025-04-09 17:40:21', '1', '2025-06-30 22:53:54', b'1');
INSERT INTO `infra_codegen_column` (`id`, `table_id`, `column_name`, `data_type`, `column_comment`, `nullable`, `primary_key`, `ordinal_position`, `java_type`, `java_field`, `dict_type`, `example`, `create_operation`, `update_operation`, `list_operation`, `list_operation_condition`, `list_operation_result`, `html_type`, `creator`, `create_time`, `updater`, `update_time`, `deleted`) VALUES (2544, 191, 'create_time', 'TIMESTAMP', '创建时间', b'0', b'0', 7, 'LocalDateTime', 'createTime', '', NULL, b'0', b'0', b'1', 'BETWEEN', b'1', 'datetime', '1', '2025-04-09 17:40:21', '1', '2025-06-30 22:53:54', b'1');
INSERT INTO `infra_codegen_column` (`id`, `table_id`, `column_name`, `data_type`, `column_comment`, `nullable`, `primary_key`, `ordinal_position`, `java_type`, `java_field`, `dict_type`, `example`, `create_operation`, `update_operation`, `list_operation`, `list_operation_condition`, `list_operation_result`, `html_type`, `creator`, `create_time`, `updater`, `update_time`, `deleted`) VALUES (2545, 191, 'updater', 'VARCHAR', '更新者', b'1', b'0', 8, 'String', 'updater', '', NULL, b'0', b'0', b'0', '=', b'0', 'input', '1', '2025-04-09 17:40:21', '1', '2025-06-30 22:53:54', b'1');
INSERT INTO `infra_codegen_column` (`id`, `table_id`, `column_name`, `data_type`, `column_comment`, `nullable`, `primary_key`, `ordinal_position`, `java_type`, `java_field`, `dict_type`, `example`, `create_operation`, `update_operation`, `list_operation`, `list_operation_condition`, `list_operation_result`, `html_type`, `creator`, `create_time`, `updater`, `update_time`, `deleted`) VALUES (2546, 191, 'update_time', 'TIMESTAMP', '更新时间', b'0', b'0', 9, 'LocalDateTime', 'updateTime', '', NULL, b'0', b'0', b'0', 'BETWEEN', b'0', 'datetime', '1', '2025-04-09 17:40:21', '1', '2025-06-30 22:53:54', b'1');
INSERT INTO `infra_codegen_column` (`id`, `table_id`, `column_name`, `data_type`, `column_comment`, `nullable`, `primary_key`, `ordinal_position`, `java_type`, `java_field`, `dict_type`, `example`, `create_operation`, `update_operation`, `list_operation`, `list_operation_condition`, `list_operation_result`, `html_type`, `creator`, `create_time`, `updater`, `update_time`, `deleted`) VALUES (2547, 191, 'deleted', 'BIT', '是否删除', b'0', b'0', 10, 'Boolean', 'deleted', '', NULL, b'0', b'0', b'0', '=', b'0', 'radio', '1', '2025-04-09 17:40:21', '1', '2025-06-30 22:53:54', b'1');
INSERT INTO `infra_codegen_column` (`id`, `table_id`, `column_name`, `data_type`, `column_comment`, `nullable`, `primary_key`, `ordinal_position`, `java_type`, `java_field`, `dict_type`, `example`, `create_operation`, `update_operation`, `list_operation`, `list_operation_condition`, `list_operation_result`, `html_type`, `creator`, `create_time`, `updater`, `update_time`, `deleted`) VALUES (2548, 191, 'tenant_id', 'BIGINT', '租户编号', b'0', b'0', 11, 'Long', 'tenantId', '', '12608', b'0', b'0', b'0', '=', b'0', 'input', '1', '2025-04-09 17:40:21', '1', '2025-06-30 22:53:54', b'1');
INSERT INTO `infra_codegen_column` (`id`, `table_id`, `column_name`, `data_type`, `column_comment`, `nullable`, `primary_key`, `ordinal_position`, `java_type`, `java_field`, `dict_type`, `example`, `create_operation`, `update_operation`, `list_operation`, `list_operation_condition`, `list_operation_result`, `html_type`, `creator`, `create_time`, `updater`, `update_time`, `deleted`) VALUES (2549, 192, 'id', 'INTEGER', '编号', b'0', b'1', 1, 'Integer', 'id', '', '14447', b'0', b'1', b'0', '=', b'1', 'input', '1', '2025-06-30 22:54:01', '1', '2025-06-30 22:54:01', b'0');
INSERT INTO `infra_codegen_column` (`id`, `table_id`, `column_name`, `data_type`, `column_comment`, `nullable`, `primary_key`, `ordinal_position`, `java_type`, `java_field`, `dict_type`, `example`, `create_operation`, `update_operation`, `list_operation`, `list_operation_condition`, `list_operation_result`, `html_type`, `creator`, `create_time`, `updater`, `update_time`, `deleted`) VALUES (2550, 192, 'name', 'VARCHAR', '模型名称', b'1', b'0', 2, 'String', 'name', '', '张三', b'1', b'1', b'1', 'LIKE', b'1', 'input', '1', '2025-06-30 22:54:01', '1', '2025-06-30 22:54:01', b'0');
INSERT INTO `infra_codegen_column` (`id`, `table_id`, `column_name`, `data_type`, `column_comment`, `nullable`, `primary_key`, `ordinal_position`, `java_type`, `java_field`, `dict_type`, `example`, `create_operation`, `update_operation`, `list_operation`, `list_operation_condition`, `list_operation_result`, `html_type`, `creator`, `create_time`, `updater`, `update_time`, `deleted`) VALUES (2551, 192, 'model', 'VARCHAR', '模型标志', b'1', b'0', 3, 'String', 'model', '', NULL, b'1', b'1', b'1', '=', b'1', 'input', '1', '2025-06-30 22:54:01', '1', '2025-06-30 22:54:01', b'0');
INSERT INTO `infra_codegen_column` (`id`, `table_id`, `column_name`, `data_type`, `column_comment`, `nullable`, `primary_key`, `ordinal_position`, `java_type`, `java_field`, `dict_type`, `example`, `create_operation`, `update_operation`, `list_operation`, `list_operation_condition`, `list_operation_result`, `html_type`, `creator`, `create_time`, `updater`, `update_time`, `deleted`) VALUES (2552, 192, 'platform', 'VARCHAR', '平台', b'1', b'0', 4, 'String', 'platform', '', NULL, b'1', b'1', b'1', '=', b'1', 'input', '1', '2025-06-30 22:54:01', '1', '2025-06-30 22:54:01', b'0');
INSERT INTO `infra_codegen_column` (`id`, `table_id`, `column_name`, `data_type`, `column_comment`, `nullable`, `primary_key`, `ordinal_position`, `java_type`, `java_field`, `dict_type`, `example`, `create_operation`, `update_operation`, `list_operation`, `list_operation_condition`, `list_operation_result`, `html_type`, `creator`, `create_time`, `updater`, `update_time`, `deleted`) VALUES (2553, 192, 'type', 'INTEGER', '类型', b'1', b'0', 5, 'Integer', 'type', '', '1', b'1', b'1', b'1', '=', b'1', 'select', '1', '2025-06-30 22:54:01', '1', '2025-06-30 22:54:01', b'0');
INSERT INTO `infra_codegen_column` (`id`, `table_id`, `column_name`, `data_type`, `column_comment`, `nullable`, `primary_key`, `ordinal_position`, `java_type`, `java_field`, `dict_type`, `example`, `create_operation`, `update_operation`, `list_operation`, `list_operation_condition`, `list_operation_result`, `html_type`, `creator`, `create_time`, `updater`, `update_time`, `deleted`) VALUES (2554, 192, 'sort', 'INTEGER', '排序值', b'1', b'0', 6, 'Integer', 'sort', '', NULL, b'1', b'1', b'1', '=', b'1', 'input', '1', '2025-06-30 22:54:01', '1', '2025-06-30 22:54:01', b'0');
INSERT INTO `infra_codegen_column` (`id`, `table_id`, `column_name`, `data_type`, `column_comment`, `nullable`, `primary_key`, `ordinal_position`, `java_type`, `java_field`, `dict_type`, `example`, `create_operation`, `update_operation`, `list_operation`, `list_operation_condition`, `list_operation_result`, `html_type`, `creator`, `create_time`, `updater`, `update_time`, `deleted`) VALUES (2555, 192, 'status', 'INTEGER', '状态', b'1', b'0', 7, 'Integer', 'status', '', '1', b'1', b'1', b'1', '=', b'1', 'radio', '1', '2025-06-30 22:54:01', '1', '2025-06-30 22:54:01', b'0');
INSERT INTO `infra_codegen_column` (`id`, `table_id`, `column_name`, `data_type`, `column_comment`, `nullable`, `primary_key`, `ordinal_position`, `java_type`, `java_field`, `dict_type`, `example`, `create_operation`, `update_operation`, `list_operation`, `list_operation_condition`, `list_operation_result`, `html_type`, `creator`, `create_time`, `updater`, `update_time`, `deleted`) VALUES (2556, 192, 'temperature', 'DOUBLE', '温度参数', b'1', b'0', 8, 'Double', 'temperature', '', NULL, b'1', b'1', b'1', '=', b'1', 'input', '1', '2025-06-30 22:54:01', '1', '2025-06-30 22:54:01', b'0');
INSERT INTO `infra_codegen_column` (`id`, `table_id`, `column_name`, `data_type`, `column_comment`, `nullable`, `primary_key`, `ordinal_position`, `java_type`, `java_field`, `dict_type`, `example`, `create_operation`, `update_operation`, `list_operation`, `list_operation_condition`, `list_operation_result`, `html_type`, `creator`, `create_time`, `updater`, `update_time`, `deleted`) VALUES (2557, 192, 'max_tokens', 'INTEGER', '单条回复的最大 Token 数量', b'1', b'0', 9, 'Integer', 'maxTokens', '', NULL, b'1', b'1', b'1', '=', b'1', 'input', '1', '2025-06-30 22:54:01', '1', '2025-06-30 22:54:01', b'0');
INSERT INTO `infra_codegen_column` (`id`, `table_id`, `column_name`, `data_type`, `column_comment`, `nullable`, `primary_key`, `ordinal_position`, `java_type`, `java_field`, `dict_type`, `example`, `create_operation`, `update_operation`, `list_operation`, `list_operation_condition`, `list_operation_result`, `html_type`, `creator`, `create_time`, `updater`, `update_time`, `deleted`) VALUES (2558, 192, 'max_contexts', 'INTEGER', '上下文的最大 Message 数量', b'1', b'0', 10, 'Integer', 'maxContexts', '', NULL, b'1', b'1', b'1', '=', b'1', 'input', '1', '2025-06-30 22:54:01', '1', '2025-06-30 22:54:01', b'0');
INSERT INTO `infra_codegen_column` (`id`, `table_id`, `column_name`, `data_type`, `column_comment`, `nullable`, `primary_key`, `ordinal_position`, `java_type`, `java_field`, `dict_type`, `example`, `create_operation`, `update_operation`, `list_operation`, `list_operation_condition`, `list_operation_result`, `html_type`, `creator`, `create_time`, `updater`, `update_time`, `deleted`) VALUES (2559, 192, 'create_time', 'TIMESTAMP', '创建时间', b'1', b'0', 11, 'LocalDateTime', 'createTime', '', NULL, b'0', b'0', b'1', 'BETWEEN', b'1', 'datetime', '1', '2025-06-30 22:54:01', '1', '2025-06-30 22:54:01', b'0');
INSERT INTO `infra_codegen_column` (`id`, `table_id`, `column_name`, `data_type`, `column_comment`, `nullable`, `primary_key`, `ordinal_position`, `java_type`, `java_field`, `dict_type`, `example`, `create_operation`, `update_operation`, `list_operation`, `list_operation_condition`, `list_operation_result`, `html_type`, `creator`, `create_time`, `updater`, `update_time`, `deleted`) VALUES (2560, 192, 'update_time', 'TIMESTAMP', '更新时间', b'1', b'0', 12, 'LocalDateTime', 'updateTime', '', NULL, b'0', b'0', b'0', 'BETWEEN', b'0', 'datetime', '1', '2025-06-30 22:54:01', '1', '2025-06-30 22:54:01', b'0');
INSERT INTO `infra_codegen_column` (`id`, `table_id`, `column_name`, `data_type`, `column_comment`, `nullable`, `primary_key`, `ordinal_position`, `java_type`, `java_field`, `dict_type`, `example`, `create_operation`, `update_operation`, `list_operation`, `list_operation_condition`, `list_operation_result`, `html_type`, `creator`, `create_time`, `updater`, `update_time`, `deleted`) VALUES (2561, 192, 'creator', 'VARCHAR', '创建者', b'1', b'0', 13, 'String', 'creator', '', NULL, b'0', b'0', b'0', '=', b'0', 'input', '1', '2025-06-30 22:54:01', '1', '2025-06-30 22:54:01', b'0');
INSERT INTO `infra_codegen_column` (`id`, `table_id`, `column_name`, `data_type`, `column_comment`, `nullable`, `primary_key`, `ordinal_position`, `java_type`, `java_field`, `dict_type`, `example`, `create_operation`, `update_operation`, `list_operation`, `list_operation_condition`, `list_operation_result`, `html_type`, `creator`, `create_time`, `updater`, `update_time`, `deleted`) VALUES (2562, 192, 'updater', 'VARCHAR', '更新者', b'1', b'0', 14, 'String', 'updater', '', NULL, b'0', b'0', b'0', '=', b'0', 'input', '1', '2025-06-30 22:54:02', '1', '2025-06-30 22:54:02', b'0');
INSERT INTO `infra_codegen_column` (`id`, `table_id`, `column_name`, `data_type`, `column_comment`, `nullable`, `primary_key`, `ordinal_position`, `java_type`, `java_field`, `dict_type`, `example`, `create_operation`, `update_operation`, `list_operation`, `list_operation_condition`, `list_operation_result`, `html_type`, `creator`, `create_time`, `updater`, `update_time`, `deleted`) VALUES (2563, 192, 'deleted', 'BIT', '是否删除', b'1', b'0', 15, 'Boolean', 'deleted', '', NULL, b'0', b'0', b'0', '=', b'0', 'radio', '1', '2025-06-30 22:54:02', '1', '2025-06-30 22:54:02', b'0');
COMMIT;

-- ----------------------------
-- Table structure for infra_codegen_table
-- ----------------------------
DROP TABLE IF EXISTS `infra_codegen_table`;
CREATE TABLE `infra_codegen_table` (
  `id` bigint NOT NULL AUTO_INCREMENT COMMENT '编号',
  `data_source_config_id` bigint NOT NULL COMMENT '数据源配置的编号',
  `scene` tinyint NOT NULL DEFAULT '1' COMMENT '生成场景',
  `table_name` varchar(200) CHARACTER SET utf8mb4 COLLATE utf8mb4_unicode_ci NOT NULL DEFAULT '' COMMENT '表名称',
  `table_comment` varchar(500) CHARACTER SET utf8mb4 COLLATE utf8mb4_unicode_ci NOT NULL DEFAULT '' COMMENT '表描述',
  `remark` varchar(500) CHARACTER SET utf8mb4 COLLATE utf8mb4_unicode_ci DEFAULT NULL COMMENT '备注',
  `module_name` varchar(30) CHARACTER SET utf8mb4 COLLATE utf8mb4_unicode_ci NOT NULL COMMENT '模块名',
  `business_name` varchar(30) CHARACTER SET utf8mb4 COLLATE utf8mb4_unicode_ci NOT NULL COMMENT '业务名',
  `class_name` varchar(100) CHARACTER SET utf8mb4 COLLATE utf8mb4_unicode_ci NOT NULL DEFAULT '' COMMENT '类名称',
  `class_comment` varchar(50) CHARACTER SET utf8mb4 COLLATE utf8mb4_unicode_ci NOT NULL COMMENT '类描述',
  `author` varchar(50) CHARACTER SET utf8mb4 COLLATE utf8mb4_unicode_ci NOT NULL COMMENT '作者',
  `template_type` tinyint NOT NULL DEFAULT '1' COMMENT '模板类型',
  `front_type` tinyint NOT NULL COMMENT '前端类型',
  `parent_menu_id` bigint DEFAULT NULL COMMENT '父菜单编号',
  `master_table_id` bigint DEFAULT NULL COMMENT '主表的编号',
  `sub_join_column_id` bigint DEFAULT NULL COMMENT '子表关联主表的字段编号',
  `sub_join_many` bit(1) DEFAULT NULL COMMENT '主表与子表是否一对多',
  `tree_parent_column_id` bigint DEFAULT NULL COMMENT '树表的父字段编号',
  `tree_name_column_id` bigint DEFAULT NULL COMMENT '树表的名字字段编号',
  `creator` varchar(64) CHARACTER SET utf8mb4 COLLATE utf8mb4_unicode_ci DEFAULT '' COMMENT '创建者',
  `create_time` datetime NOT NULL DEFAULT CURRENT_TIMESTAMP COMMENT '创建时间',
  `updater` varchar(64) CHARACTER SET utf8mb4 COLLATE utf8mb4_unicode_ci DEFAULT '' COMMENT '更新者',
  `update_time` datetime NOT NULL DEFAULT CURRENT_TIMESTAMP ON UPDATE CURRENT_TIMESTAMP COMMENT '更新时间',
  `deleted` bit(1) NOT NULL DEFAULT b'0' COMMENT '是否删除',
  PRIMARY KEY (`id`) USING BTREE
) ENGINE=InnoDB AUTO_INCREMENT=193 DEFAULT CHARSET=utf8mb4 COLLATE=utf8mb4_unicode_ci COMMENT='代码生成表定义';

-- ----------------------------
-- Records of infra_codegen_table
-- ----------------------------
BEGIN;
INSERT INTO `infra_codegen_table` (`id`, `data_source_config_id`, `scene`, `table_name`, `table_comment`, `remark`, `module_name`, `business_name`, `class_name`, `class_comment`, `author`, `template_type`, `front_type`, `parent_menu_id`, `master_table_id`, `sub_join_column_id`, `sub_join_many`, `tree_parent_column_id`, `tree_name_column_id`, `creator`, `create_time`, `updater`, `update_time`, `deleted`) VALUES (191, 0, 1, 'yudao_demo03_student', '学生表', NULL, 'yudao', 'demo03student', 'Demo03Student', '学生', '勇哥Java实战', 1, 20, NULL, NULL, NULL, NULL, NULL, NULL, '1', '2025-04-09 17:40:21', '1', '2025-06-30 22:53:54', b'1');
INSERT INTO `infra_codegen_table` (`id`, `data_source_config_id`, `scene`, `table_name`, `table_comment`, `remark`, `module_name`, `business_name`, `class_name`, `class_comment`, `author`, `template_type`, `front_type`, `parent_menu_id`, `master_table_id`, `sub_join_column_id`, `sub_join_many`, `tree_parent_column_id`, `tree_name_column_id`, `creator`, `create_time`, `updater`, `update_time`, `deleted`) VALUES (192, 0, 1, 'ai_model', 'AI模型表', NULL, 'ai', 'model', 'Model', 'AI模型', 'admin', 1, 20, NULL, NULL, NULL, NULL, NULL, NULL, '1', '2025-06-30 22:54:01', '1', '2025-06-30 22:54:01', b'0');
COMMIT;

-- ----------------------------
-- Table structure for infra_config
-- ----------------------------
DROP TABLE IF EXISTS `infra_config`;
CREATE TABLE `infra_config` (
  `id` bigint NOT NULL AUTO_INCREMENT COMMENT '参数主键',
  `category` varchar(50) CHARACTER SET utf8mb4 COLLATE utf8mb4_unicode_ci NOT NULL COMMENT '参数分组',
  `type` tinyint NOT NULL COMMENT '参数类型',
  `name` varchar(100) CHARACTER SET utf8mb4 COLLATE utf8mb4_unicode_ci NOT NULL DEFAULT '' COMMENT '参数名称',
  `config_key` varchar(100) CHARACTER SET utf8mb4 COLLATE utf8mb4_unicode_ci NOT NULL DEFAULT '' COMMENT '参数键名',
  `value` varchar(500) CHARACTER SET utf8mb4 COLLATE utf8mb4_unicode_ci NOT NULL DEFAULT '' COMMENT '参数键值',
  `visible` bit(1) NOT NULL COMMENT '是否可见',
  `remark` varchar(500) CHARACTER SET utf8mb4 COLLATE utf8mb4_unicode_ci DEFAULT NULL COMMENT '备注',
  `creator` varchar(64) CHARACTER SET utf8mb4 COLLATE utf8mb4_unicode_ci DEFAULT '' COMMENT '创建者',
  `create_time` datetime NOT NULL DEFAULT CURRENT_TIMESTAMP COMMENT '创建时间',
  `updater` varchar(64) CHARACTER SET utf8mb4 COLLATE utf8mb4_unicode_ci DEFAULT '' COMMENT '更新者',
  `update_time` datetime NOT NULL DEFAULT CURRENT_TIMESTAMP ON UPDATE CURRENT_TIMESTAMP COMMENT '更新时间',
  `deleted` bit(1) NOT NULL DEFAULT b'0' COMMENT '是否删除',
  PRIMARY KEY (`id`) USING BTREE
) ENGINE=InnoDB AUTO_INCREMENT=13 DEFAULT CHARSET=utf8mb4 COLLATE=utf8mb4_unicode_ci COMMENT='参数配置表';

-- ----------------------------
-- Records of infra_config
-- ----------------------------
BEGIN;
INSERT INTO `infra_config` (`id`, `category`, `type`, `name`, `config_key`, `value`, `visible`, `remark`, `creator`, `create_time`, `updater`, `update_time`, `deleted`) VALUES (2, 'biz', 1, '用户管理-账号初始密码', 'system.user.init-password', '123456', b'0', '初始化密码 123456', 'admin', '2021-01-05 17:03:48', '1', '2024-07-20 17:22:47', b'0');
INSERT INTO `infra_config` (`id`, `category`, `type`, `name`, `config_key`, `value`, `visible`, `remark`, `creator`, `create_time`, `updater`, `update_time`, `deleted`) VALUES (10, 'url', 2, 'Swagger 接口文档的地址', 'url.swagger', '', b'1', '', '1', '2023-04-07 13:41:16', '1', '2023-04-07 14:59:00', b'0');
INSERT INTO `infra_config` (`id`, `category`, `type`, `name`, `config_key`, `value`, `visible`, `remark`, `creator`, `create_time`, `updater`, `update_time`, `deleted`) VALUES (12, 'test2', 2, 'test3', 'test4', 'test5', b'1', 'test6', '1', '2023-12-03 09:55:16', '1', '2023-12-03 09:55:27', b'0');
COMMIT;

-- ----------------------------
-- Table structure for infra_data_source_config
-- ----------------------------
DROP TABLE IF EXISTS `infra_data_source_config`;
CREATE TABLE `infra_data_source_config` (
  `id` bigint NOT NULL AUTO_INCREMENT COMMENT '主键编号',
  `name` varchar(100) CHARACTER SET utf8mb4 COLLATE utf8mb4_unicode_ci NOT NULL DEFAULT '' COMMENT '参数名称',
  `url` varchar(1024) CHARACTER SET utf8mb4 COLLATE utf8mb4_unicode_ci NOT NULL COMMENT '数据源连接',
  `username` varchar(255) CHARACTER SET utf8mb4 COLLATE utf8mb4_unicode_ci NOT NULL COMMENT '用户名',
  `password` varchar(255) CHARACTER SET utf8mb4 COLLATE utf8mb4_unicode_ci NOT NULL DEFAULT '' COMMENT '密码',
  `creator` varchar(64) CHARACTER SET utf8mb4 COLLATE utf8mb4_unicode_ci DEFAULT '' COMMENT '创建者',
  `create_time` datetime NOT NULL DEFAULT CURRENT_TIMESTAMP COMMENT '创建时间',
  `updater` varchar(64) CHARACTER SET utf8mb4 COLLATE utf8mb4_unicode_ci DEFAULT '' COMMENT '更新者',
  `update_time` datetime NOT NULL DEFAULT CURRENT_TIMESTAMP ON UPDATE CURRENT_TIMESTAMP COMMENT '更新时间',
  `deleted` bit(1) NOT NULL DEFAULT b'0' COMMENT '是否删除',
  PRIMARY KEY (`id`) USING BTREE
) ENGINE=InnoDB AUTO_INCREMENT=14 DEFAULT CHARSET=utf8mb4 COLLATE=utf8mb4_unicode_ci COMMENT='数据源配置表';

-- ----------------------------
-- Records of infra_data_source_config
-- ----------------------------
BEGIN;
COMMIT;

-- ----------------------------
-- Table structure for infra_file
-- ----------------------------
DROP TABLE IF EXISTS `infra_file`;
CREATE TABLE `infra_file` (
  `id` bigint NOT NULL AUTO_INCREMENT COMMENT '文件编号',
  `config_id` bigint DEFAULT NULL COMMENT '配置编号',
  `name` varchar(256) CHARACTER SET utf8mb4 COLLATE utf8mb4_unicode_ci DEFAULT NULL COMMENT '文件名',
  `path` varchar(512) CHARACTER SET utf8mb4 COLLATE utf8mb4_unicode_ci NOT NULL COMMENT '文件路径',
  `url` varchar(1024) CHARACTER SET utf8mb4 COLLATE utf8mb4_unicode_ci NOT NULL COMMENT '文件 URL',
  `type` varchar(128) CHARACTER SET utf8mb4 COLLATE utf8mb4_unicode_ci DEFAULT NULL COMMENT '文件类型',
  `size` int NOT NULL COMMENT '文件大小',
  `creator` varchar(64) CHARACTER SET utf8mb4 COLLATE utf8mb4_unicode_ci DEFAULT '' COMMENT '创建者',
  `create_time` datetime NOT NULL DEFAULT CURRENT_TIMESTAMP COMMENT '创建时间',
  `updater` varchar(64) CHARACTER SET utf8mb4 COLLATE utf8mb4_unicode_ci DEFAULT '' COMMENT '更新者',
  `update_time` datetime NOT NULL DEFAULT CURRENT_TIMESTAMP ON UPDATE CURRENT_TIMESTAMP COMMENT '更新时间',
  `deleted` bit(1) NOT NULL DEFAULT b'0' COMMENT '是否删除',
  PRIMARY KEY (`id`) USING BTREE
) ENGINE=InnoDB AUTO_INCREMENT=1657 DEFAULT CHARSET=utf8mb4 COLLATE=utf8mb4_unicode_ci COMMENT='文件表';

-- ----------------------------
-- Records of infra_file
-- ----------------------------
BEGIN;
COMMIT;

-- ----------------------------
-- Table structure for infra_file_config
-- ----------------------------
DROP TABLE IF EXISTS `infra_file_config`;
CREATE TABLE `infra_file_config` (
  `id` bigint NOT NULL AUTO_INCREMENT COMMENT '编号',
  `name` varchar(63) CHARACTER SET utf8mb4 COLLATE utf8mb4_unicode_ci NOT NULL COMMENT '配置名',
  `storage` tinyint NOT NULL COMMENT '存储器',
  `remark` varchar(255) CHARACTER SET utf8mb4 COLLATE utf8mb4_unicode_ci DEFAULT NULL COMMENT '备注',
  `master` bit(1) NOT NULL COMMENT '是否为主配置',
  `config` varchar(4096) CHARACTER SET utf8mb4 COLLATE utf8mb4_unicode_ci NOT NULL COMMENT '存储配置',
  `creator` varchar(64) CHARACTER SET utf8mb4 COLLATE utf8mb4_unicode_ci DEFAULT '' COMMENT '创建者',
  `create_time` datetime NOT NULL DEFAULT CURRENT_TIMESTAMP COMMENT '创建时间',
  `updater` varchar(64) CHARACTER SET utf8mb4 COLLATE utf8mb4_unicode_ci DEFAULT '' COMMENT '更新者',
  `update_time` datetime NOT NULL DEFAULT CURRENT_TIMESTAMP ON UPDATE CURRENT_TIMESTAMP COMMENT '更新时间',
  `deleted` bit(1) NOT NULL DEFAULT b'0' COMMENT '是否删除',
  PRIMARY KEY (`id`) USING BTREE
) ENGINE=InnoDB AUTO_INCREMENT=29 DEFAULT CHARSET=utf8mb4 COLLATE=utf8mb4_unicode_ci COMMENT='文件配置表';

-- ----------------------------
-- Records of infra_file_config
-- ----------------------------
BEGIN;
INSERT INTO `infra_file_config` (`id`, `name`, `storage`, `remark`, `master`, `config`, `creator`, `create_time`, `updater`, `update_time`, `deleted`) VALUES (4, '数据库（示例）', 1, '我是数据库', b'0', '{\"@class\":\"cn.iocoder.yudao.module.infra.framework.file.core.client.db.DBFileClientConfig\",\"domain\":\"http://127.0.0.1:48080\"}', '1', '2022-03-15 23:56:24', '1', '2024-11-09 18:09:28', b'0');
INSERT INTO `infra_file_config` (`id`, `name`, `storage`, `remark`, `master`, `config`, `creator`, `create_time`, `updater`, `update_time`, `deleted`) VALUES (22, '七牛存储器（示例）', 20, '请换成你自己的密钥！！！', b'1', '{\"@class\":\"cn.iocoder.yudao.module.infra.framework.file.core.client.s3.S3FileClientConfig\",\"endpoint\":\"s3.cn-south-1.qiniucs.com\",\"domain\":\"http://test.yudao.iocoder.cn\",\"bucket\":\"ruoyi-vue-pro\",\"accessKey\":\"3TvrJ70gl2Gt6IBe7_IZT1F6i_k0iMuRtyEv4EyS\",\"accessSecret\":\"wd0tbVBYlp0S-ihA8Qg2hPLncoP83wyrIq24OZuY\"}', '1', '2024-01-13 22:11:12', '1', '2024-11-09 18:09:28', b'0');
INSERT INTO `infra_file_config` (`id`, `name`, `storage`, `remark`, `master`, `config`, `creator`, `create_time`, `updater`, `update_time`, `deleted`) VALUES (24, '腾讯云存储（示例）', 20, '请换成你的密钥！！！', b'0', '{\"@class\":\"cn.iocoder.yudao.module.infra.framework.file.core.client.s3.S3FileClientConfig\",\"endpoint\":\"https://cos.ap-shanghai.myqcloud.com\",\"domain\":\"http://tengxun-oss.iocoder.cn\",\"bucket\":\"aoteman-1255880240\",\"accessKey\":\"AKIDAF6WSh1uiIjwqtrOsGSN3WryqTM6cTMt\",\"accessSecret\":\"X\"}', '1', '2024-11-09 16:03:22', '1', '2024-11-09 18:15:39', b'0');
INSERT INTO `infra_file_config` (`id`, `name`, `storage`, `remark`, `master`, `config`, `creator`, `create_time`, `updater`, `update_time`, `deleted`) VALUES (25, '阿里云存储（示例）', 20, '', b'0', '{\"@class\":\"cn.iocoder.yudao.module.infra.framework.file.core.client.s3.S3FileClientConfig\",\"endpoint\":\"oss-cn-beijing.aliyuncs.com\",\"domain\":\"http://ali-oss.iocoder.cn\",\"bucket\":\"yunai-aoteman\",\"accessKey\":\"LTAI5tEQLgnDyjh3WpNcdMKA\",\"accessSecret\":\"X\"}', '1', '2024-11-09 16:47:08', '1', '2024-11-09 18:15:43', b'0');
INSERT INTO `infra_file_config` (`id`, `name`, `storage`, `remark`, `master`, `config`, `creator`, `create_time`, `updater`, `update_time`, `deleted`) VALUES (26, '火山云存储（示例）', 20, '', b'0', '{\"@class\":\"cn.iocoder.yudao.module.infra.framework.file.core.client.s3.S3FileClientConfig\",\"endpoint\":\"tos-s3-cn-beijing.volces.com\",\"domain\":null,\"bucket\":\"yunai\",\"accessKey\":\"AKLTZjc3Zjc4MzZmMjU3NDk0ZTgxYmIyMmFkNTIwMDI1ZGE\",\"accessSecret\":\"X==\"}', '1', '2024-11-09 16:56:42', '1', '2024-11-09 18:15:46', b'0');
INSERT INTO `infra_file_config` (`id`, `name`, `storage`, `remark`, `master`, `config`, `creator`, `create_time`, `updater`, `update_time`, `deleted`) VALUES (27, '华为云存储（示例）', 20, '', b'0', '{\"@class\":\"cn.iocoder.yudao.module.infra.framework.file.core.client.s3.S3FileClientConfig\",\"endpoint\":\"obs.cn-east-3.myhuaweicloud.com\",\"domain\":\"\",\"bucket\":\"yudao\",\"accessKey\":\"PVDONDEIOTW88LF8DC4U\",\"accessSecret\":\"X\"}', '1', '2024-11-09 17:18:41', '1', '2024-11-09 18:15:49', b'0');
INSERT INTO `infra_file_config` (`id`, `name`, `storage`, `remark`, `master`, `config`, `creator`, `create_time`, `updater`, `update_time`, `deleted`) VALUES (28, 'MinIO 存储（示例）', 20, '', b'0', '{\"@class\":\"cn.iocoder.yudao.module.infra.framework.file.core.client.s3.S3FileClientConfig\",\"endpoint\":\"http://127.0.0.1:9000\",\"domain\":\"http://127.0.0.1:9000/yudao\",\"bucket\":\"yudao\",\"accessKey\":\"admin\",\"accessSecret\":\"password\"}', '1', '2024-11-09 17:43:10', '1', '2024-11-09 18:15:52', b'0');
COMMIT;

-- ----------------------------
-- Table structure for infra_file_content
-- ----------------------------
DROP TABLE IF EXISTS `infra_file_content`;
CREATE TABLE `infra_file_content` (
  `id` bigint NOT NULL AUTO_INCREMENT COMMENT '编号',
  `config_id` bigint NOT NULL COMMENT '配置编号',
  `path` varchar(512) CHARACTER SET utf8mb4 COLLATE utf8mb4_unicode_ci NOT NULL COMMENT '文件路径',
  `content` mediumblob NOT NULL COMMENT '文件内容',
  `creator` varchar(64) CHARACTER SET utf8mb4 COLLATE utf8mb4_unicode_ci DEFAULT '' COMMENT '创建者',
  `create_time` datetime NOT NULL DEFAULT CURRENT_TIMESTAMP COMMENT '创建时间',
  `updater` varchar(64) CHARACTER SET utf8mb4 COLLATE utf8mb4_unicode_ci DEFAULT '' COMMENT '更新者',
  `update_time` datetime NOT NULL DEFAULT CURRENT_TIMESTAMP ON UPDATE CURRENT_TIMESTAMP COMMENT '更新时间',
  `deleted` bit(1) NOT NULL DEFAULT b'0' COMMENT '是否删除',
  PRIMARY KEY (`id`) USING BTREE
) ENGINE=InnoDB AUTO_INCREMENT=283 DEFAULT CHARSET=utf8mb4 COLLATE=utf8mb4_unicode_ci COMMENT='文件表';

-- ----------------------------
-- Records of infra_file_content
-- ----------------------------
BEGIN;
COMMIT;

-- ----------------------------
-- Table structure for infra_job
-- ----------------------------
DROP TABLE IF EXISTS `infra_job`;
CREATE TABLE `infra_job` (
  `id` bigint NOT NULL AUTO_INCREMENT COMMENT '任务编号',
  `name` varchar(32) CHARACTER SET utf8mb4 COLLATE utf8mb4_unicode_ci NOT NULL COMMENT '任务名称',
  `status` tinyint NOT NULL COMMENT '任务状态',
  `handler_name` varchar(64) CHARACTER SET utf8mb4 COLLATE utf8mb4_unicode_ci NOT NULL COMMENT '处理器的名字',
  `handler_param` varchar(255) CHARACTER SET utf8mb4 COLLATE utf8mb4_unicode_ci DEFAULT NULL COMMENT '处理器的参数',
  `cron_expression` varchar(32) CHARACTER SET utf8mb4 COLLATE utf8mb4_unicode_ci NOT NULL COMMENT 'CRON 表达式',
  `retry_count` int NOT NULL DEFAULT '0' COMMENT '重试次数',
  `retry_interval` int NOT NULL DEFAULT '0' COMMENT '重试间隔',
  `monitor_timeout` int NOT NULL DEFAULT '0' COMMENT '监控超时时间',
  `creator` varchar(64) CHARACTER SET utf8mb4 COLLATE utf8mb4_unicode_ci DEFAULT '' COMMENT '创建者',
  `create_time` datetime NOT NULL DEFAULT CURRENT_TIMESTAMP COMMENT '创建时间',
  `updater` varchar(64) CHARACTER SET utf8mb4 COLLATE utf8mb4_unicode_ci DEFAULT '' COMMENT '更新者',
  `update_time` datetime NOT NULL DEFAULT CURRENT_TIMESTAMP ON UPDATE CURRENT_TIMESTAMP COMMENT '更新时间',
  `deleted` bit(1) NOT NULL DEFAULT b'0' COMMENT '是否删除',
  PRIMARY KEY (`id`) USING BTREE
) ENGINE=InnoDB AUTO_INCREMENT=34 DEFAULT CHARSET=utf8mb4 COLLATE=utf8mb4_unicode_ci COMMENT='定时任务表';

-- ----------------------------
-- Records of infra_job
-- ----------------------------
BEGIN;
INSERT INTO `infra_job` (`id`, `name`, `status`, `handler_name`, `handler_param`, `cron_expression`, `retry_count`, `retry_interval`, `monitor_timeout`, `creator`, `create_time`, `updater`, `update_time`, `deleted`) VALUES (33, 'demoJob', 2, 'demoJob', '', '0 * * * * ?', 1, 1, 0, '1', '2024-10-27 19:38:46', '1', '2024-10-27 19:40:23', b'0');
COMMIT;

-- ----------------------------
-- Table structure for infra_job_log
-- ----------------------------
DROP TABLE IF EXISTS `infra_job_log`;
CREATE TABLE `infra_job_log` (
  `id` bigint NOT NULL AUTO_INCREMENT COMMENT '日志编号',
  `job_id` bigint NOT NULL COMMENT '任务编号',
  `handler_name` varchar(64) CHARACTER SET utf8mb4 COLLATE utf8mb4_unicode_ci NOT NULL COMMENT '处理器的名字',
  `handler_param` varchar(255) CHARACTER SET utf8mb4 COLLATE utf8mb4_unicode_ci DEFAULT NULL COMMENT '处理器的参数',
  `execute_index` tinyint NOT NULL DEFAULT '1' COMMENT '第几次执行',
  `begin_time` datetime NOT NULL COMMENT '开始执行时间',
  `end_time` datetime DEFAULT NULL COMMENT '结束执行时间',
  `duration` int DEFAULT NULL COMMENT '执行时长',
  `status` tinyint NOT NULL COMMENT '任务状态',
  `result` varchar(4000) CHARACTER SET utf8mb4 COLLATE utf8mb4_unicode_ci DEFAULT '' COMMENT '结果数据',
  `creator` varchar(64) CHARACTER SET utf8mb4 COLLATE utf8mb4_unicode_ci DEFAULT '' COMMENT '创建者',
  `create_time` datetime NOT NULL DEFAULT CURRENT_TIMESTAMP COMMENT '创建时间',
  `updater` varchar(64) CHARACTER SET utf8mb4 COLLATE utf8mb4_unicode_ci DEFAULT '' COMMENT '更新者',
  `update_time` datetime NOT NULL DEFAULT CURRENT_TIMESTAMP ON UPDATE CURRENT_TIMESTAMP COMMENT '更新时间',
  `deleted` bit(1) NOT NULL DEFAULT b'0' COMMENT '是否删除',
  PRIMARY KEY (`id`) USING BTREE
) ENGINE=InnoDB AUTO_INCREMENT=638 DEFAULT CHARSET=utf8mb4 COLLATE=utf8mb4_unicode_ci COMMENT='定时任务日志表';

-- ----------------------------
-- Records of infra_job_log
-- ----------------------------
BEGIN;
COMMIT;

-- ----------------------------
-- Table structure for system_dept
-- ----------------------------
DROP TABLE IF EXISTS `system_dept`;
CREATE TABLE `system_dept` (
  `id` bigint NOT NULL AUTO_INCREMENT COMMENT '部门id',
  `name` varchar(30) CHARACTER SET utf8mb4 COLLATE utf8mb4_unicode_ci NOT NULL DEFAULT '' COMMENT '部门名称',
  `parent_id` bigint NOT NULL DEFAULT '0' COMMENT '父部门id',
  `sort` int NOT NULL DEFAULT '0' COMMENT '显示顺序',
  `leader_user_id` bigint DEFAULT NULL COMMENT '负责人',
  `phone` varchar(11) CHARACTER SET utf8mb4 COLLATE utf8mb4_unicode_ci DEFAULT NULL COMMENT '联系电话',
  `email` varchar(50) CHARACTER SET utf8mb4 COLLATE utf8mb4_unicode_ci DEFAULT NULL COMMENT '邮箱',
  `status` tinyint NOT NULL COMMENT '部门状态（0正常 1停用）',
  `creator` varchar(64) CHARACTER SET utf8mb4 COLLATE utf8mb4_unicode_ci DEFAULT '' COMMENT '创建者',
  `create_time` datetime NOT NULL DEFAULT CURRENT_TIMESTAMP COMMENT '创建时间',
  `updater` varchar(64) CHARACTER SET utf8mb4 COLLATE utf8mb4_unicode_ci DEFAULT '' COMMENT '更新者',
  `update_time` datetime NOT NULL DEFAULT CURRENT_TIMESTAMP ON UPDATE CURRENT_TIMESTAMP COMMENT '更新时间',
  `deleted` bit(1) NOT NULL DEFAULT b'0' COMMENT '是否删除',
  PRIMARY KEY (`id`) USING BTREE
) ENGINE=InnoDB AUTO_INCREMENT=115 DEFAULT CHARSET=utf8mb4 COLLATE=utf8mb4_unicode_ci COMMENT='部门表';

-- ----------------------------
-- Records of system_dept
-- ----------------------------
BEGIN;
INSERT INTO `system_dept` (`id`, `name`, `parent_id`, `sort`, `leader_user_id`, `phone`, `email`, `status`, `creator`, `create_time`, `updater`, `update_time`, `deleted`) VALUES (100, '勇哥Java实战', 0, 0, 1, '15888888888', 'ry@qq.com', 0, 'admin', '2021-01-05 17:03:47', '1', '2023-11-14 23:30:36', b'0');
INSERT INTO `system_dept` (`id`, `name`, `parent_id`, `sort`, `leader_user_id`, `phone`, `email`, `status`, `creator`, `create_time`, `updater`, `update_time`, `deleted`) VALUES (101, '深圳总公司', 100, 1, 104, '15888888888', 'ry@qq.com', 0, 'admin', '2021-01-05 17:03:47', '1', '2023-12-02 09:53:35', b'0');
INSERT INTO `system_dept` (`id`, `name`, `parent_id`, `sort`, `leader_user_id`, `phone`, `email`, `status`, `creator`, `create_time`, `updater`, `update_time`, `deleted`) VALUES (102, '长沙分公司', 100, 2, NULL, '15888888888', 'ry@qq.com', 0, 'admin', '2021-01-05 17:03:47', '', '2021-12-15 05:01:40', b'0');
INSERT INTO `system_dept` (`id`, `name`, `parent_id`, `sort`, `leader_user_id`, `phone`, `email`, `status`, `creator`, `create_time`, `updater`, `update_time`, `deleted`) VALUES (103, '研发部门', 101, 1, 1, '15888888888', 'ry@qq.com', 0, 'admin', '2021-01-05 17:03:47', '1', '2024-10-02 10:22:03', b'0');
INSERT INTO `system_dept` (`id`, `name`, `parent_id`, `sort`, `leader_user_id`, `phone`, `email`, `status`, `creator`, `create_time`, `updater`, `update_time`, `deleted`) VALUES (104, '市场部门', 101, 2, NULL, '15888888888', 'ry@qq.com', 0, 'admin', '2021-01-05 17:03:47', '', '2021-12-15 05:01:38', b'0');
INSERT INTO `system_dept` (`id`, `name`, `parent_id`, `sort`, `leader_user_id`, `phone`, `email`, `status`, `creator`, `create_time`, `updater`, `update_time`, `deleted`) VALUES (105, '测试部门', 101, 3, NULL, '15888888888', 'ry@qq.com', 0, 'admin', '2021-01-05 17:03:47', '1', '2022-05-16 20:25:15', b'0');
INSERT INTO `system_dept` (`id`, `name`, `parent_id`, `sort`, `leader_user_id`, `phone`, `email`, `status`, `creator`, `create_time`, `updater`, `update_time`, `deleted`) VALUES (106, '财务部门', 101, 4, 103, '15888888888', 'ry@qq.com', 0, 'admin', '2021-01-05 17:03:47', '103', '2022-01-15 21:32:22', b'0');
INSERT INTO `system_dept` (`id`, `name`, `parent_id`, `sort`, `leader_user_id`, `phone`, `email`, `status`, `creator`, `create_time`, `updater`, `update_time`, `deleted`) VALUES (107, '运维部门', 101, 5, 1, '15888888888', 'ry@qq.com', 0, 'admin', '2021-01-05 17:03:47', '1', '2023-12-02 09:28:22', b'0');
INSERT INTO `system_dept` (`id`, `name`, `parent_id`, `sort`, `leader_user_id`, `phone`, `email`, `status`, `creator`, `create_time`, `updater`, `update_time`, `deleted`) VALUES (108, '市场部门', 102, 1, NULL, '15888888888', 'ry@qq.com', 0, 'admin', '2021-01-05 17:03:47', '1', '2022-02-16 08:35:45', b'0');
INSERT INTO `system_dept` (`id`, `name`, `parent_id`, `sort`, `leader_user_id`, `phone`, `email`, `status`, `creator`, `create_time`, `updater`, `update_time`, `deleted`) VALUES (109, '财务部门', 102, 2, NULL, '15888888888', 'ry@qq.com', 0, 'admin', '2021-01-05 17:03:47', '', '2021-12-15 05:01:29', b'0');
COMMIT;

-- ----------------------------
-- Table structure for system_dict_data
-- ----------------------------
DROP TABLE IF EXISTS `system_dict_data`;
CREATE TABLE `system_dict_data` (
  `id` bigint NOT NULL AUTO_INCREMENT COMMENT '字典编码',
  `sort` int NOT NULL DEFAULT '0' COMMENT '字典排序',
  `label` varchar(100) CHARACTER SET utf8mb4 COLLATE utf8mb4_unicode_ci NOT NULL DEFAULT '' COMMENT '字典标签',
  `value` varchar(100) CHARACTER SET utf8mb4 COLLATE utf8mb4_unicode_ci NOT NULL DEFAULT '' COMMENT '字典键值',
  `dict_type` varchar(100) CHARACTER SET utf8mb4 COLLATE utf8mb4_unicode_ci NOT NULL DEFAULT '' COMMENT '字典类型',
  `status` tinyint NOT NULL DEFAULT '0' COMMENT '状态（0正常 1停用）',
  `color_type` varchar(100) CHARACTER SET utf8mb4 COLLATE utf8mb4_unicode_ci DEFAULT '' COMMENT '颜色类型',
  `css_class` varchar(100) CHARACTER SET utf8mb4 COLLATE utf8mb4_unicode_ci DEFAULT '' COMMENT 'css 样式',
  `remark` varchar(500) CHARACTER SET utf8mb4 COLLATE utf8mb4_unicode_ci DEFAULT NULL COMMENT '备注',
  `creator` varchar(64) CHARACTER SET utf8mb4 COLLATE utf8mb4_unicode_ci DEFAULT '' COMMENT '创建者',
  `create_time` datetime NOT NULL DEFAULT CURRENT_TIMESTAMP COMMENT '创建时间',
  `updater` varchar(64) CHARACTER SET utf8mb4 COLLATE utf8mb4_unicode_ci DEFAULT '' COMMENT '更新者',
  `update_time` datetime NOT NULL DEFAULT CURRENT_TIMESTAMP ON UPDATE CURRENT_TIMESTAMP COMMENT '更新时间',
  `deleted` bit(1) NOT NULL DEFAULT b'0' COMMENT '是否删除',
  PRIMARY KEY (`id`) USING BTREE
) ENGINE=InnoDB AUTO_INCREMENT=3000 DEFAULT CHARSET=utf8mb4 COLLATE=utf8mb4_unicode_ci COMMENT='字典数据表';

-- ----------------------------
-- Records of system_dict_data
-- ----------------------------
BEGIN;
INSERT INTO `system_dict_data` (`id`, `sort`, `label`, `value`, `dict_type`, `status`, `color_type`, `css_class`, `remark`, `creator`, `create_time`, `updater`, `update_time`, `deleted`) VALUES (1, 1, '男', '1', 'system_user_sex', 0, 'default', 'A', '性别男', 'admin', '2021-01-05 17:03:48', '1', '2022-03-29 00:14:39', b'0');
INSERT INTO `system_dict_data` (`id`, `sort`, `label`, `value`, `dict_type`, `status`, `color_type`, `css_class`, `remark`, `creator`, `create_time`, `updater`, `update_time`, `deleted`) VALUES (2, 2, '女', '2', 'system_user_sex', 0, 'success', '', '性别女', 'admin', '2021-01-05 17:03:48', '1', '2023-11-15 23:30:37', b'0');
INSERT INTO `system_dict_data` (`id`, `sort`, `label`, `value`, `dict_type`, `status`, `color_type`, `css_class`, `remark`, `creator`, `create_time`, `updater`, `update_time`, `deleted`) VALUES (8, 1, '正常', '1', 'infra_job_status', 0, 'success', '', '正常状态', 'admin', '2021-01-05 17:03:48', '1', '2022-02-16 19:33:38', b'0');
INSERT INTO `system_dict_data` (`id`, `sort`, `label`, `value`, `dict_type`, `status`, `color_type`, `css_class`, `remark`, `creator`, `create_time`, `updater`, `update_time`, `deleted`) VALUES (9, 2, '暂停', '2', 'infra_job_status', 0, 'danger', '', '停用状态', 'admin', '2021-01-05 17:03:48', '1', '2022-02-16 19:33:45', b'0');
INSERT INTO `system_dict_data` (`id`, `sort`, `label`, `value`, `dict_type`, `status`, `color_type`, `css_class`, `remark`, `creator`, `create_time`, `updater`, `update_time`, `deleted`) VALUES (12, 1, '系统内置', '1', 'infra_config_type', 0, 'danger', '', '参数类型 - 系统内置', 'admin', '2021-01-05 17:03:48', '1', '2022-02-16 19:06:02', b'0');
INSERT INTO `system_dict_data` (`id`, `sort`, `label`, `value`, `dict_type`, `status`, `color_type`, `css_class`, `remark`, `creator`, `create_time`, `updater`, `update_time`, `deleted`) VALUES (13, 2, '自定义', '2', 'infra_config_type', 0, 'primary', '', '参数类型 - 自定义', 'admin', '2021-01-05 17:03:48', '1', '2022-02-16 19:06:07', b'0');
INSERT INTO `system_dict_data` (`id`, `sort`, `label`, `value`, `dict_type`, `status`, `color_type`, `css_class`, `remark`, `creator`, `create_time`, `updater`, `update_time`, `deleted`) VALUES (14, 1, '通知', '1', 'system_notice_type', 0, 'success', '', '通知', 'admin', '2021-01-05 17:03:48', '1', '2022-02-16 13:05:57', b'0');
INSERT INTO `system_dict_data` (`id`, `sort`, `label`, `value`, `dict_type`, `status`, `color_type`, `css_class`, `remark`, `creator`, `create_time`, `updater`, `update_time`, `deleted`) VALUES (15, 2, '公告', '2', 'system_notice_type', 0, 'info', '', '公告', 'admin', '2021-01-05 17:03:48', '1', '2022-02-16 13:06:01', b'0');
INSERT INTO `system_dict_data` (`id`, `sort`, `label`, `value`, `dict_type`, `status`, `color_type`, `css_class`, `remark`, `creator`, `create_time`, `updater`, `update_time`, `deleted`) VALUES (16, 0, '其它', '0', 'infra_operate_type', 0, 'default', '', '其它操作', 'admin', '2021-01-05 17:03:48', '1', '2024-03-14 12:44:19', b'0');
INSERT INTO `system_dict_data` (`id`, `sort`, `label`, `value`, `dict_type`, `status`, `color_type`, `css_class`, `remark`, `creator`, `create_time`, `updater`, `update_time`, `deleted`) VALUES (17, 1, '查询', '1', 'infra_operate_type', 0, 'info', '', '查询操作', 'admin', '2021-01-05 17:03:48', '1', '2024-03-14 12:44:20', b'0');
INSERT INTO `system_dict_data` (`id`, `sort`, `label`, `value`, `dict_type`, `status`, `color_type`, `css_class`, `remark`, `creator`, `create_time`, `updater`, `update_time`, `deleted`) VALUES (18, 2, '新增', '2', 'infra_operate_type', 0, 'primary', '', '新增操作', 'admin', '2021-01-05 17:03:48', '1', '2024-03-14 12:44:21', b'0');
INSERT INTO `system_dict_data` (`id`, `sort`, `label`, `value`, `dict_type`, `status`, `color_type`, `css_class`, `remark`, `creator`, `create_time`, `updater`, `update_time`, `deleted`) VALUES (19, 3, '修改', '3', 'infra_operate_type', 0, 'warning', '', '修改操作', 'admin', '2021-01-05 17:03:48', '1', '2024-03-14 12:44:22', b'0');
INSERT INTO `system_dict_data` (`id`, `sort`, `label`, `value`, `dict_type`, `status`, `color_type`, `css_class`, `remark`, `creator`, `create_time`, `updater`, `update_time`, `deleted`) VALUES (20, 4, '删除', '4', 'infra_operate_type', 0, 'danger', '', '删除操作', 'admin', '2021-01-05 17:03:48', '1', '2024-03-14 12:44:23', b'0');
INSERT INTO `system_dict_data` (`id`, `sort`, `label`, `value`, `dict_type`, `status`, `color_type`, `css_class`, `remark`, `creator`, `create_time`, `updater`, `update_time`, `deleted`) VALUES (22, 5, '导出', '5', 'infra_operate_type', 0, 'default', '', '导出操作', 'admin', '2021-01-05 17:03:48', '1', '2024-03-14 12:44:24', b'0');
INSERT INTO `system_dict_data` (`id`, `sort`, `label`, `value`, `dict_type`, `status`, `color_type`, `css_class`, `remark`, `creator`, `create_time`, `updater`, `update_time`, `deleted`) VALUES (23, 6, '导入', '6', 'infra_operate_type', 0, 'default', '', '导入操作', 'admin', '2021-01-05 17:03:48', '1', '2024-03-14 12:44:25', b'0');
INSERT INTO `system_dict_data` (`id`, `sort`, `label`, `value`, `dict_type`, `status`, `color_type`, `css_class`, `remark`, `creator`, `create_time`, `updater`, `update_time`, `deleted`) VALUES (27, 1, '开启', '0', 'common_status', 0, 'primary', '', '开启状态', 'admin', '2021-01-05 17:03:48', '1', '2022-02-16 08:00:39', b'0');
INSERT INTO `system_dict_data` (`id`, `sort`, `label`, `value`, `dict_type`, `status`, `color_type`, `css_class`, `remark`, `creator`, `create_time`, `updater`, `update_time`, `deleted`) VALUES (28, 2, '关闭', '1', 'common_status', 0, 'info', '', '关闭状态', 'admin', '2021-01-05 17:03:48', '1', '2022-02-16 08:00:44', b'0');
INSERT INTO `system_dict_data` (`id`, `sort`, `label`, `value`, `dict_type`, `status`, `color_type`, `css_class`, `remark`, `creator`, `create_time`, `updater`, `update_time`, `deleted`) VALUES (29, 1, '目录', '1', 'system_menu_type', 0, '', '', '目录', 'admin', '2021-01-05 17:03:48', '', '2022-02-01 16:43:45', b'0');
INSERT INTO `system_dict_data` (`id`, `sort`, `label`, `value`, `dict_type`, `status`, `color_type`, `css_class`, `remark`, `creator`, `create_time`, `updater`, `update_time`, `deleted`) VALUES (30, 2, '菜单', '2', 'system_menu_type', 0, '', '', '菜单', 'admin', '2021-01-05 17:03:48', '', '2022-02-01 16:43:41', b'0');
INSERT INTO `system_dict_data` (`id`, `sort`, `label`, `value`, `dict_type`, `status`, `color_type`, `css_class`, `remark`, `creator`, `create_time`, `updater`, `update_time`, `deleted`) VALUES (31, 3, '按钮', '3', 'system_menu_type', 0, '', '', '按钮', 'admin', '2021-01-05 17:03:48', '', '2022-02-01 16:43:39', b'0');
INSERT INTO `system_dict_data` (`id`, `sort`, `label`, `value`, `dict_type`, `status`, `color_type`, `css_class`, `remark`, `creator`, `create_time`, `updater`, `update_time`, `deleted`) VALUES (32, 1, '内置', '1', 'system_role_type', 0, 'danger', '', '内置角色', 'admin', '2021-01-05 17:03:48', '1', '2022-02-16 13:02:08', b'0');
INSERT INTO `system_dict_data` (`id`, `sort`, `label`, `value`, `dict_type`, `status`, `color_type`, `css_class`, `remark`, `creator`, `create_time`, `updater`, `update_time`, `deleted`) VALUES (33, 2, '自定义', '2', 'system_role_type', 0, 'primary', '', '自定义角色', 'admin', '2021-01-05 17:03:48', '1', '2022-02-16 13:02:12', b'0');
INSERT INTO `system_dict_data` (`id`, `sort`, `label`, `value`, `dict_type`, `status`, `color_type`, `css_class`, `remark`, `creator`, `create_time`, `updater`, `update_time`, `deleted`) VALUES (34, 1, '全部数据权限', '1', 'system_data_scope', 0, '', '', '全部数据权限', 'admin', '2021-01-05 17:03:48', '', '2022-02-01 16:47:17', b'0');
INSERT INTO `system_dict_data` (`id`, `sort`, `label`, `value`, `dict_type`, `status`, `color_type`, `css_class`, `remark`, `creator`, `create_time`, `updater`, `update_time`, `deleted`) VALUES (35, 2, '指定部门数据权限', '2', 'system_data_scope', 0, '', '', '指定部门数据权限', 'admin', '2021-01-05 17:03:48', '', '2022-02-01 16:47:18', b'0');
INSERT INTO `system_dict_data` (`id`, `sort`, `label`, `value`, `dict_type`, `status`, `color_type`, `css_class`, `remark`, `creator`, `create_time`, `updater`, `update_time`, `deleted`) VALUES (36, 3, '本部门数据权限', '3', 'system_data_scope', 0, '', '', '本部门数据权限', 'admin', '2021-01-05 17:03:48', '', '2022-02-01 16:47:16', b'0');
INSERT INTO `system_dict_data` (`id`, `sort`, `label`, `value`, `dict_type`, `status`, `color_type`, `css_class`, `remark`, `creator`, `create_time`, `updater`, `update_time`, `deleted`) VALUES (37, 4, '本部门及以下数据权限', '4', 'system_data_scope', 0, '', '', '本部门及以下数据权限', 'admin', '2021-01-05 17:03:48', '', '2022-02-01 16:47:21', b'0');
INSERT INTO `system_dict_data` (`id`, `sort`, `label`, `value`, `dict_type`, `status`, `color_type`, `css_class`, `remark`, `creator`, `create_time`, `updater`, `update_time`, `deleted`) VALUES (38, 5, '仅本人数据权限', '5', 'system_data_scope', 0, '', '', '仅本人数据权限', 'admin', '2021-01-05 17:03:48', '', '2022-02-01 16:47:23', b'0');
INSERT INTO `system_dict_data` (`id`, `sort`, `label`, `value`, `dict_type`, `status`, `color_type`, `css_class`, `remark`, `creator`, `create_time`, `updater`, `update_time`, `deleted`) VALUES (39, 0, '成功', '0', 'system_login_result', 0, 'success', '', '登陆结果 - 成功', '', '2021-01-18 06:17:36', '1', '2022-02-16 13:23:49', b'0');
INSERT INTO `system_dict_data` (`id`, `sort`, `label`, `value`, `dict_type`, `status`, `color_type`, `css_class`, `remark`, `creator`, `create_time`, `updater`, `update_time`, `deleted`) VALUES (40, 10, '账号或密码不正确', '10', 'system_login_result', 0, 'primary', '', '登陆结果 - 账号或密码不正确', '', '2021-01-18 06:17:54', '1', '2022-02-16 13:24:27', b'0');
INSERT INTO `system_dict_data` (`id`, `sort`, `label`, `value`, `dict_type`, `status`, `color_type`, `css_class`, `remark`, `creator`, `create_time`, `updater`, `update_time`, `deleted`) VALUES (41, 20, '用户被禁用', '20', 'system_login_result', 0, 'warning', '', '登陆结果 - 用户被禁用', '', '2021-01-18 06:17:54', '1', '2022-02-16 13:23:57', b'0');
INSERT INTO `system_dict_data` (`id`, `sort`, `label`, `value`, `dict_type`, `status`, `color_type`, `css_class`, `remark`, `creator`, `create_time`, `updater`, `update_time`, `deleted`) VALUES (42, 30, '验证码不存在', '30', 'system_login_result', 0, 'info', '', '登陆结果 - 验证码不存在', '', '2021-01-18 06:17:54', '1', '2022-02-16 13:24:07', b'0');
INSERT INTO `system_dict_data` (`id`, `sort`, `label`, `value`, `dict_type`, `status`, `color_type`, `css_class`, `remark`, `creator`, `create_time`, `updater`, `update_time`, `deleted`) VALUES (43, 31, '验证码不正确', '31', 'system_login_result', 0, 'info', '', '登陆结果 - 验证码不正确', '', '2021-01-18 06:17:54', '1', '2022-02-16 13:24:11', b'0');
INSERT INTO `system_dict_data` (`id`, `sort`, `label`, `value`, `dict_type`, `status`, `color_type`, `css_class`, `remark`, `creator`, `create_time`, `updater`, `update_time`, `deleted`) VALUES (44, 100, '未知异常', '100', 'system_login_result', 0, 'danger', '', '登陆结果 - 未知异常', '', '2021-01-18 06:17:54', '1', '2022-02-16 13:24:23', b'0');
INSERT INTO `system_dict_data` (`id`, `sort`, `label`, `value`, `dict_type`, `status`, `color_type`, `css_class`, `remark`, `creator`, `create_time`, `updater`, `update_time`, `deleted`) VALUES (45, 1, '是', 'true', 'infra_boolean_string', 0, 'danger', '', 'Boolean 是否类型 - 是', '', '2021-01-19 03:20:55', '1', '2022-03-15 23:01:45', b'0');
INSERT INTO `system_dict_data` (`id`, `sort`, `label`, `value`, `dict_type`, `status`, `color_type`, `css_class`, `remark`, `creator`, `create_time`, `updater`, `update_time`, `deleted`) VALUES (46, 1, '否', 'false', 'infra_boolean_string', 0, 'info', '', 'Boolean 是否类型 - 否', '', '2021-01-19 03:20:55', '1', '2022-03-15 23:09:45', b'0');
INSERT INTO `system_dict_data` (`id`, `sort`, `label`, `value`, `dict_type`, `status`, `color_type`, `css_class`, `remark`, `creator`, `create_time`, `updater`, `update_time`, `deleted`) VALUES (50, 1, '单表（增删改查）', '1', 'infra_codegen_template_type', 0, '', '', NULL, '', '2021-02-05 07:09:06', '', '2022-03-10 16:33:15', b'0');
INSERT INTO `system_dict_data` (`id`, `sort`, `label`, `value`, `dict_type`, `status`, `color_type`, `css_class`, `remark`, `creator`, `create_time`, `updater`, `update_time`, `deleted`) VALUES (51, 2, '树表（增删改查）', '2', 'infra_codegen_template_type', 0, '', '', NULL, '', '2021-02-05 07:14:46', '', '2022-03-10 16:33:19', b'0');
INSERT INTO `system_dict_data` (`id`, `sort`, `label`, `value`, `dict_type`, `status`, `color_type`, `css_class`, `remark`, `creator`, `create_time`, `updater`, `update_time`, `deleted`) VALUES (53, 0, '初始化中', '0', 'infra_job_status', 0, 'primary', '', NULL, '', '2021-02-07 07:46:49', '1', '2022-02-16 19:33:29', b'0');
INSERT INTO `system_dict_data` (`id`, `sort`, `label`, `value`, `dict_type`, `status`, `color_type`, `css_class`, `remark`, `creator`, `create_time`, `updater`, `update_time`, `deleted`) VALUES (57, 0, '运行中', '0', 'infra_job_log_status', 0, 'primary', '', 'RUNNING', '', '2021-02-08 10:04:24', '1', '2022-02-16 19:07:48', b'0');
INSERT INTO `system_dict_data` (`id`, `sort`, `label`, `value`, `dict_type`, `status`, `color_type`, `css_class`, `remark`, `creator`, `create_time`, `updater`, `update_time`, `deleted`) VALUES (58, 1, '成功', '1', 'infra_job_log_status', 0, 'success', '', NULL, '', '2021-02-08 10:06:57', '1', '2022-02-16 19:07:52', b'0');
INSERT INTO `system_dict_data` (`id`, `sort`, `label`, `value`, `dict_type`, `status`, `color_type`, `css_class`, `remark`, `creator`, `create_time`, `updater`, `update_time`, `deleted`) VALUES (59, 2, '失败', '2', 'infra_job_log_status', 0, 'warning', '', '失败', '', '2021-02-08 10:07:38', '1', '2022-02-16 19:07:56', b'0');
INSERT INTO `system_dict_data` (`id`, `sort`, `label`, `value`, `dict_type`, `status`, `color_type`, `css_class`, `remark`, `creator`, `create_time`, `updater`, `update_time`, `deleted`) VALUES (60, 1, '会员', '1', 'user_type', 0, 'primary', '', NULL, '', '2021-02-26 00:16:27', '1', '2022-02-16 10:22:19', b'0');
INSERT INTO `system_dict_data` (`id`, `sort`, `label`, `value`, `dict_type`, `status`, `color_type`, `css_class`, `remark`, `creator`, `create_time`, `updater`, `update_time`, `deleted`) VALUES (61, 2, '管理员', '2', 'user_type', 0, 'success', '', NULL, '', '2021-02-26 00:16:34', '1', '2022-02-16 10:22:22', b'0');
INSERT INTO `system_dict_data` (`id`, `sort`, `label`, `value`, `dict_type`, `status`, `color_type`, `css_class`, `remark`, `creator`, `create_time`, `updater`, `update_time`, `deleted`) VALUES (62, 0, '未处理', '0', 'infra_api_error_log_process_status', 0, 'primary', '', NULL, '', '2021-02-26 07:07:19', '1', '2022-02-16 20:14:17', b'0');
INSERT INTO `system_dict_data` (`id`, `sort`, `label`, `value`, `dict_type`, `status`, `color_type`, `css_class`, `remark`, `creator`, `create_time`, `updater`, `update_time`, `deleted`) VALUES (63, 1, '已处理', '1', 'infra_api_error_log_process_status', 0, 'success', '', NULL, '', '2021-02-26 07:07:26', '1', '2022-02-16 20:14:08', b'0');
INSERT INTO `system_dict_data` (`id`, `sort`, `label`, `value`, `dict_type`, `status`, `color_type`, `css_class`, `remark`, `creator`, `create_time`, `updater`, `update_time`, `deleted`) VALUES (64, 2, '已忽略', '2', 'infra_api_error_log_process_status', 0, 'danger', '', NULL, '', '2021-02-26 07:07:34', '1', '2022-02-16 20:14:14', b'0');
INSERT INTO `system_dict_data` (`id`, `sort`, `label`, `value`, `dict_type`, `status`, `color_type`, `css_class`, `remark`, `creator`, `create_time`, `updater`, `update_time`, `deleted`) VALUES (66, 1, '阿里云', 'ALIYUN', 'system_sms_channel_code', 0, 'primary', '', NULL, '1', '2021-04-05 01:05:26', '1', '2024-07-22 22:23:25', b'0');
INSERT INTO `system_dict_data` (`id`, `sort`, `label`, `value`, `dict_type`, `status`, `color_type`, `css_class`, `remark`, `creator`, `create_time`, `updater`, `update_time`, `deleted`) VALUES (67, 1, '验证码', '1', 'system_sms_template_type', 0, 'warning', '', NULL, '1', '2021-04-05 21:50:57', '1', '2022-02-16 12:48:30', b'0');
INSERT INTO `system_dict_data` (`id`, `sort`, `label`, `value`, `dict_type`, `status`, `color_type`, `css_class`, `remark`, `creator`, `create_time`, `updater`, `update_time`, `deleted`) VALUES (68, 2, '通知', '2', 'system_sms_template_type', 0, 'primary', '', NULL, '1', '2021-04-05 21:51:08', '1', '2022-02-16 12:48:27', b'0');
INSERT INTO `system_dict_data` (`id`, `sort`, `label`, `value`, `dict_type`, `status`, `color_type`, `css_class`, `remark`, `creator`, `create_time`, `updater`, `update_time`, `deleted`) VALUES (69, 0, '营销', '3', 'system_sms_template_type', 0, 'danger', '', NULL, '1', '2021-04-05 21:51:15', '1', '2022-02-16 12:48:22', b'0');
INSERT INTO `system_dict_data` (`id`, `sort`, `label`, `value`, `dict_type`, `status`, `color_type`, `css_class`, `remark`, `creator`, `create_time`, `updater`, `update_time`, `deleted`) VALUES (70, 0, '初始化', '0', 'system_sms_send_status', 0, 'primary', '', NULL, '1', '2021-04-11 20:18:33', '1', '2022-02-16 10:26:07', b'0');
INSERT INTO `system_dict_data` (`id`, `sort`, `label`, `value`, `dict_type`, `status`, `color_type`, `css_class`, `remark`, `creator`, `create_time`, `updater`, `update_time`, `deleted`) VALUES (71, 1, '发送成功', '10', 'system_sms_send_status', 0, 'success', '', NULL, '1', '2021-04-11 20:18:43', '1', '2022-02-16 10:25:56', b'0');
INSERT INTO `system_dict_data` (`id`, `sort`, `label`, `value`, `dict_type`, `status`, `color_type`, `css_class`, `remark`, `creator`, `create_time`, `updater`, `update_time`, `deleted`) VALUES (72, 2, '发送失败', '20', 'system_sms_send_status', 0, 'danger', '', NULL, '1', '2021-04-11 20:18:49', '1', '2022-02-16 10:26:03', b'0');
INSERT INTO `system_dict_data` (`id`, `sort`, `label`, `value`, `dict_type`, `status`, `color_type`, `css_class`, `remark`, `creator`, `create_time`, `updater`, `update_time`, `deleted`) VALUES (73, 3, '不发送', '30', 'system_sms_send_status', 0, 'info', '', NULL, '1', '2021-04-11 20:19:44', '1', '2022-02-16 10:26:10', b'0');
INSERT INTO `system_dict_data` (`id`, `sort`, `label`, `value`, `dict_type`, `status`, `color_type`, `css_class`, `remark`, `creator`, `create_time`, `updater`, `update_time`, `deleted`) VALUES (74, 0, '等待结果', '0', 'system_sms_receive_status', 0, 'primary', '', NULL, '1', '2021-04-11 20:27:43', '1', '2022-02-16 10:28:24', b'0');
INSERT INTO `system_dict_data` (`id`, `sort`, `label`, `value`, `dict_type`, `status`, `color_type`, `css_class`, `remark`, `creator`, `create_time`, `updater`, `update_time`, `deleted`) VALUES (75, 1, '接收成功', '10', 'system_sms_receive_status', 0, 'success', '', NULL, '1', '2021-04-11 20:29:25', '1', '2022-02-16 10:28:28', b'0');
INSERT INTO `system_dict_data` (`id`, `sort`, `label`, `value`, `dict_type`, `status`, `color_type`, `css_class`, `remark`, `creator`, `create_time`, `updater`, `update_time`, `deleted`) VALUES (76, 2, '接收失败', '20', 'system_sms_receive_status', 0, 'danger', '', NULL, '1', '2021-04-11 20:29:31', '1', '2022-02-16 10:28:32', b'0');
INSERT INTO `system_dict_data` (`id`, `sort`, `label`, `value`, `dict_type`, `status`, `color_type`, `css_class`, `remark`, `creator`, `create_time`, `updater`, `update_time`, `deleted`) VALUES (77, 0, '调试(钉钉)', 'DEBUG_DING_TALK', 'system_sms_channel_code', 0, 'info', '', NULL, '1', '2021-04-13 00:20:37', '1', '2022-02-16 10:10:00', b'0');
INSERT INTO `system_dict_data` (`id`, `sort`, `label`, `value`, `dict_type`, `status`, `color_type`, `css_class`, `remark`, `creator`, `create_time`, `updater`, `update_time`, `deleted`) VALUES (80, 100, '账号登录', '100', 'system_login_type', 0, 'primary', '', '账号登录', '1', '2021-10-06 00:52:02', '1', '2022-02-16 13:11:34', b'0');
INSERT INTO `system_dict_data` (`id`, `sort`, `label`, `value`, `dict_type`, `status`, `color_type`, `css_class`, `remark`, `creator`, `create_time`, `updater`, `update_time`, `deleted`) VALUES (81, 101, '社交登录', '101', 'system_login_type', 0, 'info', '', '社交登录', '1', '2021-10-06 00:52:17', '1', '2022-02-16 13:11:40', b'0');
INSERT INTO `system_dict_data` (`id`, `sort`, `label`, `value`, `dict_type`, `status`, `color_type`, `css_class`, `remark`, `creator`, `create_time`, `updater`, `update_time`, `deleted`) VALUES (83, 200, '主动登出', '200', 'system_login_type', 0, 'primary', '', '主动登出', '1', '2021-10-06 00:52:58', '1', '2022-02-16 13:11:49', b'0');
INSERT INTO `system_dict_data` (`id`, `sort`, `label`, `value`, `dict_type`, `status`, `color_type`, `css_class`, `remark`, `creator`, `create_time`, `updater`, `update_time`, `deleted`) VALUES (85, 202, '强制登出', '202', 'system_login_type', 0, 'danger', '', '强制退出', '1', '2021-10-06 00:53:41', '1', '2022-02-16 13:11:57', b'0');
INSERT INTO `system_dict_data` (`id`, `sort`, `label`, `value`, `dict_type`, `status`, `color_type`, `css_class`, `remark`, `creator`, `create_time`, `updater`, `update_time`, `deleted`) VALUES (86, 0, '病假', '1', 'bpm_oa_leave_type', 0, 'primary', '', NULL, '1', '2021-09-21 22:35:28', '1', '2022-02-16 10:00:41', b'0');
INSERT INTO `system_dict_data` (`id`, `sort`, `label`, `value`, `dict_type`, `status`, `color_type`, `css_class`, `remark`, `creator`, `create_time`, `updater`, `update_time`, `deleted`) VALUES (87, 1, '事假', '2', 'bpm_oa_leave_type', 0, 'info', '', NULL, '1', '2021-09-21 22:36:11', '1', '2022-02-16 10:00:49', b'0');
INSERT INTO `system_dict_data` (`id`, `sort`, `label`, `value`, `dict_type`, `status`, `color_type`, `css_class`, `remark`, `creator`, `create_time`, `updater`, `update_time`, `deleted`) VALUES (88, 2, '婚假', '3', 'bpm_oa_leave_type', 0, 'warning', '', NULL, '1', '2021-09-21 22:36:38', '1', '2022-02-16 10:00:53', b'0');
INSERT INTO `system_dict_data` (`id`, `sort`, `label`, `value`, `dict_type`, `status`, `color_type`, `css_class`, `remark`, `creator`, `create_time`, `updater`, `update_time`, `deleted`) VALUES (112, 0, '微信 Wap 网站支付', 'wx_wap', 'pay_channel_code', 0, 'success', '', '微信 Wap 网站支付', '1', '2023-07-19 20:08:06', '1', '2023-07-19 20:09:08', b'0');
INSERT INTO `system_dict_data` (`id`, `sort`, `label`, `value`, `dict_type`, `status`, `color_type`, `css_class`, `remark`, `creator`, `create_time`, `updater`, `update_time`, `deleted`) VALUES (113, 1, '微信公众号支付', 'wx_pub', 'pay_channel_code', 0, 'success', '', '微信公众号支付', '1', '2021-12-03 10:40:24', '1', '2023-07-19 20:08:47', b'0');
INSERT INTO `system_dict_data` (`id`, `sort`, `label`, `value`, `dict_type`, `status`, `color_type`, `css_class`, `remark`, `creator`, `create_time`, `updater`, `update_time`, `deleted`) VALUES (114, 2, '微信小程序支付', 'wx_lite', 'pay_channel_code', 0, 'success', '', '微信小程序支付', '1', '2021-12-03 10:41:06', '1', '2023-07-19 20:08:50', b'0');
INSERT INTO `system_dict_data` (`id`, `sort`, `label`, `value`, `dict_type`, `status`, `color_type`, `css_class`, `remark`, `creator`, `create_time`, `updater`, `update_time`, `deleted`) VALUES (115, 3, '微信 App 支付', 'wx_app', 'pay_channel_code', 0, 'success', '', '微信 App 支付', '1', '2021-12-03 10:41:20', '1', '2023-07-19 20:08:56', b'0');
INSERT INTO `system_dict_data` (`id`, `sort`, `label`, `value`, `dict_type`, `status`, `color_type`, `css_class`, `remark`, `creator`, `create_time`, `updater`, `update_time`, `deleted`) VALUES (116, 10, '支付宝 PC 网站支付', 'alipay_pc', 'pay_channel_code', 0, 'primary', '', '支付宝 PC 网站支付', '1', '2021-12-03 10:42:09', '1', '2023-07-19 20:09:12', b'0');
INSERT INTO `system_dict_data` (`id`, `sort`, `label`, `value`, `dict_type`, `status`, `color_type`, `css_class`, `remark`, `creator`, `create_time`, `updater`, `update_time`, `deleted`) VALUES (117, 11, '支付宝 Wap 网站支付', 'alipay_wap', 'pay_channel_code', 0, 'primary', '', '支付宝 Wap 网站支付', '1', '2021-12-03 10:42:26', '1', '2023-07-19 20:09:16', b'0');
INSERT INTO `system_dict_data` (`id`, `sort`, `label`, `value`, `dict_type`, `status`, `color_type`, `css_class`, `remark`, `creator`, `create_time`, `updater`, `update_time`, `deleted`) VALUES (118, 12, '支付宝 App 支付', 'alipay_app', 'pay_channel_code', 0, 'primary', '', '支付宝 App 支付', '1', '2021-12-03 10:42:55', '1', '2023-07-19 20:09:20', b'0');
INSERT INTO `system_dict_data` (`id`, `sort`, `label`, `value`, `dict_type`, `status`, `color_type`, `css_class`, `remark`, `creator`, `create_time`, `updater`, `update_time`, `deleted`) VALUES (119, 14, '支付宝扫码支付', 'alipay_qr', 'pay_channel_code', 0, 'primary', '', '支付宝扫码支付', '1', '2021-12-03 10:43:10', '1', '2023-07-19 20:09:28', b'0');
INSERT INTO `system_dict_data` (`id`, `sort`, `label`, `value`, `dict_type`, `status`, `color_type`, `css_class`, `remark`, `creator`, `create_time`, `updater`, `update_time`, `deleted`) VALUES (120, 10, '通知成功', '10', 'pay_notify_status', 0, 'success', '', '通知成功', '1', '2021-12-03 11:02:41', '1', '2023-07-19 10:08:19', b'0');
INSERT INTO `system_dict_data` (`id`, `sort`, `label`, `value`, `dict_type`, `status`, `color_type`, `css_class`, `remark`, `creator`, `create_time`, `updater`, `update_time`, `deleted`) VALUES (121, 20, '通知失败', '20', 'pay_notify_status', 0, 'danger', '', '通知失败', '1', '2021-12-03 11:02:59', '1', '2023-07-19 10:08:21', b'0');
INSERT INTO `system_dict_data` (`id`, `sort`, `label`, `value`, `dict_type`, `status`, `color_type`, `css_class`, `remark`, `creator`, `create_time`, `updater`, `update_time`, `deleted`) VALUES (122, 0, '等待通知', '0', 'pay_notify_status', 0, 'info', '', '未通知', '1', '2021-12-03 11:03:10', '1', '2023-07-19 10:08:24', b'0');
INSERT INTO `system_dict_data` (`id`, `sort`, `label`, `value`, `dict_type`, `status`, `color_type`, `css_class`, `remark`, `creator`, `create_time`, `updater`, `update_time`, `deleted`) VALUES (123, 10, '支付成功', '10', 'pay_order_status', 0, 'success', '', '支付成功', '1', '2021-12-03 11:18:29', '1', '2023-07-19 18:04:28', b'0');
INSERT INTO `system_dict_data` (`id`, `sort`, `label`, `value`, `dict_type`, `status`, `color_type`, `css_class`, `remark`, `creator`, `create_time`, `updater`, `update_time`, `deleted`) VALUES (124, 30, '支付关闭', '30', 'pay_order_status', 0, 'info', '', '支付关闭', '1', '2021-12-03 11:18:42', '1', '2023-07-19 18:05:07', b'0');
INSERT INTO `system_dict_data` (`id`, `sort`, `label`, `value`, `dict_type`, `status`, `color_type`, `css_class`, `remark`, `creator`, `create_time`, `updater`, `update_time`, `deleted`) VALUES (125, 0, '等待支付', '0', 'pay_order_status', 0, 'info', '', '未支付', '1', '2021-12-03 11:18:18', '1', '2023-07-19 18:04:15', b'0');
INSERT INTO `system_dict_data` (`id`, `sort`, `label`, `value`, `dict_type`, `status`, `color_type`, `css_class`, `remark`, `creator`, `create_time`, `updater`, `update_time`, `deleted`) VALUES (600, 5, '首页', '1', 'promotion_banner_position', 0, 'warning', '', '', '1', '2023-10-11 07:45:24', '1', '2023-10-11 07:45:38', b'0');
INSERT INTO `system_dict_data` (`id`, `sort`, `label`, `value`, `dict_type`, `status`, `color_type`, `css_class`, `remark`, `creator`, `create_time`, `updater`, `update_time`, `deleted`) VALUES (601, 4, '秒杀活动页', '2', 'promotion_banner_position', 0, 'warning', '', '', '1', '2023-10-11 07:45:24', '1', '2023-10-11 07:45:38', b'0');
INSERT INTO `system_dict_data` (`id`, `sort`, `label`, `value`, `dict_type`, `status`, `color_type`, `css_class`, `remark`, `creator`, `create_time`, `updater`, `update_time`, `deleted`) VALUES (602, 3, '砍价活动页', '3', 'promotion_banner_position', 0, 'warning', '', '', '1', '2023-10-11 07:45:24', '1', '2023-10-11 07:45:38', b'0');
INSERT INTO `system_dict_data` (`id`, `sort`, `label`, `value`, `dict_type`, `status`, `color_type`, `css_class`, `remark`, `creator`, `create_time`, `updater`, `update_time`, `deleted`) VALUES (603, 2, '限时折扣页', '4', 'promotion_banner_position', 0, 'warning', '', '', '1', '2023-10-11 07:45:24', '1', '2023-10-11 07:45:38', b'0');
INSERT INTO `system_dict_data` (`id`, `sort`, `label`, `value`, `dict_type`, `status`, `color_type`, `css_class`, `remark`, `creator`, `create_time`, `updater`, `update_time`, `deleted`) VALUES (604, 1, '满减送页', '5', 'promotion_banner_position', 0, 'warning', '', '', '1', '2023-10-11 07:45:24', '1', '2023-10-11 07:45:38', b'0');
INSERT INTO `system_dict_data` (`id`, `sort`, `label`, `value`, `dict_type`, `status`, `color_type`, `css_class`, `remark`, `creator`, `create_time`, `updater`, `update_time`, `deleted`) VALUES (1118, 0, '等待退款', '0', 'pay_refund_status', 0, 'info', '', '等待退款', '1', '2021-12-10 16:44:59', '1', '2023-07-19 10:14:39', b'0');
INSERT INTO `system_dict_data` (`id`, `sort`, `label`, `value`, `dict_type`, `status`, `color_type`, `css_class`, `remark`, `creator`, `create_time`, `updater`, `update_time`, `deleted`) VALUES (1119, 20, '退款失败', '20', 'pay_refund_status', 0, 'danger', '', '退款失败', '1', '2021-12-10 16:45:10', '1', '2023-07-19 10:15:10', b'0');
INSERT INTO `system_dict_data` (`id`, `sort`, `label`, `value`, `dict_type`, `status`, `color_type`, `css_class`, `remark`, `creator`, `create_time`, `updater`, `update_time`, `deleted`) VALUES (1124, 10, '退款成功', '10', 'pay_refund_status', 0, 'success', '', '退款成功', '1', '2021-12-10 16:46:26', '1', '2023-07-19 10:15:00', b'0');
INSERT INTO `system_dict_data` (`id`, `sort`, `label`, `value`, `dict_type`, `status`, `color_type`, `css_class`, `remark`, `creator`, `create_time`, `updater`, `update_time`, `deleted`) VALUES (1127, 1, '审批中', '1', 'bpm_process_instance_status', 0, 'default', '', '流程实例的状态 - 进行中', '1', '2022-01-07 23:47:22', '1', '2024-03-16 16:11:45', b'0');
INSERT INTO `system_dict_data` (`id`, `sort`, `label`, `value`, `dict_type`, `status`, `color_type`, `css_class`, `remark`, `creator`, `create_time`, `updater`, `update_time`, `deleted`) VALUES (1128, 2, '审批通过', '2', 'bpm_process_instance_status', 0, 'success', '', '流程实例的状态 - 已完成', '1', '2022-01-07 23:47:49', '1', '2024-03-16 16:11:54', b'0');
INSERT INTO `system_dict_data` (`id`, `sort`, `label`, `value`, `dict_type`, `status`, `color_type`, `css_class`, `remark`, `creator`, `create_time`, `updater`, `update_time`, `deleted`) VALUES (1129, 1, '审批中', '1', 'bpm_task_status', 0, 'primary', '', '流程实例的结果 - 处理中', '1', '2022-01-07 23:48:32', '1', '2024-03-08 22:41:37', b'0');
INSERT INTO `system_dict_data` (`id`, `sort`, `label`, `value`, `dict_type`, `status`, `color_type`, `css_class`, `remark`, `creator`, `create_time`, `updater`, `update_time`, `deleted`) VALUES (1130, 2, '审批通过', '2', 'bpm_task_status', 0, 'success', '', '流程实例的结果 - 通过', '1', '2022-01-07 23:48:45', '1', '2024-03-08 22:41:38', b'0');
INSERT INTO `system_dict_data` (`id`, `sort`, `label`, `value`, `dict_type`, `status`, `color_type`, `css_class`, `remark`, `creator`, `create_time`, `updater`, `update_time`, `deleted`) VALUES (1131, 3, '审批不通过', '3', 'bpm_task_status', 0, 'danger', '', '流程实例的结果 - 不通过', '1', '2022-01-07 23:48:55', '1', '2024-03-08 22:41:38', b'0');
INSERT INTO `system_dict_data` (`id`, `sort`, `label`, `value`, `dict_type`, `status`, `color_type`, `css_class`, `remark`, `creator`, `create_time`, `updater`, `update_time`, `deleted`) VALUES (1132, 4, '已取消', '4', 'bpm_task_status', 0, 'info', '', '流程实例的结果 - 撤销', '1', '2022-01-07 23:49:06', '1', '2024-03-08 22:41:39', b'0');
INSERT INTO `system_dict_data` (`id`, `sort`, `label`, `value`, `dict_type`, `status`, `color_type`, `css_class`, `remark`, `creator`, `create_time`, `updater`, `update_time`, `deleted`) VALUES (1133, 10, '流程表单', '10', 'bpm_model_form_type', 0, '', '', '流程的表单类型 - 流程表单', '103', '2022-01-11 23:51:30', '103', '2022-01-11 23:51:30', b'0');
INSERT INTO `system_dict_data` (`id`, `sort`, `label`, `value`, `dict_type`, `status`, `color_type`, `css_class`, `remark`, `creator`, `create_time`, `updater`, `update_time`, `deleted`) VALUES (1134, 20, '业务表单', '20', 'bpm_model_form_type', 0, '', '', '流程的表单类型 - 业务表单', '103', '2022-01-11 23:51:47', '103', '2022-01-11 23:51:47', b'0');
INSERT INTO `system_dict_data` (`id`, `sort`, `label`, `value`, `dict_type`, `status`, `color_type`, `css_class`, `remark`, `creator`, `create_time`, `updater`, `update_time`, `deleted`) VALUES (1135, 10, '角色', '10', 'bpm_task_candidate_strategy', 0, 'info', '', '任务分配规则的类型 - 角色', '103', '2022-01-12 23:21:22', '1', '2024-03-06 02:53:16', b'0');
INSERT INTO `system_dict_data` (`id`, `sort`, `label`, `value`, `dict_type`, `status`, `color_type`, `css_class`, `remark`, `creator`, `create_time`, `updater`, `update_time`, `deleted`) VALUES (1136, 20, '部门的成员', '20', 'bpm_task_candidate_strategy', 0, 'primary', '', '任务分配规则的类型 - 部门的成员', '103', '2022-01-12 23:21:47', '1', '2024-03-06 02:53:17', b'0');
INSERT INTO `system_dict_data` (`id`, `sort`, `label`, `value`, `dict_type`, `status`, `color_type`, `css_class`, `remark`, `creator`, `create_time`, `updater`, `update_time`, `deleted`) VALUES (1137, 21, '部门的负责人', '21', 'bpm_task_candidate_strategy', 0, 'primary', '', '任务分配规则的类型 - 部门的负责人', '103', '2022-01-12 23:33:36', '1', '2024-03-06 02:53:18', b'0');
INSERT INTO `system_dict_data` (`id`, `sort`, `label`, `value`, `dict_type`, `status`, `color_type`, `css_class`, `remark`, `creator`, `create_time`, `updater`, `update_time`, `deleted`) VALUES (1138, 30, '用户', '30', 'bpm_task_candidate_strategy', 0, 'info', '', '任务分配规则的类型 - 用户', '103', '2022-01-12 23:34:02', '1', '2024-03-06 02:53:19', b'0');
INSERT INTO `system_dict_data` (`id`, `sort`, `label`, `value`, `dict_type`, `status`, `color_type`, `css_class`, `remark`, `creator`, `create_time`, `updater`, `update_time`, `deleted`) VALUES (1139, 40, '用户组', '40', 'bpm_task_candidate_strategy', 0, 'warning', '', '任务分配规则的类型 - 用户组', '103', '2022-01-12 23:34:21', '1', '2024-03-06 02:53:20', b'0');
INSERT INTO `system_dict_data` (`id`, `sort`, `label`, `value`, `dict_type`, `status`, `color_type`, `css_class`, `remark`, `creator`, `create_time`, `updater`, `update_time`, `deleted`) VALUES (1140, 60, '流程表达式', '60', 'bpm_task_candidate_strategy', 0, 'danger', '', '任务分配规则的类型 - 流程表达式', '103', '2022-01-12 23:34:43', '1', '2024-03-06 02:53:20', b'0');
INSERT INTO `system_dict_data` (`id`, `sort`, `label`, `value`, `dict_type`, `status`, `color_type`, `css_class`, `remark`, `creator`, `create_time`, `updater`, `update_time`, `deleted`) VALUES (1141, 22, '岗位', '22', 'bpm_task_candidate_strategy', 0, 'success', '', '任务分配规则的类型 - 岗位', '103', '2022-01-14 18:41:55', '1', '2024-03-06 02:53:21', b'0');
INSERT INTO `system_dict_data` (`id`, `sort`, `label`, `value`, `dict_type`, `status`, `color_type`, `css_class`, `remark`, `creator`, `create_time`, `updater`, `update_time`, `deleted`) VALUES (1145, 1, '管理后台', '1', 'infra_codegen_scene', 0, '', '', '代码生成的场景枚举 - 管理后台', '1', '2022-02-02 13:15:06', '1', '2022-03-10 16:32:59', b'0');
INSERT INTO `system_dict_data` (`id`, `sort`, `label`, `value`, `dict_type`, `status`, `color_type`, `css_class`, `remark`, `creator`, `create_time`, `updater`, `update_time`, `deleted`) VALUES (1146, 2, '用户 APP', '2', 'infra_codegen_scene', 0, '', '', '代码生成的场景枚举 - 用户 APP', '1', '2022-02-02 13:15:19', '1', '2022-03-10 16:33:03', b'0');
INSERT INTO `system_dict_data` (`id`, `sort`, `label`, `value`, `dict_type`, `status`, `color_type`, `css_class`, `remark`, `creator`, `create_time`, `updater`, `update_time`, `deleted`) VALUES (1150, 1, '数据库', '1', 'infra_file_storage', 0, 'default', '', NULL, '1', '2022-03-15 00:25:28', '1', '2022-03-15 00:25:28', b'0');
INSERT INTO `system_dict_data` (`id`, `sort`, `label`, `value`, `dict_type`, `status`, `color_type`, `css_class`, `remark`, `creator`, `create_time`, `updater`, `update_time`, `deleted`) VALUES (1151, 10, '本地磁盘', '10', 'infra_file_storage', 0, 'default', '', NULL, '1', '2022-03-15 00:25:41', '1', '2022-03-15 00:25:56', b'0');
INSERT INTO `system_dict_data` (`id`, `sort`, `label`, `value`, `dict_type`, `status`, `color_type`, `css_class`, `remark`, `creator`, `create_time`, `updater`, `update_time`, `deleted`) VALUES (1152, 11, 'FTP 服务器', '11', 'infra_file_storage', 0, 'default', '', NULL, '1', '2022-03-15 00:26:06', '1', '2022-03-15 00:26:10', b'0');
INSERT INTO `system_dict_data` (`id`, `sort`, `label`, `value`, `dict_type`, `status`, `color_type`, `css_class`, `remark`, `creator`, `create_time`, `updater`, `update_time`, `deleted`) VALUES (1153, 12, 'SFTP 服务器', '12', 'infra_file_storage', 0, 'default', '', NULL, '1', '2022-03-15 00:26:22', '1', '2022-03-15 00:26:22', b'0');
INSERT INTO `system_dict_data` (`id`, `sort`, `label`, `value`, `dict_type`, `status`, `color_type`, `css_class`, `remark`, `creator`, `create_time`, `updater`, `update_time`, `deleted`) VALUES (1154, 20, 'S3 对象存储', '20', 'infra_file_storage', 0, 'default', '', NULL, '1', '2022-03-15 00:26:31', '1', '2022-03-15 00:26:45', b'0');
INSERT INTO `system_dict_data` (`id`, `sort`, `label`, `value`, `dict_type`, `status`, `color_type`, `css_class`, `remark`, `creator`, `create_time`, `updater`, `update_time`, `deleted`) VALUES (1155, 103, '短信登录', '103', 'system_login_type', 0, 'default', '', NULL, '1', '2022-05-09 23:57:58', '1', '2022-05-09 23:58:09', b'0');
INSERT INTO `system_dict_data` (`id`, `sort`, `label`, `value`, `dict_type`, `status`, `color_type`, `css_class`, `remark`, `creator`, `create_time`, `updater`, `update_time`, `deleted`) VALUES (1156, 1, 'password', 'password', 'system_oauth2_grant_type', 0, 'default', '', '密码模式', '1', '2022-05-12 00:22:05', '1', '2022-05-11 16:26:01', b'0');
INSERT INTO `system_dict_data` (`id`, `sort`, `label`, `value`, `dict_type`, `status`, `color_type`, `css_class`, `remark`, `creator`, `create_time`, `updater`, `update_time`, `deleted`) VALUES (1157, 2, 'authorization_code', 'authorization_code', 'system_oauth2_grant_type', 0, 'primary', '', '授权码模式', '1', '2022-05-12 00:22:59', '1', '2022-05-11 16:26:02', b'0');
INSERT INTO `system_dict_data` (`id`, `sort`, `label`, `value`, `dict_type`, `status`, `color_type`, `css_class`, `remark`, `creator`, `create_time`, `updater`, `update_time`, `deleted`) VALUES (1158, 3, 'implicit', 'implicit', 'system_oauth2_grant_type', 0, 'success', '', '简化模式', '1', '2022-05-12 00:23:40', '1', '2022-05-11 16:26:05', b'0');
INSERT INTO `system_dict_data` (`id`, `sort`, `label`, `value`, `dict_type`, `status`, `color_type`, `css_class`, `remark`, `creator`, `create_time`, `updater`, `update_time`, `deleted`) VALUES (1159, 4, 'client_credentials', 'client_credentials', 'system_oauth2_grant_type', 0, 'default', '', '客户端模式', '1', '2022-05-12 00:23:51', '1', '2022-05-11 16:26:08', b'0');
INSERT INTO `system_dict_data` (`id`, `sort`, `label`, `value`, `dict_type`, `status`, `color_type`, `css_class`, `remark`, `creator`, `create_time`, `updater`, `update_time`, `deleted`) VALUES (1160, 5, 'refresh_token', 'refresh_token', 'system_oauth2_grant_type', 0, 'info', '', '刷新模式', '1', '2022-05-12 00:24:02', '1', '2022-05-11 16:26:11', b'0');
INSERT INTO `system_dict_data` (`id`, `sort`, `label`, `value`, `dict_type`, `status`, `color_type`, `css_class`, `remark`, `creator`, `create_time`, `updater`, `update_time`, `deleted`) VALUES (1162, 1, '销售中', '1', 'product_spu_status', 0, 'success', '', '商品 SPU 状态 - 销售中', '1', '2022-10-24 21:19:47', '1', '2022-10-24 21:20:38', b'0');
INSERT INTO `system_dict_data` (`id`, `sort`, `label`, `value`, `dict_type`, `status`, `color_type`, `css_class`, `remark`, `creator`, `create_time`, `updater`, `update_time`, `deleted`) VALUES (1163, 0, '仓库中', '0', 'product_spu_status', 0, 'info', '', '商品 SPU 状态 - 仓库中', '1', '2022-10-24 21:20:54', '1', '2022-10-24 21:21:22', b'0');
INSERT INTO `system_dict_data` (`id`, `sort`, `label`, `value`, `dict_type`, `status`, `color_type`, `css_class`, `remark`, `creator`, `create_time`, `updater`, `update_time`, `deleted`) VALUES (1164, 0, '回收站', '-1', 'product_spu_status', 0, 'default', '', '商品 SPU 状态 - 回收站', '1', '2022-10-24 21:21:11', '1', '2022-10-24 21:21:11', b'0');
INSERT INTO `system_dict_data` (`id`, `sort`, `label`, `value`, `dict_type`, `status`, `color_type`, `css_class`, `remark`, `creator`, `create_time`, `updater`, `update_time`, `deleted`) VALUES (1165, 1, '满减', '1', 'promotion_discount_type', 0, 'success', '', '优惠类型 - 满减', '1', '2022-11-01 12:46:41', '1', '2022-11-01 12:50:11', b'0');
INSERT INTO `system_dict_data` (`id`, `sort`, `label`, `value`, `dict_type`, `status`, `color_type`, `css_class`, `remark`, `creator`, `create_time`, `updater`, `update_time`, `deleted`) VALUES (1166, 2, '折扣', '2', 'promotion_discount_type', 0, 'primary', '', '优惠类型 - 折扣', '1', '2022-11-01 12:46:51', '1', '2022-11-01 12:50:08', b'0');
INSERT INTO `system_dict_data` (`id`, `sort`, `label`, `value`, `dict_type`, `status`, `color_type`, `css_class`, `remark`, `creator`, `create_time`, `updater`, `update_time`, `deleted`) VALUES (1167, 1, '固定日期', '1', 'promotion_coupon_template_validity_type', 0, 'default', '', '优惠劵模板的有限期类型 - 固定日期', '1', '2022-11-02 00:07:34', '1', '2022-11-04 00:07:49', b'0');
INSERT INTO `system_dict_data` (`id`, `sort`, `label`, `value`, `dict_type`, `status`, `color_type`, `css_class`, `remark`, `creator`, `create_time`, `updater`, `update_time`, `deleted`) VALUES (1168, 2, '领取之后', '2', 'promotion_coupon_template_validity_type', 0, 'default', '', '优惠劵模板的有限期类型 - 领取之后', '1', '2022-11-02 00:07:54', '1', '2022-11-04 00:07:52', b'0');
INSERT INTO `system_dict_data` (`id`, `sort`, `label`, `value`, `dict_type`, `status`, `color_type`, `css_class`, `remark`, `creator`, `create_time`, `updater`, `update_time`, `deleted`) VALUES (1169, 1, '通用劵', '1', 'promotion_product_scope', 0, 'default', '', '营销的商品范围 - 全部商品参与', '1', '2022-11-02 00:28:22', '1', '2023-09-28 00:27:42', b'0');
INSERT INTO `system_dict_data` (`id`, `sort`, `label`, `value`, `dict_type`, `status`, `color_type`, `css_class`, `remark`, `creator`, `create_time`, `updater`, `update_time`, `deleted`) VALUES (1170, 2, '商品劵', '2', 'promotion_product_scope', 0, 'default', '', '营销的商品范围 - 指定商品参与', '1', '2022-11-02 00:28:34', '1', '2023-09-28 00:27:44', b'0');
INSERT INTO `system_dict_data` (`id`, `sort`, `label`, `value`, `dict_type`, `status`, `color_type`, `css_class`, `remark`, `creator`, `create_time`, `updater`, `update_time`, `deleted`) VALUES (1171, 1, '未使用', '1', 'promotion_coupon_status', 0, 'primary', '', '优惠劵的状态 - 已领取', '1', '2022-11-04 00:15:08', '1', '2023-10-03 12:54:38', b'0');
INSERT INTO `system_dict_data` (`id`, `sort`, `label`, `value`, `dict_type`, `status`, `color_type`, `css_class`, `remark`, `creator`, `create_time`, `updater`, `update_time`, `deleted`) VALUES (1172, 2, '已使用', '2', 'promotion_coupon_status', 0, 'success', '', '优惠劵的状态 - 已使用', '1', '2022-11-04 00:15:21', '1', '2022-11-04 19:16:08', b'0');
INSERT INTO `system_dict_data` (`id`, `sort`, `label`, `value`, `dict_type`, `status`, `color_type`, `css_class`, `remark`, `creator`, `create_time`, `updater`, `update_time`, `deleted`) VALUES (1173, 3, '已过期', '3', 'promotion_coupon_status', 0, 'info', '', '优惠劵的状态 - 已过期', '1', '2022-11-04 00:15:43', '1', '2022-11-04 19:16:12', b'0');
INSERT INTO `system_dict_data` (`id`, `sort`, `label`, `value`, `dict_type`, `status`, `color_type`, `css_class`, `remark`, `creator`, `create_time`, `updater`, `update_time`, `deleted`) VALUES (1174, 1, '直接领取', '1', 'promotion_coupon_take_type', 0, 'primary', '', '优惠劵的领取方式 - 直接领取', '1', '2022-11-04 19:13:00', '1', '2022-11-04 19:13:25', b'0');
INSERT INTO `system_dict_data` (`id`, `sort`, `label`, `value`, `dict_type`, `status`, `color_type`, `css_class`, `remark`, `creator`, `create_time`, `updater`, `update_time`, `deleted`) VALUES (1175, 2, '指定发放', '2', 'promotion_coupon_take_type', 0, 'success', '', '优惠劵的领取方式 - 指定发放', '1', '2022-11-04 19:13:13', '1', '2022-11-04 19:14:48', b'0');
INSERT INTO `system_dict_data` (`id`, `sort`, `label`, `value`, `dict_type`, `status`, `color_type`, `css_class`, `remark`, `creator`, `create_time`, `updater`, `update_time`, `deleted`) VALUES (1176, 10, '未开始', '10', 'promotion_activity_status', 0, 'primary', '', '促销活动的状态枚举 - 未开始', '1', '2022-11-04 22:54:49', '1', '2022-11-04 22:55:53', b'0');
INSERT INTO `system_dict_data` (`id`, `sort`, `label`, `value`, `dict_type`, `status`, `color_type`, `css_class`, `remark`, `creator`, `create_time`, `updater`, `update_time`, `deleted`) VALUES (1177, 20, '进行中', '20', 'promotion_activity_status', 0, 'success', '', '促销活动的状态枚举 - 进行中', '1', '2022-11-04 22:55:06', '1', '2022-11-04 22:55:20', b'0');
INSERT INTO `system_dict_data` (`id`, `sort`, `label`, `value`, `dict_type`, `status`, `color_type`, `css_class`, `remark`, `creator`, `create_time`, `updater`, `update_time`, `deleted`) VALUES (1178, 30, '已结束', '30', 'promotion_activity_status', 0, 'info', '', '促销活动的状态枚举 - 已结束', '1', '2022-11-04 22:55:41', '1', '2022-11-04 22:55:41', b'0');
INSERT INTO `system_dict_data` (`id`, `sort`, `label`, `value`, `dict_type`, `status`, `color_type`, `css_class`, `remark`, `creator`, `create_time`, `updater`, `update_time`, `deleted`) VALUES (1179, 40, '已关闭', '40', 'promotion_activity_status', 0, 'warning', '', '促销活动的状态枚举 - 已关闭', '1', '2022-11-04 22:56:10', '1', '2022-11-04 22:56:18', b'0');
INSERT INTO `system_dict_data` (`id`, `sort`, `label`, `value`, `dict_type`, `status`, `color_type`, `css_class`, `remark`, `creator`, `create_time`, `updater`, `update_time`, `deleted`) VALUES (1180, 10, '满 N 元', '10', 'promotion_condition_type', 0, 'primary', '', '营销的条件类型 - 满 N 元', '1', '2022-11-04 22:59:45', '1', '2022-11-04 22:59:45', b'0');
INSERT INTO `system_dict_data` (`id`, `sort`, `label`, `value`, `dict_type`, `status`, `color_type`, `css_class`, `remark`, `creator`, `create_time`, `updater`, `update_time`, `deleted`) VALUES (1181, 20, '满 N 件', '20', 'promotion_condition_type', 0, 'success', '', '营销的条件类型 - 满 N 件', '1', '2022-11-04 23:00:02', '1', '2022-11-04 23:00:02', b'0');
INSERT INTO `system_dict_data` (`id`, `sort`, `label`, `value`, `dict_type`, `status`, `color_type`, `css_class`, `remark`, `creator`, `create_time`, `updater`, `update_time`, `deleted`) VALUES (1182, 10, '申请售后', '10', 'trade_after_sale_status', 0, 'primary', '', '交易售后状态 - 申请售后', '1', '2022-11-19 20:53:33', '1', '2022-11-19 20:54:42', b'0');
INSERT INTO `system_dict_data` (`id`, `sort`, `label`, `value`, `dict_type`, `status`, `color_type`, `css_class`, `remark`, `creator`, `create_time`, `updater`, `update_time`, `deleted`) VALUES (1183, 20, '商品待退货', '20', 'trade_after_sale_status', 0, 'primary', '', '交易售后状态 - 商品待退货', '1', '2022-11-19 20:54:36', '1', '2022-11-19 20:58:58', b'0');
INSERT INTO `system_dict_data` (`id`, `sort`, `label`, `value`, `dict_type`, `status`, `color_type`, `css_class`, `remark`, `creator`, `create_time`, `updater`, `update_time`, `deleted`) VALUES (1184, 30, '商家待收货', '30', 'trade_after_sale_status', 0, 'primary', '', '交易售后状态 - 商家待收货', '1', '2022-11-19 20:56:56', '1', '2022-11-19 20:59:20', b'0');
INSERT INTO `system_dict_data` (`id`, `sort`, `label`, `value`, `dict_type`, `status`, `color_type`, `css_class`, `remark`, `creator`, `create_time`, `updater`, `update_time`, `deleted`) VALUES (1185, 40, '等待退款', '40', 'trade_after_sale_status', 0, 'primary', '', '交易售后状态 - 等待退款', '1', '2022-11-19 20:59:54', '1', '2022-11-19 21:00:01', b'0');
INSERT INTO `system_dict_data` (`id`, `sort`, `label`, `value`, `dict_type`, `status`, `color_type`, `css_class`, `remark`, `creator`, `create_time`, `updater`, `update_time`, `deleted`) VALUES (1186, 50, '退款成功', '50', 'trade_after_sale_status', 0, 'default', '', '交易售后状态 - 退款成功', '1', '2022-11-19 21:00:33', '1', '2022-11-19 21:00:33', b'0');
INSERT INTO `system_dict_data` (`id`, `sort`, `label`, `value`, `dict_type`, `status`, `color_type`, `css_class`, `remark`, `creator`, `create_time`, `updater`, `update_time`, `deleted`) VALUES (1187, 61, '买家取消', '61', 'trade_after_sale_status', 0, 'info', '', '交易售后状态 - 买家取消', '1', '2022-11-19 21:01:29', '1', '2022-11-19 21:01:29', b'0');
INSERT INTO `system_dict_data` (`id`, `sort`, `label`, `value`, `dict_type`, `status`, `color_type`, `css_class`, `remark`, `creator`, `create_time`, `updater`, `update_time`, `deleted`) VALUES (1188, 62, '商家拒绝', '62', 'trade_after_sale_status', 0, 'info', '', '交易售后状态 - 商家拒绝', '1', '2022-11-19 21:02:17', '1', '2022-11-19 21:02:17', b'0');
INSERT INTO `system_dict_data` (`id`, `sort`, `label`, `value`, `dict_type`, `status`, `color_type`, `css_class`, `remark`, `creator`, `create_time`, `updater`, `update_time`, `deleted`) VALUES (1189, 63, '商家拒收货', '63', 'trade_after_sale_status', 0, 'info', '', '交易售后状态 - 商家拒收货', '1', '2022-11-19 21:02:37', '1', '2022-11-19 21:03:07', b'0');
INSERT INTO `system_dict_data` (`id`, `sort`, `label`, `value`, `dict_type`, `status`, `color_type`, `css_class`, `remark`, `creator`, `create_time`, `updater`, `update_time`, `deleted`) VALUES (1190, 10, '售中退款', '10', 'trade_after_sale_type', 0, 'success', '', '交易售后的类型 - 售中退款', '1', '2022-11-19 21:05:05', '1', '2022-11-19 21:38:23', b'0');
INSERT INTO `system_dict_data` (`id`, `sort`, `label`, `value`, `dict_type`, `status`, `color_type`, `css_class`, `remark`, `creator`, `create_time`, `updater`, `update_time`, `deleted`) VALUES (1191, 20, '售后退款', '20', 'trade_after_sale_type', 0, 'primary', '', '交易售后的类型 - 售后退款', '1', '2022-11-19 21:05:32', '1', '2022-11-19 21:38:32', b'0');
INSERT INTO `system_dict_data` (`id`, `sort`, `label`, `value`, `dict_type`, `status`, `color_type`, `css_class`, `remark`, `creator`, `create_time`, `updater`, `update_time`, `deleted`) VALUES (1192, 10, '仅退款', '10', 'trade_after_sale_way', 0, 'primary', '', '交易售后的方式 - 仅退款', '1', '2022-11-19 21:39:19', '1', '2022-11-19 21:39:19', b'0');
INSERT INTO `system_dict_data` (`id`, `sort`, `label`, `value`, `dict_type`, `status`, `color_type`, `css_class`, `remark`, `creator`, `create_time`, `updater`, `update_time`, `deleted`) VALUES (1193, 20, '退货退款', '20', 'trade_after_sale_way', 0, 'success', '', '交易售后的方式 - 退货退款', '1', '2022-11-19 21:39:38', '1', '2022-11-19 21:39:49', b'0');
INSERT INTO `system_dict_data` (`id`, `sort`, `label`, `value`, `dict_type`, `status`, `color_type`, `css_class`, `remark`, `creator`, `create_time`, `updater`, `update_time`, `deleted`) VALUES (1194, 10, '微信小程序', '10', 'terminal', 0, 'default', '', '终端 - 微信小程序', '1', '2022-12-10 10:51:11', '1', '2022-12-10 10:51:57', b'0');
INSERT INTO `system_dict_data` (`id`, `sort`, `label`, `value`, `dict_type`, `status`, `color_type`, `css_class`, `remark`, `creator`, `create_time`, `updater`, `update_time`, `deleted`) VALUES (1195, 20, 'H5 网页', '20', 'terminal', 0, 'default', '', '终端 - H5 网页', '1', '2022-12-10 10:51:30', '1', '2022-12-10 10:51:59', b'0');
INSERT INTO `system_dict_data` (`id`, `sort`, `label`, `value`, `dict_type`, `status`, `color_type`, `css_class`, `remark`, `creator`, `create_time`, `updater`, `update_time`, `deleted`) VALUES (1196, 11, '微信公众号', '11', 'terminal', 0, 'default', '', '终端 - 微信公众号', '1', '2022-12-10 10:54:16', '1', '2022-12-10 10:52:01', b'0');
INSERT INTO `system_dict_data` (`id`, `sort`, `label`, `value`, `dict_type`, `status`, `color_type`, `css_class`, `remark`, `creator`, `create_time`, `updater`, `update_time`, `deleted`) VALUES (1197, 31, '苹果 App', '31', 'terminal', 0, 'default', '', '终端 - 苹果 App', '1', '2022-12-10 10:54:42', '1', '2022-12-10 10:52:18', b'0');
INSERT INTO `system_dict_data` (`id`, `sort`, `label`, `value`, `dict_type`, `status`, `color_type`, `css_class`, `remark`, `creator`, `create_time`, `updater`, `update_time`, `deleted`) VALUES (1198, 32, '安卓 App', '32', 'terminal', 0, 'default', '', '终端 - 安卓 App', '1', '2022-12-10 10:55:02', '1', '2022-12-10 10:59:17', b'0');
INSERT INTO `system_dict_data` (`id`, `sort`, `label`, `value`, `dict_type`, `status`, `color_type`, `css_class`, `remark`, `creator`, `create_time`, `updater`, `update_time`, `deleted`) VALUES (1199, 0, '普通订单', '0', 'trade_order_type', 0, 'default', '', '交易订单的类型 - 普通订单', '1', '2022-12-10 16:34:14', '1', '2022-12-10 16:34:14', b'0');
INSERT INTO `system_dict_data` (`id`, `sort`, `label`, `value`, `dict_type`, `status`, `color_type`, `css_class`, `remark`, `creator`, `create_time`, `updater`, `update_time`, `deleted`) VALUES (1200, 1, '秒杀订单', '1', 'trade_order_type', 0, 'default', '', '交易订单的类型 - 秒杀订单', '1', '2022-12-10 16:34:26', '1', '2022-12-10 16:34:26', b'0');
INSERT INTO `system_dict_data` (`id`, `sort`, `label`, `value`, `dict_type`, `status`, `color_type`, `css_class`, `remark`, `creator`, `create_time`, `updater`, `update_time`, `deleted`) VALUES (1201, 2, '砍价订单', '2', 'trade_order_type', 0, 'default', '', '交易订单的类型 - 拼团订单', '1', '2022-12-10 16:34:36', '1', '2024-09-07 14:18:39', b'0');
INSERT INTO `system_dict_data` (`id`, `sort`, `label`, `value`, `dict_type`, `status`, `color_type`, `css_class`, `remark`, `creator`, `create_time`, `updater`, `update_time`, `deleted`) VALUES (1202, 3, '拼团订单', '3', 'trade_order_type', 0, 'default', '', '交易订单的类型 - 砍价订单', '1', '2022-12-10 16:34:48', '1', '2024-09-07 14:18:32', b'0');
INSERT INTO `system_dict_data` (`id`, `sort`, `label`, `value`, `dict_type`, `status`, `color_type`, `css_class`, `remark`, `creator`, `create_time`, `updater`, `update_time`, `deleted`) VALUES (1203, 0, '待支付', '0', 'trade_order_status', 0, 'default', '', '交易订单状态 - 待支付', '1', '2022-12-10 16:49:29', '1', '2022-12-10 16:49:29', b'0');
INSERT INTO `system_dict_data` (`id`, `sort`, `label`, `value`, `dict_type`, `status`, `color_type`, `css_class`, `remark`, `creator`, `create_time`, `updater`, `update_time`, `deleted`) VALUES (1204, 10, '待发货', '10', 'trade_order_status', 0, 'primary', '', '交易订单状态 - 待发货', '1', '2022-12-10 16:49:53', '1', '2022-12-10 16:51:17', b'0');
INSERT INTO `system_dict_data` (`id`, `sort`, `label`, `value`, `dict_type`, `status`, `color_type`, `css_class`, `remark`, `creator`, `create_time`, `updater`, `update_time`, `deleted`) VALUES (1205, 20, '已发货', '20', 'trade_order_status', 0, 'primary', '', '交易订单状态 - 已发货', '1', '2022-12-10 16:50:13', '1', '2022-12-10 16:51:31', b'0');
INSERT INTO `system_dict_data` (`id`, `sort`, `label`, `value`, `dict_type`, `status`, `color_type`, `css_class`, `remark`, `creator`, `create_time`, `updater`, `update_time`, `deleted`) VALUES (1206, 30, '已完成', '30', 'trade_order_status', 0, 'success', '', '交易订单状态 - 已完成', '1', '2022-12-10 16:50:30', '1', '2022-12-10 16:51:06', b'0');
INSERT INTO `system_dict_data` (`id`, `sort`, `label`, `value`, `dict_type`, `status`, `color_type`, `css_class`, `remark`, `creator`, `create_time`, `updater`, `update_time`, `deleted`) VALUES (1207, 40, '已取消', '40', 'trade_order_status', 0, 'danger', '', '交易订单状态 - 已取消', '1', '2022-12-10 16:50:50', '1', '2022-12-10 16:51:00', b'0');
INSERT INTO `system_dict_data` (`id`, `sort`, `label`, `value`, `dict_type`, `status`, `color_type`, `css_class`, `remark`, `creator`, `create_time`, `updater`, `update_time`, `deleted`) VALUES (1208, 0, '未售后', '0', 'trade_order_item_after_sale_status', 0, 'info', '', '交易订单项的售后状态 - 未售后', '1', '2022-12-10 20:58:42', '1', '2022-12-10 20:59:29', b'0');
INSERT INTO `system_dict_data` (`id`, `sort`, `label`, `value`, `dict_type`, `status`, `color_type`, `css_class`, `remark`, `creator`, `create_time`, `updater`, `update_time`, `deleted`) VALUES (1209, 10, '售后中', '10', 'trade_order_item_after_sale_status', 0, 'primary', '', '交易订单项的售后状态 - 售后中', '1', '2022-12-10 20:59:21', '1', '2024-07-21 17:01:24', b'0');
INSERT INTO `system_dict_data` (`id`, `sort`, `label`, `value`, `dict_type`, `status`, `color_type`, `css_class`, `remark`, `creator`, `create_time`, `updater`, `update_time`, `deleted`) VALUES (1210, 20, '已退款', '20', 'trade_order_item_after_sale_status', 0, 'success', '', '交易订单项的售后状态 - 已退款', '1', '2022-12-10 20:59:46', '1', '2024-07-21 17:01:35', b'0');
INSERT INTO `system_dict_data` (`id`, `sort`, `label`, `value`, `dict_type`, `status`, `color_type`, `css_class`, `remark`, `creator`, `create_time`, `updater`, `update_time`, `deleted`) VALUES (1211, 1, '完全匹配', '1', 'mp_auto_reply_request_match', 0, 'primary', '', '公众号自动回复的请求关键字匹配模式 - 完全匹配', '1', '2023-01-16 23:30:39', '1', '2023-01-16 23:31:00', b'0');
INSERT INTO `system_dict_data` (`id`, `sort`, `label`, `value`, `dict_type`, `status`, `color_type`, `css_class`, `remark`, `creator`, `create_time`, `updater`, `update_time`, `deleted`) VALUES (1212, 2, '半匹配', '2', 'mp_auto_reply_request_match', 0, 'success', '', '公众号自动回复的请求关键字匹配模式 - 半匹配', '1', '2023-01-16 23:30:55', '1', '2023-01-16 23:31:10', b'0');
INSERT INTO `system_dict_data` (`id`, `sort`, `label`, `value`, `dict_type`, `status`, `color_type`, `css_class`, `remark`, `creator`, `create_time`, `updater`, `update_time`, `deleted`) VALUES (1213, 1, '文本', 'text', 'mp_message_type', 0, 'default', '', '公众号的消息类型 - 文本', '1', '2023-01-17 22:17:32', '1', '2023-01-17 22:17:39', b'0');
INSERT INTO `system_dict_data` (`id`, `sort`, `label`, `value`, `dict_type`, `status`, `color_type`, `css_class`, `remark`, `creator`, `create_time`, `updater`, `update_time`, `deleted`) VALUES (1214, 2, '图片', 'image', 'mp_message_type', 0, 'default', '', '公众号的消息类型 - 图片', '1', '2023-01-17 22:17:32', '1', '2023-01-17 14:19:47', b'0');
INSERT INTO `system_dict_data` (`id`, `sort`, `label`, `value`, `dict_type`, `status`, `color_type`, `css_class`, `remark`, `creator`, `create_time`, `updater`, `update_time`, `deleted`) VALUES (1215, 3, '语音', 'voice', 'mp_message_type', 0, 'default', '', '公众号的消息类型 - 语音', '1', '2023-01-17 22:17:32', '1', '2023-01-17 14:20:08', b'0');
INSERT INTO `system_dict_data` (`id`, `sort`, `label`, `value`, `dict_type`, `status`, `color_type`, `css_class`, `remark`, `creator`, `create_time`, `updater`, `update_time`, `deleted`) VALUES (1216, 4, '视频', 'video', 'mp_message_type', 0, 'default', '', '公众号的消息类型 - 视频', '1', '2023-01-17 22:17:32', '1', '2023-01-17 14:21:08', b'0');
INSERT INTO `system_dict_data` (`id`, `sort`, `label`, `value`, `dict_type`, `status`, `color_type`, `css_class`, `remark`, `creator`, `create_time`, `updater`, `update_time`, `deleted`) VALUES (1217, 5, '小视频', 'shortvideo', 'mp_message_type', 0, 'default', '', '公众号的消息类型 - 小视频', '1', '2023-01-17 22:17:32', '1', '2023-01-17 14:19:59', b'0');
INSERT INTO `system_dict_data` (`id`, `sort`, `label`, `value`, `dict_type`, `status`, `color_type`, `css_class`, `remark`, `creator`, `create_time`, `updater`, `update_time`, `deleted`) VALUES (1218, 6, '图文', 'news', 'mp_message_type', 0, 'default', '', '公众号的消息类型 - 图文', '1', '2023-01-17 22:17:32', '1', '2023-01-17 14:22:54', b'0');
INSERT INTO `system_dict_data` (`id`, `sort`, `label`, `value`, `dict_type`, `status`, `color_type`, `css_class`, `remark`, `creator`, `create_time`, `updater`, `update_time`, `deleted`) VALUES (1219, 7, '音乐', 'music', 'mp_message_type', 0, 'default', '', '公众号的消息类型 - 音乐', '1', '2023-01-17 22:17:32', '1', '2023-01-17 14:22:54', b'0');
INSERT INTO `system_dict_data` (`id`, `sort`, `label`, `value`, `dict_type`, `status`, `color_type`, `css_class`, `remark`, `creator`, `create_time`, `updater`, `update_time`, `deleted`) VALUES (1220, 8, '地理位置', 'location', 'mp_message_type', 0, 'default', '', '公众号的消息类型 - 地理位置', '1', '2023-01-17 22:17:32', '1', '2023-01-17 14:23:51', b'0');
INSERT INTO `system_dict_data` (`id`, `sort`, `label`, `value`, `dict_type`, `status`, `color_type`, `css_class`, `remark`, `creator`, `create_time`, `updater`, `update_time`, `deleted`) VALUES (1221, 9, '链接', 'link', 'mp_message_type', 0, 'default', '', '公众号的消息类型 - 链接', '1', '2023-01-17 22:17:32', '1', '2023-01-17 14:24:49', b'0');
INSERT INTO `system_dict_data` (`id`, `sort`, `label`, `value`, `dict_type`, `status`, `color_type`, `css_class`, `remark`, `creator`, `create_time`, `updater`, `update_time`, `deleted`) VALUES (1222, 10, '事件', 'event', 'mp_message_type', 0, 'default', '', '公众号的消息类型 - 事件', '1', '2023-01-17 22:17:32', '1', '2023-01-17 14:24:49', b'0');
INSERT INTO `system_dict_data` (`id`, `sort`, `label`, `value`, `dict_type`, `status`, `color_type`, `css_class`, `remark`, `creator`, `create_time`, `updater`, `update_time`, `deleted`) VALUES (1223, 0, '初始化', '0', 'system_mail_send_status', 0, 'primary', '', '邮件发送状态 - 初始化\n', '1', '2023-01-26 09:53:49', '1', '2023-01-26 16:36:14', b'0');
INSERT INTO `system_dict_data` (`id`, `sort`, `label`, `value`, `dict_type`, `status`, `color_type`, `css_class`, `remark`, `creator`, `create_time`, `updater`, `update_time`, `deleted`) VALUES (1224, 10, '发送成功', '10', 'system_mail_send_status', 0, 'success', '', '邮件发送状态 - 发送成功', '1', '2023-01-26 09:54:28', '1', '2023-01-26 16:36:22', b'0');
INSERT INTO `system_dict_data` (`id`, `sort`, `label`, `value`, `dict_type`, `status`, `color_type`, `css_class`, `remark`, `creator`, `create_time`, `updater`, `update_time`, `deleted`) VALUES (1225, 20, '发送失败', '20', 'system_mail_send_status', 0, 'danger', '', '邮件发送状态 - 发送失败', '1', '2023-01-26 09:54:50', '1', '2023-01-26 16:36:26', b'0');
INSERT INTO `system_dict_data` (`id`, `sort`, `label`, `value`, `dict_type`, `status`, `color_type`, `css_class`, `remark`, `creator`, `create_time`, `updater`, `update_time`, `deleted`) VALUES (1226, 30, '不发送', '30', 'system_mail_send_status', 0, 'info', '', '邮件发送状态 -  不发送', '1', '2023-01-26 09:55:06', '1', '2023-01-26 16:36:36', b'0');
INSERT INTO `system_dict_data` (`id`, `sort`, `label`, `value`, `dict_type`, `status`, `color_type`, `css_class`, `remark`, `creator`, `create_time`, `updater`, `update_time`, `deleted`) VALUES (1227, 1, '通知公告', '1', 'system_notify_template_type', 0, 'primary', '', '站内信模版的类型 - 通知公告', '1', '2023-01-28 10:35:59', '1', '2023-01-28 10:35:59', b'0');
INSERT INTO `system_dict_data` (`id`, `sort`, `label`, `value`, `dict_type`, `status`, `color_type`, `css_class`, `remark`, `creator`, `create_time`, `updater`, `update_time`, `deleted`) VALUES (1228, 2, '系统消息', '2', 'system_notify_template_type', 0, 'success', '', '站内信模版的类型 - 系统消息', '1', '2023-01-28 10:36:20', '1', '2023-01-28 10:36:25', b'0');
INSERT INTO `system_dict_data` (`id`, `sort`, `label`, `value`, `dict_type`, `status`, `color_type`, `css_class`, `remark`, `creator`, `create_time`, `updater`, `update_time`, `deleted`) VALUES (1230, 13, '支付宝条码支付', 'alipay_bar', 'pay_channel_code', 0, 'primary', '', '支付宝条码支付', '1', '2023-02-18 23:32:24', '1', '2023-07-19 20:09:23', b'0');
INSERT INTO `system_dict_data` (`id`, `sort`, `label`, `value`, `dict_type`, `status`, `color_type`, `css_class`, `remark`, `creator`, `create_time`, `updater`, `update_time`, `deleted`) VALUES (1231, 10, 'Vue2 Element UI 标准模版', '10', 'infra_codegen_front_type', 0, '', '', '', '1', '2023-04-13 00:03:55', '1', '2023-04-13 00:03:55', b'0');
INSERT INTO `system_dict_data` (`id`, `sort`, `label`, `value`, `dict_type`, `status`, `color_type`, `css_class`, `remark`, `creator`, `create_time`, `updater`, `update_time`, `deleted`) VALUES (1232, 20, 'Vue3 Element Plus 标准模版', '20', 'infra_codegen_front_type', 0, '', '', '', '1', '2023-04-13 00:04:08', '1', '2023-04-13 00:04:08', b'0');
INSERT INTO `system_dict_data` (`id`, `sort`, `label`, `value`, `dict_type`, `status`, `color_type`, `css_class`, `remark`, `creator`, `create_time`, `updater`, `update_time`, `deleted`) VALUES (1234, 30, 'Vue3 vben 模版', '30', 'infra_codegen_front_type', 0, '', '', '', '1', '2023-04-13 00:04:26', '1', '2023-04-13 00:04:26', b'0');
INSERT INTO `system_dict_data` (`id`, `sort`, `label`, `value`, `dict_type`, `status`, `color_type`, `css_class`, `remark`, `creator`, `create_time`, `updater`, `update_time`, `deleted`) VALUES (1244, 0, '按件', '1', 'trade_delivery_express_charge_mode', 0, '', '', '', '1', '2023-05-21 22:46:40', '1', '2023-05-21 22:46:40', b'0');
INSERT INTO `system_dict_data` (`id`, `sort`, `label`, `value`, `dict_type`, `status`, `color_type`, `css_class`, `remark`, `creator`, `create_time`, `updater`, `update_time`, `deleted`) VALUES (1245, 1, '按重量', '2', 'trade_delivery_express_charge_mode', 0, '', '', '', '1', '2023-05-21 22:46:58', '1', '2023-05-21 22:46:58', b'0');
INSERT INTO `system_dict_data` (`id`, `sort`, `label`, `value`, `dict_type`, `status`, `color_type`, `css_class`, `remark`, `creator`, `create_time`, `updater`, `update_time`, `deleted`) VALUES (1246, 2, '按体积', '3', 'trade_delivery_express_charge_mode', 0, '', '', '', '1', '2023-05-21 22:47:18', '1', '2023-05-21 22:47:18', b'0');
INSERT INTO `system_dict_data` (`id`, `sort`, `label`, `value`, `dict_type`, `status`, `color_type`, `css_class`, `remark`, `creator`, `create_time`, `updater`, `update_time`, `deleted`) VALUES (1335, 11, '订单积分抵扣', '11', 'member_point_biz_type', 0, '', '', '', '1', '2023-06-10 12:15:27', '1', '2023-10-11 07:41:43', b'0');
INSERT INTO `system_dict_data` (`id`, `sort`, `label`, `value`, `dict_type`, `status`, `color_type`, `css_class`, `remark`, `creator`, `create_time`, `updater`, `update_time`, `deleted`) VALUES (1336, 1, '签到', '1', 'member_point_biz_type', 0, '', '', '', '1', '2023-06-10 12:15:48', '1', '2023-08-20 11:59:53', b'0');
INSERT INTO `system_dict_data` (`id`, `sort`, `label`, `value`, `dict_type`, `status`, `color_type`, `css_class`, `remark`, `creator`, `create_time`, `updater`, `update_time`, `deleted`) VALUES (1341, 20, '已退款', '20', 'pay_order_status', 0, 'danger', '', '已退款', '1', '2023-07-19 18:05:37', '1', '2023-07-19 18:05:37', b'0');
INSERT INTO `system_dict_data` (`id`, `sort`, `label`, `value`, `dict_type`, `status`, `color_type`, `css_class`, `remark`, `creator`, `create_time`, `updater`, `update_time`, `deleted`) VALUES (1342, 21, '请求成功，但是结果失败', '21', 'pay_notify_status', 0, 'warning', '', '请求成功，但是结果失败', '1', '2023-07-19 18:10:47', '1', '2023-07-19 18:11:38', b'0');
INSERT INTO `system_dict_data` (`id`, `sort`, `label`, `value`, `dict_type`, `status`, `color_type`, `css_class`, `remark`, `creator`, `create_time`, `updater`, `update_time`, `deleted`) VALUES (1343, 22, '请求失败', '22', 'pay_notify_status', 0, 'warning', '', NULL, '1', '2023-07-19 18:11:05', '1', '2023-07-19 18:11:27', b'0');
INSERT INTO `system_dict_data` (`id`, `sort`, `label`, `value`, `dict_type`, `status`, `color_type`, `css_class`, `remark`, `creator`, `create_time`, `updater`, `update_time`, `deleted`) VALUES (1344, 4, '微信扫码支付', 'wx_native', 'pay_channel_code', 0, 'success', '', '微信扫码支付', '1', '2023-07-19 20:07:47', '1', '2023-07-19 20:09:03', b'0');
INSERT INTO `system_dict_data` (`id`, `sort`, `label`, `value`, `dict_type`, `status`, `color_type`, `css_class`, `remark`, `creator`, `create_time`, `updater`, `update_time`, `deleted`) VALUES (1345, 5, '微信条码支付', 'wx_bar', 'pay_channel_code', 0, 'success', '', '微信条码支付\n', '1', '2023-07-19 20:08:06', '1', '2023-07-19 20:09:08', b'0');
INSERT INTO `system_dict_data` (`id`, `sort`, `label`, `value`, `dict_type`, `status`, `color_type`, `css_class`, `remark`, `creator`, `create_time`, `updater`, `update_time`, `deleted`) VALUES (1346, 1, '支付单', '1', 'pay_notify_type', 0, 'primary', '', '支付单', '1', '2023-07-20 12:23:17', '1', '2023-07-20 12:23:17', b'0');
INSERT INTO `system_dict_data` (`id`, `sort`, `label`, `value`, `dict_type`, `status`, `color_type`, `css_class`, `remark`, `creator`, `create_time`, `updater`, `update_time`, `deleted`) VALUES (1347, 2, '退款单', '2', 'pay_notify_type', 0, 'danger', '', NULL, '1', '2023-07-20 12:23:26', '1', '2023-07-20 12:23:26', b'0');
INSERT INTO `system_dict_data` (`id`, `sort`, `label`, `value`, `dict_type`, `status`, `color_type`, `css_class`, `remark`, `creator`, `create_time`, `updater`, `update_time`, `deleted`) VALUES (1348, 20, '模拟支付', 'mock', 'pay_channel_code', 0, 'default', '', '模拟支付', '1', '2023-07-29 11:10:51', '1', '2023-07-29 03:14:10', b'0');
INSERT INTO `system_dict_data` (`id`, `sort`, `label`, `value`, `dict_type`, `status`, `color_type`, `css_class`, `remark`, `creator`, `create_time`, `updater`, `update_time`, `deleted`) VALUES (1349, 12, '订单积分抵扣（整单取消）', '12', 'member_point_biz_type', 0, '', '', '', '1', '2023-08-20 12:00:03', '1', '2023-10-11 07:42:01', b'0');
INSERT INTO `system_dict_data` (`id`, `sort`, `label`, `value`, `dict_type`, `status`, `color_type`, `css_class`, `remark`, `creator`, `create_time`, `updater`, `update_time`, `deleted`) VALUES (1350, 0, '管理员调整', '0', 'member_experience_biz_type', 0, '', '', NULL, '', '2023-08-22 12:41:01', '', '2023-08-22 12:41:01', b'0');
INSERT INTO `system_dict_data` (`id`, `sort`, `label`, `value`, `dict_type`, `status`, `color_type`, `css_class`, `remark`, `creator`, `create_time`, `updater`, `update_time`, `deleted`) VALUES (1351, 1, '邀新奖励', '1', 'member_experience_biz_type', 0, '', '', NULL, '', '2023-08-22 12:41:01', '', '2023-08-22 12:41:01', b'0');
INSERT INTO `system_dict_data` (`id`, `sort`, `label`, `value`, `dict_type`, `status`, `color_type`, `css_class`, `remark`, `creator`, `create_time`, `updater`, `update_time`, `deleted`) VALUES (1352, 11, '下单奖励', '11', 'member_experience_biz_type', 0, 'success', '', NULL, '', '2023-08-22 12:41:01', '1', '2023-10-11 07:45:09', b'0');
INSERT INTO `system_dict_data` (`id`, `sort`, `label`, `value`, `dict_type`, `status`, `color_type`, `css_class`, `remark`, `creator`, `create_time`, `updater`, `update_time`, `deleted`) VALUES (1353, 12, '下单奖励（整单取消）', '12', 'member_experience_biz_type', 0, 'warning', '', NULL, '', '2023-08-22 12:41:01', '1', '2023-10-11 07:45:01', b'0');
INSERT INTO `system_dict_data` (`id`, `sort`, `label`, `value`, `dict_type`, `status`, `color_type`, `css_class`, `remark`, `creator`, `create_time`, `updater`, `update_time`, `deleted`) VALUES (1354, 4, '签到奖励', '4', 'member_experience_biz_type', 0, '', '', NULL, '', '2023-08-22 12:41:01', '', '2023-08-22 12:41:01', b'0');
INSERT INTO `system_dict_data` (`id`, `sort`, `label`, `value`, `dict_type`, `status`, `color_type`, `css_class`, `remark`, `creator`, `create_time`, `updater`, `update_time`, `deleted`) VALUES (1355, 5, '抽奖奖励', '5', 'member_experience_biz_type', 0, '', '', NULL, '', '2023-08-22 12:41:01', '', '2023-08-22 12:41:01', b'0');
INSERT INTO `system_dict_data` (`id`, `sort`, `label`, `value`, `dict_type`, `status`, `color_type`, `css_class`, `remark`, `creator`, `create_time`, `updater`, `update_time`, `deleted`) VALUES (1356, 1, '快递发货', '1', 'trade_delivery_type', 0, '', '', '', '1', '2023-08-23 00:04:55', '1', '2023-08-23 00:04:55', b'0');
INSERT INTO `system_dict_data` (`id`, `sort`, `label`, `value`, `dict_type`, `status`, `color_type`, `css_class`, `remark`, `creator`, `create_time`, `updater`, `update_time`, `deleted`) VALUES (1357, 2, '用户自提', '2', 'trade_delivery_type', 0, '', '', '', '1', '2023-08-23 00:05:05', '1', '2023-08-23 00:05:05', b'0');
INSERT INTO `system_dict_data` (`id`, `sort`, `label`, `value`, `dict_type`, `status`, `color_type`, `css_class`, `remark`, `creator`, `create_time`, `updater`, `update_time`, `deleted`) VALUES (1358, 3, '品类劵', '3', 'promotion_product_scope', 0, 'default', '', '', '1', '2023-09-01 23:43:07', '1', '2023-09-28 00:27:47', b'0');
INSERT INTO `system_dict_data` (`id`, `sort`, `label`, `value`, `dict_type`, `status`, `color_type`, `css_class`, `remark`, `creator`, `create_time`, `updater`, `update_time`, `deleted`) VALUES (1359, 1, '人人分销', '1', 'brokerage_enabled_condition', 0, '', '', '所有用户都可以分销', '', '2023-09-28 02:46:05', '', '2023-09-28 02:46:05', b'0');
INSERT INTO `system_dict_data` (`id`, `sort`, `label`, `value`, `dict_type`, `status`, `color_type`, `css_class`, `remark`, `creator`, `create_time`, `updater`, `update_time`, `deleted`) VALUES (1360, 2, '指定分销', '2', 'brokerage_enabled_condition', 0, '', '', '仅可后台手动设置推广员', '', '2023-09-28 02:46:05', '', '2023-09-28 02:46:05', b'0');
INSERT INTO `system_dict_data` (`id`, `sort`, `label`, `value`, `dict_type`, `status`, `color_type`, `css_class`, `remark`, `creator`, `create_time`, `updater`, `update_time`, `deleted`) VALUES (1361, 1, '首次绑定', '1', 'brokerage_bind_mode', 0, '', '', '只要用户没有推广人，随时都可以绑定推广关系', '', '2023-09-28 02:46:05', '', '2023-09-28 02:46:05', b'0');
INSERT INTO `system_dict_data` (`id`, `sort`, `label`, `value`, `dict_type`, `status`, `color_type`, `css_class`, `remark`, `creator`, `create_time`, `updater`, `update_time`, `deleted`) VALUES (1362, 2, '注册绑定', '2', 'brokerage_bind_mode', 0, '', '', '仅新用户注册时才能绑定推广关系', '', '2023-09-28 02:46:05', '', '2023-09-28 02:46:05', b'0');
INSERT INTO `system_dict_data` (`id`, `sort`, `label`, `value`, `dict_type`, `status`, `color_type`, `css_class`, `remark`, `creator`, `create_time`, `updater`, `update_time`, `deleted`) VALUES (1363, 3, '覆盖绑定', '3', 'brokerage_bind_mode', 0, '', '', '如果用户已经有推广人，推广人会被变更', '', '2023-09-28 02:46:05', '', '2023-09-28 02:46:05', b'0');
INSERT INTO `system_dict_data` (`id`, `sort`, `label`, `value`, `dict_type`, `status`, `color_type`, `css_class`, `remark`, `creator`, `create_time`, `updater`, `update_time`, `deleted`) VALUES (1364, 1, '钱包', '1', 'brokerage_withdraw_type', 0, '', '', NULL, '', '2023-09-28 02:46:05', '', '2023-09-28 02:46:05', b'0');
INSERT INTO `system_dict_data` (`id`, `sort`, `label`, `value`, `dict_type`, `status`, `color_type`, `css_class`, `remark`, `creator`, `create_time`, `updater`, `update_time`, `deleted`) VALUES (1365, 2, '银行卡', '2', 'brokerage_withdraw_type', 0, '', '', NULL, '', '2023-09-28 02:46:05', '', '2023-09-28 02:46:05', b'0');
INSERT INTO `system_dict_data` (`id`, `sort`, `label`, `value`, `dict_type`, `status`, `color_type`, `css_class`, `remark`, `creator`, `create_time`, `updater`, `update_time`, `deleted`) VALUES (1366, 3, '微信', '3', 'brokerage_withdraw_type', 0, '', '', '手动打款', '', '2023-09-28 02:46:05', '1', '2024-10-13 11:06:54', b'0');
INSERT INTO `system_dict_data` (`id`, `sort`, `label`, `value`, `dict_type`, `status`, `color_type`, `css_class`, `remark`, `creator`, `create_time`, `updater`, `update_time`, `deleted`) VALUES (1367, 4, '支付宝', '4', 'brokerage_withdraw_type', 0, '', '', NULL, '', '2023-09-28 02:46:05', '', '2023-09-28 02:46:05', b'0');
INSERT INTO `system_dict_data` (`id`, `sort`, `label`, `value`, `dict_type`, `status`, `color_type`, `css_class`, `remark`, `creator`, `create_time`, `updater`, `update_time`, `deleted`) VALUES (1368, 1, '订单返佣', '1', 'brokerage_record_biz_type', 0, '', '', NULL, '', '2023-09-28 02:46:05', '', '2023-09-28 02:46:05', b'0');
INSERT INTO `system_dict_data` (`id`, `sort`, `label`, `value`, `dict_type`, `status`, `color_type`, `css_class`, `remark`, `creator`, `create_time`, `updater`, `update_time`, `deleted`) VALUES (1369, 2, '申请提现', '2', 'brokerage_record_biz_type', 0, '', '', NULL, '', '2023-09-28 02:46:05', '', '2023-09-28 02:46:05', b'0');
INSERT INTO `system_dict_data` (`id`, `sort`, `label`, `value`, `dict_type`, `status`, `color_type`, `css_class`, `remark`, `creator`, `create_time`, `updater`, `update_time`, `deleted`) VALUES (1370, 3, '申请提现驳回', '3', 'brokerage_record_biz_type', 0, '', '', NULL, '', '2023-09-28 02:46:05', '', '2023-09-28 02:46:05', b'0');
INSERT INTO `system_dict_data` (`id`, `sort`, `label`, `value`, `dict_type`, `status`, `color_type`, `css_class`, `remark`, `creator`, `create_time`, `updater`, `update_time`, `deleted`) VALUES (1371, 0, '待结算', '0', 'brokerage_record_status', 0, '', '', NULL, '', '2023-09-28 02:46:05', '', '2023-09-28 02:46:05', b'0');
INSERT INTO `system_dict_data` (`id`, `sort`, `label`, `value`, `dict_type`, `status`, `color_type`, `css_class`, `remark`, `creator`, `create_time`, `updater`, `update_time`, `deleted`) VALUES (1372, 1, '已结算', '1', 'brokerage_record_status', 0, '', '', NULL, '', '2023-09-28 02:46:05', '', '2023-09-28 02:46:05', b'0');
INSERT INTO `system_dict_data` (`id`, `sort`, `label`, `value`, `dict_type`, `status`, `color_type`, `css_class`, `remark`, `creator`, `create_time`, `updater`, `update_time`, `deleted`) VALUES (1373, 2, '已取消', '2', 'brokerage_record_status', 0, '', '', NULL, '', '2023-09-28 02:46:05', '', '2023-09-28 02:46:05', b'0');
INSERT INTO `system_dict_data` (`id`, `sort`, `label`, `value`, `dict_type`, `status`, `color_type`, `css_class`, `remark`, `creator`, `create_time`, `updater`, `update_time`, `deleted`) VALUES (1374, 0, '审核中', '0', 'brokerage_withdraw_status', 0, '', '', NULL, '', '2023-09-28 02:46:05', '', '2023-09-28 02:46:05', b'0');
INSERT INTO `system_dict_data` (`id`, `sort`, `label`, `value`, `dict_type`, `status`, `color_type`, `css_class`, `remark`, `creator`, `create_time`, `updater`, `update_time`, `deleted`) VALUES (1375, 10, '审核通过', '10', 'brokerage_withdraw_status', 0, 'success', '', NULL, '', '2023-09-28 02:46:05', '', '2023-09-28 02:46:05', b'0');
INSERT INTO `system_dict_data` (`id`, `sort`, `label`, `value`, `dict_type`, `status`, `color_type`, `css_class`, `remark`, `creator`, `create_time`, `updater`, `update_time`, `deleted`) VALUES (1376, 11, '提现成功', '11', 'brokerage_withdraw_status', 0, 'success', '', NULL, '', '2023-09-28 02:46:05', '', '2023-09-28 02:46:05', b'0');
INSERT INTO `system_dict_data` (`id`, `sort`, `label`, `value`, `dict_type`, `status`, `color_type`, `css_class`, `remark`, `creator`, `create_time`, `updater`, `update_time`, `deleted`) VALUES (1377, 20, '审核不通过', '20', 'brokerage_withdraw_status', 0, 'danger', '', NULL, '', '2023-09-28 02:46:05', '', '2023-09-28 02:46:05', b'0');
INSERT INTO `system_dict_data` (`id`, `sort`, `label`, `value`, `dict_type`, `status`, `color_type`, `css_class`, `remark`, `creator`, `create_time`, `updater`, `update_time`, `deleted`) VALUES (1378, 21, '提现失败', '21', 'brokerage_withdraw_status', 0, 'danger', '', NULL, '', '2023-09-28 02:46:05', '', '2023-09-28 02:46:05', b'0');
INSERT INTO `system_dict_data` (`id`, `sort`, `label`, `value`, `dict_type`, `status`, `color_type`, `css_class`, `remark`, `creator`, `create_time`, `updater`, `update_time`, `deleted`) VALUES (1379, 0, '工商银行', '0', 'brokerage_bank_name', 0, '', '', NULL, '', '2023-09-28 02:46:05', '', '2023-09-28 02:46:05', b'0');
INSERT INTO `system_dict_data` (`id`, `sort`, `label`, `value`, `dict_type`, `status`, `color_type`, `css_class`, `remark`, `creator`, `create_time`, `updater`, `update_time`, `deleted`) VALUES (1380, 1, '建设银行', '1', 'brokerage_bank_name', 0, '', '', NULL, '', '2023-09-28 02:46:05', '', '2023-09-28 02:46:05', b'0');
INSERT INTO `system_dict_data` (`id`, `sort`, `label`, `value`, `dict_type`, `status`, `color_type`, `css_class`, `remark`, `creator`, `create_time`, `updater`, `update_time`, `deleted`) VALUES (1381, 2, '农业银行', '2', 'brokerage_bank_name', 0, '', '', NULL, '', '2023-09-28 02:46:05', '', '2023-09-28 02:46:05', b'0');
INSERT INTO `system_dict_data` (`id`, `sort`, `label`, `value`, `dict_type`, `status`, `color_type`, `css_class`, `remark`, `creator`, `create_time`, `updater`, `update_time`, `deleted`) VALUES (1382, 3, '中国银行', '3', 'brokerage_bank_name', 0, '', '', NULL, '', '2023-09-28 02:46:05', '', '2023-09-28 02:46:05', b'0');
INSERT INTO `system_dict_data` (`id`, `sort`, `label`, `value`, `dict_type`, `status`, `color_type`, `css_class`, `remark`, `creator`, `create_time`, `updater`, `update_time`, `deleted`) VALUES (1383, 4, '交通银行', '4', 'brokerage_bank_name', 0, '', '', NULL, '', '2023-09-28 02:46:05', '', '2023-09-28 02:46:05', b'0');
INSERT INTO `system_dict_data` (`id`, `sort`, `label`, `value`, `dict_type`, `status`, `color_type`, `css_class`, `remark`, `creator`, `create_time`, `updater`, `update_time`, `deleted`) VALUES (1384, 5, '招商银行', '5', 'brokerage_bank_name', 0, '', '', NULL, '', '2023-09-28 02:46:05', '', '2023-09-28 02:46:05', b'0');
INSERT INTO `system_dict_data` (`id`, `sort`, `label`, `value`, `dict_type`, `status`, `color_type`, `css_class`, `remark`, `creator`, `create_time`, `updater`, `update_time`, `deleted`) VALUES (1385, 21, '钱包', 'wallet', 'pay_channel_code', 0, 'primary', '', '', '1', '2023-10-01 21:46:19', '1', '2023-10-01 21:48:01', b'0');
INSERT INTO `system_dict_data` (`id`, `sort`, `label`, `value`, `dict_type`, `status`, `color_type`, `css_class`, `remark`, `creator`, `create_time`, `updater`, `update_time`, `deleted`) VALUES (1386, 1, '砍价中', '1', 'promotion_bargain_record_status', 0, 'default', '', '', '1', '2023-10-05 10:41:26', '1', '2023-10-05 10:41:26', b'0');
INSERT INTO `system_dict_data` (`id`, `sort`, `label`, `value`, `dict_type`, `status`, `color_type`, `css_class`, `remark`, `creator`, `create_time`, `updater`, `update_time`, `deleted`) VALUES (1387, 2, '砍价成功', '2', 'promotion_bargain_record_status', 0, 'success', '', '', '1', '2023-10-05 10:41:39', '1', '2023-10-05 10:41:39', b'0');
INSERT INTO `system_dict_data` (`id`, `sort`, `label`, `value`, `dict_type`, `status`, `color_type`, `css_class`, `remark`, `creator`, `create_time`, `updater`, `update_time`, `deleted`) VALUES (1388, 3, '砍价失败', '3', 'promotion_bargain_record_status', 0, 'warning', '', '', '1', '2023-10-05 10:41:57', '1', '2023-10-05 10:41:57', b'0');
INSERT INTO `system_dict_data` (`id`, `sort`, `label`, `value`, `dict_type`, `status`, `color_type`, `css_class`, `remark`, `creator`, `create_time`, `updater`, `update_time`, `deleted`) VALUES (1389, 0, '拼团中', '0', 'promotion_combination_record_status', 0, '', '', '', '1', '2023-10-08 07:24:44', '1', '2024-10-13 10:08:17', b'0');
INSERT INTO `system_dict_data` (`id`, `sort`, `label`, `value`, `dict_type`, `status`, `color_type`, `css_class`, `remark`, `creator`, `create_time`, `updater`, `update_time`, `deleted`) VALUES (1390, 1, '拼团成功', '1', 'promotion_combination_record_status', 0, 'success', '', '', '1', '2023-10-08 07:24:56', '1', '2024-10-13 10:08:20', b'0');
INSERT INTO `system_dict_data` (`id`, `sort`, `label`, `value`, `dict_type`, `status`, `color_type`, `css_class`, `remark`, `creator`, `create_time`, `updater`, `update_time`, `deleted`) VALUES (1391, 2, '拼团失败', '2', 'promotion_combination_record_status', 0, 'warning', '', '', '1', '2023-10-08 07:25:11', '1', '2024-10-13 10:08:24', b'0');
INSERT INTO `system_dict_data` (`id`, `sort`, `label`, `value`, `dict_type`, `status`, `color_type`, `css_class`, `remark`, `creator`, `create_time`, `updater`, `update_time`, `deleted`) VALUES (1392, 2, '管理员修改', '2', 'member_point_biz_type', 0, 'default', '', '', '1', '2023-10-11 07:41:34', '1', '2023-10-11 07:41:34', b'0');
INSERT INTO `system_dict_data` (`id`, `sort`, `label`, `value`, `dict_type`, `status`, `color_type`, `css_class`, `remark`, `creator`, `create_time`, `updater`, `update_time`, `deleted`) VALUES (1393, 13, '订单积分抵扣（单个退款）', '13', 'member_point_biz_type', 0, '', '', '', '1', '2023-10-11 07:42:29', '1', '2023-10-11 07:42:29', b'0');
INSERT INTO `system_dict_data` (`id`, `sort`, `label`, `value`, `dict_type`, `status`, `color_type`, `css_class`, `remark`, `creator`, `create_time`, `updater`, `update_time`, `deleted`) VALUES (1394, 21, '订单积分奖励', '21', 'member_point_biz_type', 0, 'default', '', '', '1', '2023-10-11 07:42:44', '1', '2023-10-11 07:42:44', b'0');
INSERT INTO `system_dict_data` (`id`, `sort`, `label`, `value`, `dict_type`, `status`, `color_type`, `css_class`, `remark`, `creator`, `create_time`, `updater`, `update_time`, `deleted`) VALUES (1395, 22, '订单积分奖励（整单取消）', '22', 'member_point_biz_type', 0, 'default', '', '', '1', '2023-10-11 07:42:55', '1', '2023-10-11 07:43:01', b'0');
INSERT INTO `system_dict_data` (`id`, `sort`, `label`, `value`, `dict_type`, `status`, `color_type`, `css_class`, `remark`, `creator`, `create_time`, `updater`, `update_time`, `deleted`) VALUES (1396, 23, '订单积分奖励（单个退款）', '23', 'member_point_biz_type', 0, 'default', '', '', '1', '2023-10-11 07:43:16', '1', '2023-10-11 07:43:16', b'0');
INSERT INTO `system_dict_data` (`id`, `sort`, `label`, `value`, `dict_type`, `status`, `color_type`, `css_class`, `remark`, `creator`, `create_time`, `updater`, `update_time`, `deleted`) VALUES (1397, 13, '下单奖励（单个退款）', '13', 'member_experience_biz_type', 0, 'warning', '', '', '1', '2023-10-11 07:45:24', '1', '2023-10-11 07:45:38', b'0');
INSERT INTO `system_dict_data` (`id`, `sort`, `label`, `value`, `dict_type`, `status`, `color_type`, `css_class`, `remark`, `creator`, `create_time`, `updater`, `update_time`, `deleted`) VALUES (1398, 5, '网上转账', '5', 'crm_receivable_return_type', 0, 'default', '', '', '1', '2023-10-18 21:55:24', '1', '2023-10-18 21:55:24', b'0');
INSERT INTO `system_dict_data` (`id`, `sort`, `label`, `value`, `dict_type`, `status`, `color_type`, `css_class`, `remark`, `creator`, `create_time`, `updater`, `update_time`, `deleted`) VALUES (1399, 6, '支付宝', '6', 'crm_receivable_return_type', 0, 'default', '', '', '1', '2023-10-18 21:55:38', '1', '2023-10-18 21:55:38', b'0');
INSERT INTO `system_dict_data` (`id`, `sort`, `label`, `value`, `dict_type`, `status`, `color_type`, `css_class`, `remark`, `creator`, `create_time`, `updater`, `update_time`, `deleted`) VALUES (1400, 7, '微信支付', '7', 'crm_receivable_return_type', 0, 'default', '', '', '1', '2023-10-18 21:55:53', '1', '2023-10-18 21:55:53', b'0');
INSERT INTO `system_dict_data` (`id`, `sort`, `label`, `value`, `dict_type`, `status`, `color_type`, `css_class`, `remark`, `creator`, `create_time`, `updater`, `update_time`, `deleted`) VALUES (1401, 8, '其他', '8', 'crm_receivable_return_type', 0, 'default', '', '', '1', '2023-10-18 21:56:06', '1', '2023-10-18 21:56:06', b'0');
INSERT INTO `system_dict_data` (`id`, `sort`, `label`, `value`, `dict_type`, `status`, `color_type`, `css_class`, `remark`, `creator`, `create_time`, `updater`, `update_time`, `deleted`) VALUES (1402, 1, 'IT', '1', 'crm_customer_industry', 0, 'default', '', '', '1', '2023-10-28 23:02:15', '1', '2024-02-18 23:30:38', b'0');
INSERT INTO `system_dict_data` (`id`, `sort`, `label`, `value`, `dict_type`, `status`, `color_type`, `css_class`, `remark`, `creator`, `create_time`, `updater`, `update_time`, `deleted`) VALUES (1403, 2, '金融业', '2', 'crm_customer_industry', 0, 'default', '', '', '1', '2023-10-28 23:02:29', '1', '2024-02-18 23:30:43', b'0');
INSERT INTO `system_dict_data` (`id`, `sort`, `label`, `value`, `dict_type`, `status`, `color_type`, `css_class`, `remark`, `creator`, `create_time`, `updater`, `update_time`, `deleted`) VALUES (1404, 3, '房地产', '3', 'crm_customer_industry', 0, 'default', '', '', '1', '2023-10-28 23:02:41', '1', '2024-02-18 23:30:48', b'0');
INSERT INTO `system_dict_data` (`id`, `sort`, `label`, `value`, `dict_type`, `status`, `color_type`, `css_class`, `remark`, `creator`, `create_time`, `updater`, `update_time`, `deleted`) VALUES (1405, 4, '商业服务', '4', 'crm_customer_industry', 0, 'default', '', '', '1', '2023-10-28 23:02:54', '1', '2024-02-18 23:30:54', b'0');
INSERT INTO `system_dict_data` (`id`, `sort`, `label`, `value`, `dict_type`, `status`, `color_type`, `css_class`, `remark`, `creator`, `create_time`, `updater`, `update_time`, `deleted`) VALUES (1406, 5, '运输/物流', '5', 'crm_customer_industry', 0, 'default', '', '', '1', '2023-10-28 23:03:03', '1', '2024-02-18 23:31:00', b'0');
INSERT INTO `system_dict_data` (`id`, `sort`, `label`, `value`, `dict_type`, `status`, `color_type`, `css_class`, `remark`, `creator`, `create_time`, `updater`, `update_time`, `deleted`) VALUES (1407, 6, '生产', '6', 'crm_customer_industry', 0, 'default', '', '', '1', '2023-10-28 23:03:13', '1', '2024-02-18 23:31:08', b'0');
INSERT INTO `system_dict_data` (`id`, `sort`, `label`, `value`, `dict_type`, `status`, `color_type`, `css_class`, `remark`, `creator`, `create_time`, `updater`, `update_time`, `deleted`) VALUES (1408, 7, '政府', '7', 'crm_customer_industry', 0, 'default', '', '', '1', '2023-10-28 23:03:27', '1', '2024-02-18 23:31:13', b'0');
INSERT INTO `system_dict_data` (`id`, `sort`, `label`, `value`, `dict_type`, `status`, `color_type`, `css_class`, `remark`, `creator`, `create_time`, `updater`, `update_time`, `deleted`) VALUES (1409, 8, '文化传媒', '8', 'crm_customer_industry', 0, 'default', '', '', '1', '2023-10-28 23:03:37', '1', '2024-02-18 23:31:20', b'0');
INSERT INTO `system_dict_data` (`id`, `sort`, `label`, `value`, `dict_type`, `status`, `color_type`, `css_class`, `remark`, `creator`, `create_time`, `updater`, `update_time`, `deleted`) VALUES (1422, 1, 'A （重点客户）', '1', 'crm_customer_level', 0, 'primary', '', '', '1', '2023-10-28 23:07:13', '1', '2023-10-28 23:07:13', b'0');
INSERT INTO `system_dict_data` (`id`, `sort`, `label`, `value`, `dict_type`, `status`, `color_type`, `css_class`, `remark`, `creator`, `create_time`, `updater`, `update_time`, `deleted`) VALUES (1423, 2, 'B （普通客户）', '2', 'crm_customer_level', 0, 'info', '', '', '1', '2023-10-28 23:07:35', '1', '2023-10-28 23:07:35', b'0');
INSERT INTO `system_dict_data` (`id`, `sort`, `label`, `value`, `dict_type`, `status`, `color_type`, `css_class`, `remark`, `creator`, `create_time`, `updater`, `update_time`, `deleted`) VALUES (1424, 3, 'C （非优先客户）', '3', 'crm_customer_level', 0, 'default', '', '', '1', '2023-10-28 23:07:53', '1', '2023-10-28 23:07:53', b'0');
INSERT INTO `system_dict_data` (`id`, `sort`, `label`, `value`, `dict_type`, `status`, `color_type`, `css_class`, `remark`, `creator`, `create_time`, `updater`, `update_time`, `deleted`) VALUES (1425, 1, '促销', '1', 'crm_customer_source', 0, 'default', '', '', '1', '2023-10-28 23:08:29', '1', '2023-10-28 23:08:29', b'0');
INSERT INTO `system_dict_data` (`id`, `sort`, `label`, `value`, `dict_type`, `status`, `color_type`, `css_class`, `remark`, `creator`, `create_time`, `updater`, `update_time`, `deleted`) VALUES (1426, 2, '搜索引擎', '2', 'crm_customer_source', 0, 'default', '', '', '1', '2023-10-28 23:08:39', '1', '2023-10-28 23:08:39', b'0');
INSERT INTO `system_dict_data` (`id`, `sort`, `label`, `value`, `dict_type`, `status`, `color_type`, `css_class`, `remark`, `creator`, `create_time`, `updater`, `update_time`, `deleted`) VALUES (1427, 3, '广告', '3', 'crm_customer_source', 0, 'default', '', '', '1', '2023-10-28 23:08:47', '1', '2023-10-28 23:08:47', b'0');
INSERT INTO `system_dict_data` (`id`, `sort`, `label`, `value`, `dict_type`, `status`, `color_type`, `css_class`, `remark`, `creator`, `create_time`, `updater`, `update_time`, `deleted`) VALUES (1428, 4, '转介绍', '4', 'crm_customer_source', 0, 'default', '', '', '1', '2023-10-28 23:08:58', '1', '2023-10-28 23:08:58', b'0');
INSERT INTO `system_dict_data` (`id`, `sort`, `label`, `value`, `dict_type`, `status`, `color_type`, `css_class`, `remark`, `creator`, `create_time`, `updater`, `update_time`, `deleted`) VALUES (1429, 5, '线上注册', '5', 'crm_customer_source', 0, 'default', '', '', '1', '2023-10-28 23:09:12', '1', '2023-10-28 23:09:12', b'0');
INSERT INTO `system_dict_data` (`id`, `sort`, `label`, `value`, `dict_type`, `status`, `color_type`, `css_class`, `remark`, `creator`, `create_time`, `updater`, `update_time`, `deleted`) VALUES (1430, 6, '线上咨询', '6', 'crm_customer_source', 0, 'default', '', '', '1', '2023-10-28 23:09:22', '1', '2023-10-28 23:09:22', b'0');
INSERT INTO `system_dict_data` (`id`, `sort`, `label`, `value`, `dict_type`, `status`, `color_type`, `css_class`, `remark`, `creator`, `create_time`, `updater`, `update_time`, `deleted`) VALUES (1431, 7, '预约上门', '7', 'crm_customer_source', 0, 'default', '', '', '1', '2023-10-28 23:09:39', '1', '2023-10-28 23:09:39', b'0');
INSERT INTO `system_dict_data` (`id`, `sort`, `label`, `value`, `dict_type`, `status`, `color_type`, `css_class`, `remark`, `creator`, `create_time`, `updater`, `update_time`, `deleted`) VALUES (1432, 8, '陌拜', '8', 'crm_customer_source', 0, 'default', '', '', '1', '2023-10-28 23:10:04', '1', '2023-10-28 23:10:04', b'0');
INSERT INTO `system_dict_data` (`id`, `sort`, `label`, `value`, `dict_type`, `status`, `color_type`, `css_class`, `remark`, `creator`, `create_time`, `updater`, `update_time`, `deleted`) VALUES (1433, 9, '电话咨询', '9', 'crm_customer_source', 0, 'default', '', '', '1', '2023-10-28 23:10:18', '1', '2023-10-28 23:10:18', b'0');
INSERT INTO `system_dict_data` (`id`, `sort`, `label`, `value`, `dict_type`, `status`, `color_type`, `css_class`, `remark`, `creator`, `create_time`, `updater`, `update_time`, `deleted`) VALUES (1434, 10, '邮件咨询', '10', 'crm_customer_source', 0, 'default', '', '', '1', '2023-10-28 23:10:33', '1', '2023-10-28 23:10:33', b'0');
INSERT INTO `system_dict_data` (`id`, `sort`, `label`, `value`, `dict_type`, `status`, `color_type`, `css_class`, `remark`, `creator`, `create_time`, `updater`, `update_time`, `deleted`) VALUES (1435, 10, 'Gitee', '10', 'system_social_type', 0, '', '', '', '1', '2023-11-04 13:04:42', '1', '2023-11-04 13:04:42', b'0');
INSERT INTO `system_dict_data` (`id`, `sort`, `label`, `value`, `dict_type`, `status`, `color_type`, `css_class`, `remark`, `creator`, `create_time`, `updater`, `update_time`, `deleted`) VALUES (1436, 20, '钉钉', '20', 'system_social_type', 0, '', '', '', '1', '2023-11-04 13:04:54', '1', '2023-11-04 13:04:54', b'0');
INSERT INTO `system_dict_data` (`id`, `sort`, `label`, `value`, `dict_type`, `status`, `color_type`, `css_class`, `remark`, `creator`, `create_time`, `updater`, `update_time`, `deleted`) VALUES (1437, 30, '企业微信', '30', 'system_social_type', 0, '', '', '', '1', '2023-11-04 13:05:09', '1', '2023-11-04 13:05:09', b'0');
INSERT INTO `system_dict_data` (`id`, `sort`, `label`, `value`, `dict_type`, `status`, `color_type`, `css_class`, `remark`, `creator`, `create_time`, `updater`, `update_time`, `deleted`) VALUES (1438, 31, '微信公众平台', '31', 'system_social_type', 0, '', '', '', '1', '2023-11-04 13:05:18', '1', '2023-11-04 13:05:18', b'0');
INSERT INTO `system_dict_data` (`id`, `sort`, `label`, `value`, `dict_type`, `status`, `color_type`, `css_class`, `remark`, `creator`, `create_time`, `updater`, `update_time`, `deleted`) VALUES (1439, 32, '微信开放平台', '32', 'system_social_type', 0, '', '', '', '1', '2023-11-04 13:05:30', '1', '2023-11-04 13:05:30', b'0');
INSERT INTO `system_dict_data` (`id`, `sort`, `label`, `value`, `dict_type`, `status`, `color_type`, `css_class`, `remark`, `creator`, `create_time`, `updater`, `update_time`, `deleted`) VALUES (1440, 34, '微信小程序', '34', 'system_social_type', 0, '', '', '', '1', '2023-11-04 13:05:38', '1', '2023-11-04 13:07:16', b'0');
INSERT INTO `system_dict_data` (`id`, `sort`, `label`, `value`, `dict_type`, `status`, `color_type`, `css_class`, `remark`, `creator`, `create_time`, `updater`, `update_time`, `deleted`) VALUES (1441, 1, '上架', '1', 'crm_product_status', 0, 'success', '', '', '1', '2023-10-30 21:49:34', '1', '2023-10-30 21:49:34', b'0');
INSERT INTO `system_dict_data` (`id`, `sort`, `label`, `value`, `dict_type`, `status`, `color_type`, `css_class`, `remark`, `creator`, `create_time`, `updater`, `update_time`, `deleted`) VALUES (1442, 0, '下架', '0', 'crm_product_status', 0, 'success', '', '', '1', '2023-10-30 21:49:13', '1', '2023-10-30 21:49:13', b'0');
INSERT INTO `system_dict_data` (`id`, `sort`, `label`, `value`, `dict_type`, `status`, `color_type`, `css_class`, `remark`, `creator`, `create_time`, `updater`, `update_time`, `deleted`) VALUES (1443, 15, '子表', '15', 'infra_codegen_template_type', 0, 'default', '', '', '1', '2023-11-13 23:06:16', '1', '2023-11-13 23:06:16', b'0');
INSERT INTO `system_dict_data` (`id`, `sort`, `label`, `value`, `dict_type`, `status`, `color_type`, `css_class`, `remark`, `creator`, `create_time`, `updater`, `update_time`, `deleted`) VALUES (1444, 10, '主表（标准模式）', '10', 'infra_codegen_template_type', 0, 'default', '', '', '1', '2023-11-14 12:32:49', '1', '2023-11-14 12:32:49', b'0');
INSERT INTO `system_dict_data` (`id`, `sort`, `label`, `value`, `dict_type`, `status`, `color_type`, `css_class`, `remark`, `creator`, `create_time`, `updater`, `update_time`, `deleted`) VALUES (1445, 11, '主表（ERP 模式）', '11', 'infra_codegen_template_type', 0, 'default', '', '', '1', '2023-11-14 12:33:05', '1', '2023-11-14 12:33:05', b'0');
INSERT INTO `system_dict_data` (`id`, `sort`, `label`, `value`, `dict_type`, `status`, `color_type`, `css_class`, `remark`, `creator`, `create_time`, `updater`, `update_time`, `deleted`) VALUES (1446, 12, '主表（内嵌模式）', '12', 'infra_codegen_template_type', 0, '', '', '', '1', '2023-11-14 12:33:31', '1', '2023-11-14 12:33:31', b'0');
INSERT INTO `system_dict_data` (`id`, `sort`, `label`, `value`, `dict_type`, `status`, `color_type`, `css_class`, `remark`, `creator`, `create_time`, `updater`, `update_time`, `deleted`) VALUES (1447, 1, '负责人', '1', 'crm_permission_level', 0, 'default', '', '', '1', '2023-11-30 09:53:12', '1', '2023-11-30 09:53:12', b'0');
INSERT INTO `system_dict_data` (`id`, `sort`, `label`, `value`, `dict_type`, `status`, `color_type`, `css_class`, `remark`, `creator`, `create_time`, `updater`, `update_time`, `deleted`) VALUES (1448, 2, '只读', '2', 'crm_permission_level', 0, '', '', '', '1', '2023-11-30 09:53:29', '1', '2023-11-30 09:53:29', b'0');
INSERT INTO `system_dict_data` (`id`, `sort`, `label`, `value`, `dict_type`, `status`, `color_type`, `css_class`, `remark`, `creator`, `create_time`, `updater`, `update_time`, `deleted`) VALUES (1449, 3, '读写', '3', 'crm_permission_level', 0, '', '', '', '1', '2023-11-30 09:53:36', '1', '2023-11-30 09:53:36', b'0');
INSERT INTO `system_dict_data` (`id`, `sort`, `label`, `value`, `dict_type`, `status`, `color_type`, `css_class`, `remark`, `creator`, `create_time`, `updater`, `update_time`, `deleted`) VALUES (1450, 0, '未提交', '0', 'crm_audit_status', 0, '', '', '', '1', '2023-11-30 18:56:59', '1', '2023-11-30 18:56:59', b'0');
INSERT INTO `system_dict_data` (`id`, `sort`, `label`, `value`, `dict_type`, `status`, `color_type`, `css_class`, `remark`, `creator`, `create_time`, `updater`, `update_time`, `deleted`) VALUES (1451, 10, '审批中', '10', 'crm_audit_status', 0, '', '', '', '1', '2023-11-30 18:57:10', '1', '2023-11-30 18:57:10', b'0');
INSERT INTO `system_dict_data` (`id`, `sort`, `label`, `value`, `dict_type`, `status`, `color_type`, `css_class`, `remark`, `creator`, `create_time`, `updater`, `update_time`, `deleted`) VALUES (1452, 20, '审核通过', '20', 'crm_audit_status', 0, '', '', '', '1', '2023-11-30 18:57:24', '1', '2023-11-30 18:57:24', b'0');
INSERT INTO `system_dict_data` (`id`, `sort`, `label`, `value`, `dict_type`, `status`, `color_type`, `css_class`, `remark`, `creator`, `create_time`, `updater`, `update_time`, `deleted`) VALUES (1453, 30, '审核不通过', '30', 'crm_audit_status', 0, '', '', '', '1', '2023-11-30 18:57:32', '1', '2023-11-30 18:57:32', b'0');
INSERT INTO `system_dict_data` (`id`, `sort`, `label`, `value`, `dict_type`, `status`, `color_type`, `css_class`, `remark`, `creator`, `create_time`, `updater`, `update_time`, `deleted`) VALUES (1454, 40, '已取消', '40', 'crm_audit_status', 0, '', '', '', '1', '2023-11-30 18:57:42', '1', '2023-11-30 18:57:42', b'0');
INSERT INTO `system_dict_data` (`id`, `sort`, `label`, `value`, `dict_type`, `status`, `color_type`, `css_class`, `remark`, `creator`, `create_time`, `updater`, `update_time`, `deleted`) VALUES (1456, 1, '支票', '1', 'crm_receivable_return_type', 0, 'default', '', '', '1', '2023-10-18 21:54:29', '1', '2023-10-18 21:54:29', b'0');
INSERT INTO `system_dict_data` (`id`, `sort`, `label`, `value`, `dict_type`, `status`, `color_type`, `css_class`, `remark`, `creator`, `create_time`, `updater`, `update_time`, `deleted`) VALUES (1457, 2, '现金', '2', 'crm_receivable_return_type', 0, 'default', '', '', '1', '2023-10-18 21:54:41', '1', '2023-10-18 21:54:41', b'0');
INSERT INTO `system_dict_data` (`id`, `sort`, `label`, `value`, `dict_type`, `status`, `color_type`, `css_class`, `remark`, `creator`, `create_time`, `updater`, `update_time`, `deleted`) VALUES (1458, 3, '邮政汇款', '3', 'crm_receivable_return_type', 0, 'default', '', '', '1', '2023-10-18 21:54:53', '1', '2023-10-18 21:54:53', b'0');
INSERT INTO `system_dict_data` (`id`, `sort`, `label`, `value`, `dict_type`, `status`, `color_type`, `css_class`, `remark`, `creator`, `create_time`, `updater`, `update_time`, `deleted`) VALUES (1459, 4, '电汇', '4', 'crm_receivable_return_type', 0, 'default', '', '', '1', '2023-10-18 21:55:07', '1', '2023-10-18 21:55:07', b'0');
INSERT INTO `system_dict_data` (`id`, `sort`, `label`, `value`, `dict_type`, `status`, `color_type`, `css_class`, `remark`, `creator`, `create_time`, `updater`, `update_time`, `deleted`) VALUES (1461, 1, '个', '1', 'crm_product_unit', 0, '', '', '', '1', '2023-12-05 23:02:26', '1', '2023-12-05 23:02:26', b'0');
INSERT INTO `system_dict_data` (`id`, `sort`, `label`, `value`, `dict_type`, `status`, `color_type`, `css_class`, `remark`, `creator`, `create_time`, `updater`, `update_time`, `deleted`) VALUES (1462, 2, '块', '2', 'crm_product_unit', 0, '', '', '', '1', '2023-12-05 23:02:34', '1', '2023-12-05 23:02:34', b'0');
INSERT INTO `system_dict_data` (`id`, `sort`, `label`, `value`, `dict_type`, `status`, `color_type`, `css_class`, `remark`, `creator`, `create_time`, `updater`, `update_time`, `deleted`) VALUES (1463, 3, '只', '3', 'crm_product_unit', 0, '', '', '', '1', '2023-12-05 23:02:57', '1', '2023-12-05 23:02:57', b'0');
INSERT INTO `system_dict_data` (`id`, `sort`, `label`, `value`, `dict_type`, `status`, `color_type`, `css_class`, `remark`, `creator`, `create_time`, `updater`, `update_time`, `deleted`) VALUES (1464, 4, '把', '4', 'crm_product_unit', 0, '', '', '', '1', '2023-12-05 23:03:05', '1', '2023-12-05 23:03:05', b'0');
INSERT INTO `system_dict_data` (`id`, `sort`, `label`, `value`, `dict_type`, `status`, `color_type`, `css_class`, `remark`, `creator`, `create_time`, `updater`, `update_time`, `deleted`) VALUES (1465, 5, '枚', '5', 'crm_product_unit', 0, '', '', '', '1', '2023-12-05 23:03:14', '1', '2023-12-05 23:03:14', b'0');
INSERT INTO `system_dict_data` (`id`, `sort`, `label`, `value`, `dict_type`, `status`, `color_type`, `css_class`, `remark`, `creator`, `create_time`, `updater`, `update_time`, `deleted`) VALUES (1466, 6, '瓶', '6', 'crm_product_unit', 0, '', '', '', '1', '2023-12-05 23:03:20', '1', '2023-12-05 23:03:20', b'0');
INSERT INTO `system_dict_data` (`id`, `sort`, `label`, `value`, `dict_type`, `status`, `color_type`, `css_class`, `remark`, `creator`, `create_time`, `updater`, `update_time`, `deleted`) VALUES (1467, 7, '盒', '7', 'crm_product_unit', 0, '', '', '', '1', '2023-12-05 23:03:30', '1', '2023-12-05 23:03:30', b'0');
INSERT INTO `system_dict_data` (`id`, `sort`, `label`, `value`, `dict_type`, `status`, `color_type`, `css_class`, `remark`, `creator`, `create_time`, `updater`, `update_time`, `deleted`) VALUES (1468, 8, '台', '8', 'crm_product_unit', 0, '', '', '', '1', '2023-12-05 23:03:41', '1', '2023-12-05 23:03:41', b'0');
INSERT INTO `system_dict_data` (`id`, `sort`, `label`, `value`, `dict_type`, `status`, `color_type`, `css_class`, `remark`, `creator`, `create_time`, `updater`, `update_time`, `deleted`) VALUES (1469, 9, '吨', '9', 'crm_product_unit', 0, '', '', '', '1', '2023-12-05 23:03:48', '1', '2023-12-05 23:03:48', b'0');
INSERT INTO `system_dict_data` (`id`, `sort`, `label`, `value`, `dict_type`, `status`, `color_type`, `css_class`, `remark`, `creator`, `create_time`, `updater`, `update_time`, `deleted`) VALUES (1470, 10, '千克', '10', 'crm_product_unit', 0, '', '', '', '1', '2023-12-05 23:04:03', '1', '2023-12-05 23:04:03', b'0');
INSERT INTO `system_dict_data` (`id`, `sort`, `label`, `value`, `dict_type`, `status`, `color_type`, `css_class`, `remark`, `creator`, `create_time`, `updater`, `update_time`, `deleted`) VALUES (1471, 11, '米', '11', 'crm_product_unit', 0, '', '', '', '1', '2023-12-05 23:04:12', '1', '2023-12-05 23:04:12', b'0');
INSERT INTO `system_dict_data` (`id`, `sort`, `label`, `value`, `dict_type`, `status`, `color_type`, `css_class`, `remark`, `creator`, `create_time`, `updater`, `update_time`, `deleted`) VALUES (1472, 12, '箱', '12', 'crm_product_unit', 0, '', '', '', '1', '2023-12-05 23:04:25', '1', '2023-12-05 23:04:25', b'0');
INSERT INTO `system_dict_data` (`id`, `sort`, `label`, `value`, `dict_type`, `status`, `color_type`, `css_class`, `remark`, `creator`, `create_time`, `updater`, `update_time`, `deleted`) VALUES (1473, 13, '套', '13', 'crm_product_unit', 0, '', '', '', '1', '2023-12-05 23:04:34', '1', '2023-12-05 23:04:34', b'0');
INSERT INTO `system_dict_data` (`id`, `sort`, `label`, `value`, `dict_type`, `status`, `color_type`, `css_class`, `remark`, `creator`, `create_time`, `updater`, `update_time`, `deleted`) VALUES (1474, 1, '打电话', '1', 'crm_follow_up_type', 0, '', '', '', '1', '2024-01-15 20:48:20', '1', '2024-01-15 20:48:20', b'0');
INSERT INTO `system_dict_data` (`id`, `sort`, `label`, `value`, `dict_type`, `status`, `color_type`, `css_class`, `remark`, `creator`, `create_time`, `updater`, `update_time`, `deleted`) VALUES (1475, 2, '发短信', '2', 'crm_follow_up_type', 0, '', '', '', '1', '2024-01-15 20:48:31', '1', '2024-01-15 20:48:31', b'0');
INSERT INTO `system_dict_data` (`id`, `sort`, `label`, `value`, `dict_type`, `status`, `color_type`, `css_class`, `remark`, `creator`, `create_time`, `updater`, `update_time`, `deleted`) VALUES (1476, 3, '上门拜访', '3', 'crm_follow_up_type', 0, '', '', '', '1', '2024-01-15 20:49:07', '1', '2024-01-15 20:49:07', b'0');
INSERT INTO `system_dict_data` (`id`, `sort`, `label`, `value`, `dict_type`, `status`, `color_type`, `css_class`, `remark`, `creator`, `create_time`, `updater`, `update_time`, `deleted`) VALUES (1477, 4, '微信沟通', '4', 'crm_follow_up_type', 0, '', '', '', '1', '2024-01-15 20:49:15', '1', '2024-01-15 20:49:15', b'0');
INSERT INTO `system_dict_data` (`id`, `sort`, `label`, `value`, `dict_type`, `status`, `color_type`, `css_class`, `remark`, `creator`, `create_time`, `updater`, `update_time`, `deleted`) VALUES (1478, 4, '钱包余额', '4', 'pay_transfer_type', 0, 'info', '', '', '1', '2023-10-28 16:28:37', '1', '2023-10-28 16:28:37', b'0');
INSERT INTO `system_dict_data` (`id`, `sort`, `label`, `value`, `dict_type`, `status`, `color_type`, `css_class`, `remark`, `creator`, `create_time`, `updater`, `update_time`, `deleted`) VALUES (1479, 3, '银行卡', '3', 'pay_transfer_type', 0, 'default', '', '', '1', '2023-10-28 16:28:21', '1', '2023-10-28 16:28:21', b'0');
INSERT INTO `system_dict_data` (`id`, `sort`, `label`, `value`, `dict_type`, `status`, `color_type`, `css_class`, `remark`, `creator`, `create_time`, `updater`, `update_time`, `deleted`) VALUES (1480, 2, '微信余额', '2', 'pay_transfer_type', 0, 'info', '', '', '1', '2023-10-28 16:28:07', '1', '2023-10-28 16:28:07', b'0');
INSERT INTO `system_dict_data` (`id`, `sort`, `label`, `value`, `dict_type`, `status`, `color_type`, `css_class`, `remark`, `creator`, `create_time`, `updater`, `update_time`, `deleted`) VALUES (1481, 1, '支付宝余额', '1', 'pay_transfer_type', 0, 'default', '', '', '1', '2023-10-28 16:27:44', '1', '2023-10-28 16:27:44', b'0');
INSERT INTO `system_dict_data` (`id`, `sort`, `label`, `value`, `dict_type`, `status`, `color_type`, `css_class`, `remark`, `creator`, `create_time`, `updater`, `update_time`, `deleted`) VALUES (1482, 4, '转账失败', '30', 'pay_transfer_status', 0, 'warning', '', '', '1', '2023-10-28 16:24:16', '1', '2023-10-28 16:24:16', b'0');
INSERT INTO `system_dict_data` (`id`, `sort`, `label`, `value`, `dict_type`, `status`, `color_type`, `css_class`, `remark`, `creator`, `create_time`, `updater`, `update_time`, `deleted`) VALUES (1483, 3, '转账成功', '20', 'pay_transfer_status', 0, 'success', '', '', '1', '2023-10-28 16:23:50', '1', '2023-10-28 16:23:50', b'0');
INSERT INTO `system_dict_data` (`id`, `sort`, `label`, `value`, `dict_type`, `status`, `color_type`, `css_class`, `remark`, `creator`, `create_time`, `updater`, `update_time`, `deleted`) VALUES (1484, 2, '转账进行中', '10', 'pay_transfer_status', 0, 'info', '', '', '1', '2023-10-28 16:23:12', '1', '2023-10-28 16:23:12', b'0');
INSERT INTO `system_dict_data` (`id`, `sort`, `label`, `value`, `dict_type`, `status`, `color_type`, `css_class`, `remark`, `creator`, `create_time`, `updater`, `update_time`, `deleted`) VALUES (1485, 1, '等待转账', '0', 'pay_transfer_status', 0, 'default', '', '', '1', '2023-10-28 16:21:43', '1', '2023-10-28 16:23:22', b'0');
INSERT INTO `system_dict_data` (`id`, `sort`, `label`, `value`, `dict_type`, `status`, `color_type`, `css_class`, `remark`, `creator`, `create_time`, `updater`, `update_time`, `deleted`) VALUES (1486, 10, '其它入库', '10', 'erp_stock_record_biz_type', 0, '', '', '', '1', '2024-02-05 18:07:25', '1', '2024-02-05 18:07:43', b'0');
INSERT INTO `system_dict_data` (`id`, `sort`, `label`, `value`, `dict_type`, `status`, `color_type`, `css_class`, `remark`, `creator`, `create_time`, `updater`, `update_time`, `deleted`) VALUES (1487, 11, '其它入库（作废）', '11', 'erp_stock_record_biz_type', 0, 'danger', '', '', '1', '2024-02-05 18:08:07', '1', '2024-02-05 19:20:16', b'0');
INSERT INTO `system_dict_data` (`id`, `sort`, `label`, `value`, `dict_type`, `status`, `color_type`, `css_class`, `remark`, `creator`, `create_time`, `updater`, `update_time`, `deleted`) VALUES (1488, 20, '其它出库', '20', 'erp_stock_record_biz_type', 0, '', '', '', '1', '2024-02-05 18:08:51', '1', '2024-02-05 18:08:51', b'0');
INSERT INTO `system_dict_data` (`id`, `sort`, `label`, `value`, `dict_type`, `status`, `color_type`, `css_class`, `remark`, `creator`, `create_time`, `updater`, `update_time`, `deleted`) VALUES (1489, 21, '其它出库（作废）', '21', 'erp_stock_record_biz_type', 0, 'danger', '', '', '1', '2024-02-05 18:09:00', '1', '2024-02-05 19:20:10', b'0');
INSERT INTO `system_dict_data` (`id`, `sort`, `label`, `value`, `dict_type`, `status`, `color_type`, `css_class`, `remark`, `creator`, `create_time`, `updater`, `update_time`, `deleted`) VALUES (1490, 10, '未审核', '10', 'erp_audit_status', 0, 'default', '', '', '1', '2024-02-06 00:00:21', '1', '2024-02-06 00:00:21', b'0');
INSERT INTO `system_dict_data` (`id`, `sort`, `label`, `value`, `dict_type`, `status`, `color_type`, `css_class`, `remark`, `creator`, `create_time`, `updater`, `update_time`, `deleted`) VALUES (1491, 20, '已审核', '20', 'erp_audit_status', 0, 'success', '', '', '1', '2024-02-06 00:00:35', '1', '2024-02-06 00:00:35', b'0');
INSERT INTO `system_dict_data` (`id`, `sort`, `label`, `value`, `dict_type`, `status`, `color_type`, `css_class`, `remark`, `creator`, `create_time`, `updater`, `update_time`, `deleted`) VALUES (1492, 30, '调拨入库', '30', 'erp_stock_record_biz_type', 0, '', '', '', '1', '2024-02-07 20:34:19', '1', '2024-02-07 12:36:31', b'0');
INSERT INTO `system_dict_data` (`id`, `sort`, `label`, `value`, `dict_type`, `status`, `color_type`, `css_class`, `remark`, `creator`, `create_time`, `updater`, `update_time`, `deleted`) VALUES (1493, 31, '调拨入库（作废）', '31', 'erp_stock_record_biz_type', 0, 'danger', '', '', '1', '2024-02-07 20:34:29', '1', '2024-02-07 20:37:11', b'0');
INSERT INTO `system_dict_data` (`id`, `sort`, `label`, `value`, `dict_type`, `status`, `color_type`, `css_class`, `remark`, `creator`, `create_time`, `updater`, `update_time`, `deleted`) VALUES (1494, 32, '调拨出库', '32', 'erp_stock_record_biz_type', 0, '', '', '', '1', '2024-02-07 20:34:38', '1', '2024-02-07 12:36:33', b'0');
INSERT INTO `system_dict_data` (`id`, `sort`, `label`, `value`, `dict_type`, `status`, `color_type`, `css_class`, `remark`, `creator`, `create_time`, `updater`, `update_time`, `deleted`) VALUES (1495, 33, '调拨出库（作废）', '33', 'erp_stock_record_biz_type', 0, 'danger', '', '', '1', '2024-02-07 20:34:49', '1', '2024-02-07 20:37:06', b'0');
INSERT INTO `system_dict_data` (`id`, `sort`, `label`, `value`, `dict_type`, `status`, `color_type`, `css_class`, `remark`, `creator`, `create_time`, `updater`, `update_time`, `deleted`) VALUES (1496, 40, '盘盈入库', '40', 'erp_stock_record_biz_type', 0, '', '', '', '1', '2024-02-08 08:53:00', '1', '2024-02-08 08:53:09', b'0');
INSERT INTO `system_dict_data` (`id`, `sort`, `label`, `value`, `dict_type`, `status`, `color_type`, `css_class`, `remark`, `creator`, `create_time`, `updater`, `update_time`, `deleted`) VALUES (1497, 41, '盘盈入库（作废）', '41', 'erp_stock_record_biz_type', 0, 'danger', '', '', '1', '2024-02-08 08:53:39', '1', '2024-02-16 19:40:54', b'0');
INSERT INTO `system_dict_data` (`id`, `sort`, `label`, `value`, `dict_type`, `status`, `color_type`, `css_class`, `remark`, `creator`, `create_time`, `updater`, `update_time`, `deleted`) VALUES (1498, 42, '盘亏出库', '42', 'erp_stock_record_biz_type', 0, '', '', '', '1', '2024-02-08 08:54:16', '1', '2024-02-08 08:54:16', b'0');
INSERT INTO `system_dict_data` (`id`, `sort`, `label`, `value`, `dict_type`, `status`, `color_type`, `css_class`, `remark`, `creator`, `create_time`, `updater`, `update_time`, `deleted`) VALUES (1499, 43, '盘亏出库（作废）', '43', 'erp_stock_record_biz_type', 0, 'danger', '', '', '1', '2024-02-08 08:54:31', '1', '2024-02-16 19:40:46', b'0');
INSERT INTO `system_dict_data` (`id`, `sort`, `label`, `value`, `dict_type`, `status`, `color_type`, `css_class`, `remark`, `creator`, `create_time`, `updater`, `update_time`, `deleted`) VALUES (1500, 50, '销售出库', '50', 'erp_stock_record_biz_type', 0, '', '', '', '1', '2024-02-11 21:47:25', '1', '2024-02-11 21:50:40', b'0');
INSERT INTO `system_dict_data` (`id`, `sort`, `label`, `value`, `dict_type`, `status`, `color_type`, `css_class`, `remark`, `creator`, `create_time`, `updater`, `update_time`, `deleted`) VALUES (1501, 51, '销售出库（作废）', '51', 'erp_stock_record_biz_type', 0, 'danger', '', '', '1', '2024-02-11 21:47:37', '1', '2024-02-11 21:51:12', b'0');
INSERT INTO `system_dict_data` (`id`, `sort`, `label`, `value`, `dict_type`, `status`, `color_type`, `css_class`, `remark`, `creator`, `create_time`, `updater`, `update_time`, `deleted`) VALUES (1502, 60, '销售退货入库', '60', 'erp_stock_record_biz_type', 0, '', '', '', '1', '2024-02-12 06:51:05', '1', '2024-02-12 06:51:05', b'0');
INSERT INTO `system_dict_data` (`id`, `sort`, `label`, `value`, `dict_type`, `status`, `color_type`, `css_class`, `remark`, `creator`, `create_time`, `updater`, `update_time`, `deleted`) VALUES (1503, 61, '销售退货入库（作废）', '61', 'erp_stock_record_biz_type', 0, 'danger', '', '', '1', '2024-02-12 06:51:18', '1', '2024-02-12 06:51:18', b'0');
INSERT INTO `system_dict_data` (`id`, `sort`, `label`, `value`, `dict_type`, `status`, `color_type`, `css_class`, `remark`, `creator`, `create_time`, `updater`, `update_time`, `deleted`) VALUES (1504, 70, '采购入库', '70', 'erp_stock_record_biz_type', 0, '', '', '', '1', '2024-02-16 13:10:02', '1', '2024-02-16 13:10:02', b'0');
INSERT INTO `system_dict_data` (`id`, `sort`, `label`, `value`, `dict_type`, `status`, `color_type`, `css_class`, `remark`, `creator`, `create_time`, `updater`, `update_time`, `deleted`) VALUES (1505, 71, '采购入库（作废）', '71', 'erp_stock_record_biz_type', 0, 'danger', '', '', '1', '2024-02-16 13:10:10', '1', '2024-02-16 19:40:40', b'0');
INSERT INTO `system_dict_data` (`id`, `sort`, `label`, `value`, `dict_type`, `status`, `color_type`, `css_class`, `remark`, `creator`, `create_time`, `updater`, `update_time`, `deleted`) VALUES (1506, 80, '采购退货出库', '80', 'erp_stock_record_biz_type', 0, '', '', '', '1', '2024-02-16 13:10:17', '1', '2024-02-16 13:10:17', b'0');
INSERT INTO `system_dict_data` (`id`, `sort`, `label`, `value`, `dict_type`, `status`, `color_type`, `css_class`, `remark`, `creator`, `create_time`, `updater`, `update_time`, `deleted`) VALUES (1507, 81, '采购退货出库（作废）', '81', 'erp_stock_record_biz_type', 0, 'danger', '', '', '1', '2024-02-16 13:10:26', '1', '2024-02-16 19:40:33', b'0');
INSERT INTO `system_dict_data` (`id`, `sort`, `label`, `value`, `dict_type`, `status`, `color_type`, `css_class`, `remark`, `creator`, `create_time`, `updater`, `update_time`, `deleted`) VALUES (1509, 3, '审批不通过', '3', 'bpm_process_instance_status', 0, 'danger', '', '', '1', '2024-03-16 16:12:06', '1', '2024-03-16 16:12:06', b'0');
INSERT INTO `system_dict_data` (`id`, `sort`, `label`, `value`, `dict_type`, `status`, `color_type`, `css_class`, `remark`, `creator`, `create_time`, `updater`, `update_time`, `deleted`) VALUES (1510, 4, '已取消', '4', 'bpm_process_instance_status', 0, 'warning', '', '', '1', '2024-03-16 16:12:22', '1', '2024-03-16 16:12:22', b'0');
INSERT INTO `system_dict_data` (`id`, `sort`, `label`, `value`, `dict_type`, `status`, `color_type`, `css_class`, `remark`, `creator`, `create_time`, `updater`, `update_time`, `deleted`) VALUES (1511, 5, '已退回', '5', 'bpm_task_status', 0, 'warning', '', '', '1', '2024-03-16 19:10:46', '1', '2024-03-08 22:41:40', b'0');
INSERT INTO `system_dict_data` (`id`, `sort`, `label`, `value`, `dict_type`, `status`, `color_type`, `css_class`, `remark`, `creator`, `create_time`, `updater`, `update_time`, `deleted`) VALUES (1512, 6, '委派中', '6', 'bpm_task_status', 0, 'primary', '', '', '1', '2024-03-17 10:06:22', '1', '2024-03-08 22:41:40', b'0');
INSERT INTO `system_dict_data` (`id`, `sort`, `label`, `value`, `dict_type`, `status`, `color_type`, `css_class`, `remark`, `creator`, `create_time`, `updater`, `update_time`, `deleted`) VALUES (1513, 7, '审批通过中', '7', 'bpm_task_status', 0, 'success', '', '', '1', '2024-03-17 10:06:47', '1', '2024-03-08 22:41:41', b'0');
INSERT INTO `system_dict_data` (`id`, `sort`, `label`, `value`, `dict_type`, `status`, `color_type`, `css_class`, `remark`, `creator`, `create_time`, `updater`, `update_time`, `deleted`) VALUES (1514, 0, '待审批', '0', 'bpm_task_status', 0, 'info', '', '', '1', '2024-03-17 10:07:11', '1', '2024-03-08 22:41:42', b'0');
INSERT INTO `system_dict_data` (`id`, `sort`, `label`, `value`, `dict_type`, `status`, `color_type`, `css_class`, `remark`, `creator`, `create_time`, `updater`, `update_time`, `deleted`) VALUES (1515, 35, '发起人自选', '35', 'bpm_task_candidate_strategy', 0, '', '', '', '1', '2024-03-22 19:45:16', '1', '2024-03-22 19:45:16', b'0');
INSERT INTO `system_dict_data` (`id`, `sort`, `label`, `value`, `dict_type`, `status`, `color_type`, `css_class`, `remark`, `creator`, `create_time`, `updater`, `update_time`, `deleted`) VALUES (1516, 1, '执行监听器', 'execution', 'bpm_process_listener_type', 0, 'primary', '', '', '1', '2024-03-23 12:54:03', '1', '2024-03-23 19:14:19', b'0');
INSERT INTO `system_dict_data` (`id`, `sort`, `label`, `value`, `dict_type`, `status`, `color_type`, `css_class`, `remark`, `creator`, `create_time`, `updater`, `update_time`, `deleted`) VALUES (1517, 1, '任务监听器', 'task', 'bpm_process_listener_type', 0, 'success', '', '', '1', '2024-03-23 12:54:13', '1', '2024-03-23 19:14:24', b'0');
INSERT INTO `system_dict_data` (`id`, `sort`, `label`, `value`, `dict_type`, `status`, `color_type`, `css_class`, `remark`, `creator`, `create_time`, `updater`, `update_time`, `deleted`) VALUES (1526, 1, 'Java 类', 'class', 'bpm_process_listener_value_type', 0, 'primary', '', '', '1', '2024-03-23 15:08:45', '1', '2024-03-23 19:14:32', b'0');
INSERT INTO `system_dict_data` (`id`, `sort`, `label`, `value`, `dict_type`, `status`, `color_type`, `css_class`, `remark`, `creator`, `create_time`, `updater`, `update_time`, `deleted`) VALUES (1527, 2, '表达式', 'expression', 'bpm_process_listener_value_type', 0, 'success', '', '', '1', '2024-03-23 15:09:06', '1', '2024-03-23 19:14:38', b'0');
INSERT INTO `system_dict_data` (`id`, `sort`, `label`, `value`, `dict_type`, `status`, `color_type`, `css_class`, `remark`, `creator`, `create_time`, `updater`, `update_time`, `deleted`) VALUES (1528, 3, '代理表达式', 'delegateExpression', 'bpm_process_listener_value_type', 0, 'info', '', '', '1', '2024-03-23 15:11:23', '1', '2024-03-23 19:14:41', b'0');
INSERT INTO `system_dict_data` (`id`, `sort`, `label`, `value`, `dict_type`, `status`, `color_type`, `css_class`, `remark`, `creator`, `create_time`, `updater`, `update_time`, `deleted`) VALUES (1529, 1, '天', '1', 'date_interval', 0, '', '', '', '1', '2024-03-29 22:50:26', '1', '2024-03-29 22:50:26', b'0');
INSERT INTO `system_dict_data` (`id`, `sort`, `label`, `value`, `dict_type`, `status`, `color_type`, `css_class`, `remark`, `creator`, `create_time`, `updater`, `update_time`, `deleted`) VALUES (1530, 2, '周', '2', 'date_interval', 0, '', '', '', '1', '2024-03-29 22:50:36', '1', '2024-03-29 22:50:36', b'0');
INSERT INTO `system_dict_data` (`id`, `sort`, `label`, `value`, `dict_type`, `status`, `color_type`, `css_class`, `remark`, `creator`, `create_time`, `updater`, `update_time`, `deleted`) VALUES (1531, 3, '月', '3', 'date_interval', 0, '', '', '', '1', '2024-03-29 22:50:46', '1', '2024-03-29 22:50:54', b'0');
INSERT INTO `system_dict_data` (`id`, `sort`, `label`, `value`, `dict_type`, `status`, `color_type`, `css_class`, `remark`, `creator`, `create_time`, `updater`, `update_time`, `deleted`) VALUES (1532, 4, '季度', '4', 'date_interval', 0, '', '', '', '1', '2024-03-29 22:51:01', '1', '2024-03-29 22:51:01', b'0');
INSERT INTO `system_dict_data` (`id`, `sort`, `label`, `value`, `dict_type`, `status`, `color_type`, `css_class`, `remark`, `creator`, `create_time`, `updater`, `update_time`, `deleted`) VALUES (1533, 5, '年', '5', 'date_interval', 0, '', '', '', '1', '2024-03-29 22:51:07', '1', '2024-03-29 22:51:07', b'0');
INSERT INTO `system_dict_data` (`id`, `sort`, `label`, `value`, `dict_type`, `status`, `color_type`, `css_class`, `remark`, `creator`, `create_time`, `updater`, `update_time`, `deleted`) VALUES (1534, 1, '赢单', '1', 'crm_business_end_status_type', 0, 'success', '', '', '1', '2024-04-13 23:26:57', '1', '2024-04-13 23:26:57', b'0');
INSERT INTO `system_dict_data` (`id`, `sort`, `label`, `value`, `dict_type`, `status`, `color_type`, `css_class`, `remark`, `creator`, `create_time`, `updater`, `update_time`, `deleted`) VALUES (1535, 2, '输单', '2', 'crm_business_end_status_type', 0, 'primary', '', '', '1', '2024-04-13 23:27:31', '1', '2024-04-13 23:27:31', b'0');
INSERT INTO `system_dict_data` (`id`, `sort`, `label`, `value`, `dict_type`, `status`, `color_type`, `css_class`, `remark`, `creator`, `create_time`, `updater`, `update_time`, `deleted`) VALUES (1536, 3, '无效', '3', 'crm_business_end_status_type', 0, 'info', '', '', '1', '2024-04-13 23:27:59', '1', '2024-04-13 23:27:59', b'0');
INSERT INTO `system_dict_data` (`id`, `sort`, `label`, `value`, `dict_type`, `status`, `color_type`, `css_class`, `remark`, `creator`, `create_time`, `updater`, `update_time`, `deleted`) VALUES (1537, 1, 'OpenAI', 'OpenAI', 'ai_platform', 0, '', '', '', '1', '2024-05-09 22:33:47', '1', '2024-05-09 22:58:46', b'0');
INSERT INTO `system_dict_data` (`id`, `sort`, `label`, `value`, `dict_type`, `status`, `color_type`, `css_class`, `remark`, `creator`, `create_time`, `updater`, `update_time`, `deleted`) VALUES (1538, 2, 'Ollama', 'Ollama', 'ai_platform', 0, '', '', '', '1', '2024-05-17 23:02:55', '1', '2024-05-17 23:02:55', b'0');
INSERT INTO `system_dict_data` (`id`, `sort`, `label`, `value`, `dict_type`, `status`, `color_type`, `css_class`, `remark`, `creator`, `create_time`, `updater`, `update_time`, `deleted`) VALUES (1539, 3, '文心一言', 'YiYan', 'ai_platform', 0, '', '', '', '1', '2024-05-18 09:24:20', '1', '2024-05-18 09:29:01', b'0');
INSERT INTO `system_dict_data` (`id`, `sort`, `label`, `value`, `dict_type`, `status`, `color_type`, `css_class`, `remark`, `creator`, `create_time`, `updater`, `update_time`, `deleted`) VALUES (1540, 4, '讯飞星火', 'XingHuo', 'ai_platform', 0, '', '', '', '1', '2024-05-18 10:08:56', '1', '2024-05-18 10:08:56', b'0');
INSERT INTO `system_dict_data` (`id`, `sort`, `label`, `value`, `dict_type`, `status`, `color_type`, `css_class`, `remark`, `creator`, `create_time`, `updater`, `update_time`, `deleted`) VALUES (1541, 5, '通义千问', 'TongYi', 'ai_platform', 0, '', '', '', '1', '2024-05-18 10:32:29', '1', '2024-07-06 15:42:29', b'0');
INSERT INTO `system_dict_data` (`id`, `sort`, `label`, `value`, `dict_type`, `status`, `color_type`, `css_class`, `remark`, `creator`, `create_time`, `updater`, `update_time`, `deleted`) VALUES (1542, 6, 'StableDiffusion', 'StableDiffusion', 'ai_platform', 0, '', '', '', '1', '2024-06-01 15:09:31', '1', '2024-06-01 15:10:25', b'0');
INSERT INTO `system_dict_data` (`id`, `sort`, `label`, `value`, `dict_type`, `status`, `color_type`, `css_class`, `remark`, `creator`, `create_time`, `updater`, `update_time`, `deleted`) VALUES (1543, 10, '进行中', '10', 'ai_image_status', 0, 'primary', '', '', '1', '2024-06-26 20:51:41', '1', '2024-06-26 20:52:48', b'0');
INSERT INTO `system_dict_data` (`id`, `sort`, `label`, `value`, `dict_type`, `status`, `color_type`, `css_class`, `remark`, `creator`, `create_time`, `updater`, `update_time`, `deleted`) VALUES (1544, 20, '已完成', '20', 'ai_image_status', 0, 'success', '', '', '1', '2024-06-26 20:52:07', '1', '2024-06-26 20:52:41', b'0');
INSERT INTO `system_dict_data` (`id`, `sort`, `label`, `value`, `dict_type`, `status`, `color_type`, `css_class`, `remark`, `creator`, `create_time`, `updater`, `update_time`, `deleted`) VALUES (1545, 30, '已失败', '30', 'ai_image_status', 0, 'warning', '', '', '1', '2024-06-26 20:52:25', '1', '2024-06-26 20:52:35', b'0');
INSERT INTO `system_dict_data` (`id`, `sort`, `label`, `value`, `dict_type`, `status`, `color_type`, `css_class`, `remark`, `creator`, `create_time`, `updater`, `update_time`, `deleted`) VALUES (1546, 7, 'Midjourney', 'Midjourney', 'ai_platform', 0, '', '', '', '1', '2024-06-26 22:14:46', '1', '2024-06-26 22:14:46', b'0');
INSERT INTO `system_dict_data` (`id`, `sort`, `label`, `value`, `dict_type`, `status`, `color_type`, `css_class`, `remark`, `creator`, `create_time`, `updater`, `update_time`, `deleted`) VALUES (1547, 10, '进行中', '10', 'ai_music_status', 0, 'primary', '', '', '1', '2024-06-27 22:45:22', '1', '2024-06-28 00:56:17', b'0');
INSERT INTO `system_dict_data` (`id`, `sort`, `label`, `value`, `dict_type`, `status`, `color_type`, `css_class`, `remark`, `creator`, `create_time`, `updater`, `update_time`, `deleted`) VALUES (1548, 20, '已完成', '20', 'ai_music_status', 0, 'success', '', '', '1', '2024-06-27 22:45:33', '1', '2024-06-28 00:56:18', b'0');
INSERT INTO `system_dict_data` (`id`, `sort`, `label`, `value`, `dict_type`, `status`, `color_type`, `css_class`, `remark`, `creator`, `create_time`, `updater`, `update_time`, `deleted`) VALUES (1549, 30, '已失败', '30', 'ai_music_status', 0, 'danger', '', '', '1', '2024-06-27 22:45:44', '1', '2024-06-28 00:56:19', b'0');
INSERT INTO `system_dict_data` (`id`, `sort`, `label`, `value`, `dict_type`, `status`, `color_type`, `css_class`, `remark`, `creator`, `create_time`, `updater`, `update_time`, `deleted`) VALUES (1550, 1, '歌词模式', '1', 'ai_generate_mode', 0, '', '', '', '1', '2024-06-27 22:46:31', '1', '2024-06-28 01:22:25', b'0');
INSERT INTO `system_dict_data` (`id`, `sort`, `label`, `value`, `dict_type`, `status`, `color_type`, `css_class`, `remark`, `creator`, `create_time`, `updater`, `update_time`, `deleted`) VALUES (1551, 2, '描述模式', '2', 'ai_generate_mode', 0, '', '', '', '1', '2024-06-27 22:46:37', '1', '2024-06-28 01:22:24', b'0');
INSERT INTO `system_dict_data` (`id`, `sort`, `label`, `value`, `dict_type`, `status`, `color_type`, `css_class`, `remark`, `creator`, `create_time`, `updater`, `update_time`, `deleted`) VALUES (1552, 8, 'Suno', 'Suno', 'ai_platform', 0, '', '', '', '1', '2024-06-29 09:13:36', '1', '2024-06-29 09:13:41', b'0');
INSERT INTO `system_dict_data` (`id`, `sort`, `label`, `value`, `dict_type`, `status`, `color_type`, `css_class`, `remark`, `creator`, `create_time`, `updater`, `update_time`, `deleted`) VALUES (1553, 9, 'DeepSeek', 'DeepSeek', 'ai_platform', 0, '', '', '', '1', '2024-07-06 12:04:30', '1', '2024-07-06 12:05:20', b'0');
INSERT INTO `system_dict_data` (`id`, `sort`, `label`, `value`, `dict_type`, `status`, `color_type`, `css_class`, `remark`, `creator`, `create_time`, `updater`, `update_time`, `deleted`) VALUES (1554, 13, '智谱', 'ZhiPu', 'ai_platform', 0, '', '', '', '1', '2024-07-06 18:00:35', '1', '2025-02-24 20:18:41', b'0');
INSERT INTO `system_dict_data` (`id`, `sort`, `label`, `value`, `dict_type`, `status`, `color_type`, `css_class`, `remark`, `creator`, `create_time`, `updater`, `update_time`, `deleted`) VALUES (1555, 4, '长', '4', 'ai_write_length', 0, '', '', '', '1', '2024-07-07 15:49:03', '1', '2024-07-07 15:49:03', b'0');
INSERT INTO `system_dict_data` (`id`, `sort`, `label`, `value`, `dict_type`, `status`, `color_type`, `css_class`, `remark`, `creator`, `create_time`, `updater`, `update_time`, `deleted`) VALUES (1556, 5, '段落', '5', 'ai_write_format', 0, '', '', '', '1', '2024-07-07 15:49:54', '1', '2024-07-07 15:49:54', b'0');
INSERT INTO `system_dict_data` (`id`, `sort`, `label`, `value`, `dict_type`, `status`, `color_type`, `css_class`, `remark`, `creator`, `create_time`, `updater`, `update_time`, `deleted`) VALUES (1557, 6, '文章', '6', 'ai_write_format', 0, '', '', '', '1', '2024-07-07 15:50:05', '1', '2024-07-07 15:50:05', b'0');
INSERT INTO `system_dict_data` (`id`, `sort`, `label`, `value`, `dict_type`, `status`, `color_type`, `css_class`, `remark`, `creator`, `create_time`, `updater`, `update_time`, `deleted`) VALUES (1558, 7, '博客文章', '7', 'ai_write_format', 0, '', '', '', '1', '2024-07-07 15:50:23', '1', '2024-07-07 15:50:23', b'0');
INSERT INTO `system_dict_data` (`id`, `sort`, `label`, `value`, `dict_type`, `status`, `color_type`, `css_class`, `remark`, `creator`, `create_time`, `updater`, `update_time`, `deleted`) VALUES (1559, 8, '想法', '8', 'ai_write_format', 0, '', '', '', '1', '2024-07-07 15:50:31', '1', '2024-07-07 15:50:31', b'0');
INSERT INTO `system_dict_data` (`id`, `sort`, `label`, `value`, `dict_type`, `status`, `color_type`, `css_class`, `remark`, `creator`, `create_time`, `updater`, `update_time`, `deleted`) VALUES (1560, 9, '大纲', '9', 'ai_write_format', 0, '', '', '', '1', '2024-07-07 15:50:37', '1', '2024-07-07 15:50:37', b'0');
INSERT INTO `system_dict_data` (`id`, `sort`, `label`, `value`, `dict_type`, `status`, `color_type`, `css_class`, `remark`, `creator`, `create_time`, `updater`, `update_time`, `deleted`) VALUES (1561, 1, '自动', '1', 'ai_write_tone', 0, '', '', '', '1', '2024-07-07 15:51:06', '1', '2024-07-07 15:51:06', b'0');
INSERT INTO `system_dict_data` (`id`, `sort`, `label`, `value`, `dict_type`, `status`, `color_type`, `css_class`, `remark`, `creator`, `create_time`, `updater`, `update_time`, `deleted`) VALUES (1562, 2, '友善', '2', 'ai_write_tone', 0, '', '', '', '1', '2024-07-07 15:51:19', '1', '2024-07-07 15:51:19', b'0');
INSERT INTO `system_dict_data` (`id`, `sort`, `label`, `value`, `dict_type`, `status`, `color_type`, `css_class`, `remark`, `creator`, `create_time`, `updater`, `update_time`, `deleted`) VALUES (1563, 3, '随意', '3', 'ai_write_tone', 0, '', '', '', '1', '2024-07-07 15:51:27', '1', '2024-07-07 15:51:27', b'0');
INSERT INTO `system_dict_data` (`id`, `sort`, `label`, `value`, `dict_type`, `status`, `color_type`, `css_class`, `remark`, `creator`, `create_time`, `updater`, `update_time`, `deleted`) VALUES (1564, 4, '友好', '4', 'ai_write_tone', 0, '', '', '', '1', '2024-07-07 15:51:37', '1', '2024-07-07 15:51:37', b'0');
INSERT INTO `system_dict_data` (`id`, `sort`, `label`, `value`, `dict_type`, `status`, `color_type`, `css_class`, `remark`, `creator`, `create_time`, `updater`, `update_time`, `deleted`) VALUES (1565, 5, '专业', '5', 'ai_write_tone', 0, '', '', '', '1', '2024-07-07 15:51:49', '1', '2024-07-07 15:52:02', b'0');
INSERT INTO `system_dict_data` (`id`, `sort`, `label`, `value`, `dict_type`, `status`, `color_type`, `css_class`, `remark`, `creator`, `create_time`, `updater`, `update_time`, `deleted`) VALUES (1566, 6, '诙谐', '6', 'ai_write_tone', 0, '', '', '', '1', '2024-07-07 15:52:15', '1', '2024-07-07 15:52:15', b'0');
INSERT INTO `system_dict_data` (`id`, `sort`, `label`, `value`, `dict_type`, `status`, `color_type`, `css_class`, `remark`, `creator`, `create_time`, `updater`, `update_time`, `deleted`) VALUES (1567, 7, '有趣', '7', 'ai_write_tone', 0, '', '', '', '1', '2024-07-07 15:52:24', '1', '2024-07-07 15:52:24', b'0');
INSERT INTO `system_dict_data` (`id`, `sort`, `label`, `value`, `dict_type`, `status`, `color_type`, `css_class`, `remark`, `creator`, `create_time`, `updater`, `update_time`, `deleted`) VALUES (1568, 8, '正式', '8', 'ai_write_tone', 0, '', '', '', '1', '2024-07-07 15:54:33', '1', '2024-07-07 15:54:33', b'0');
INSERT INTO `system_dict_data` (`id`, `sort`, `label`, `value`, `dict_type`, `status`, `color_type`, `css_class`, `remark`, `creator`, `create_time`, `updater`, `update_time`, `deleted`) VALUES (1569, 5, '段落', '5', 'ai_write_format', 0, '', '', '', '1', '2024-07-07 15:49:54', '1', '2024-07-07 15:49:54', b'0');
INSERT INTO `system_dict_data` (`id`, `sort`, `label`, `value`, `dict_type`, `status`, `color_type`, `css_class`, `remark`, `creator`, `create_time`, `updater`, `update_time`, `deleted`) VALUES (1570, 1, '自动', '1', 'ai_write_format', 0, '', '', '', '1', '2024-07-07 15:19:34', '1', '2024-07-07 15:19:34', b'0');
INSERT INTO `system_dict_data` (`id`, `sort`, `label`, `value`, `dict_type`, `status`, `color_type`, `css_class`, `remark`, `creator`, `create_time`, `updater`, `update_time`, `deleted`) VALUES (1571, 2, '电子邮件', '2', 'ai_write_format', 0, '', '', '', '1', '2024-07-07 15:19:50', '1', '2024-07-07 15:49:30', b'0');
INSERT INTO `system_dict_data` (`id`, `sort`, `label`, `value`, `dict_type`, `status`, `color_type`, `css_class`, `remark`, `creator`, `create_time`, `updater`, `update_time`, `deleted`) VALUES (1572, 3, '消息', '3', 'ai_write_format', 0, '', '', '', '1', '2024-07-07 15:20:01', '1', '2024-07-07 15:49:38', b'0');
INSERT INTO `system_dict_data` (`id`, `sort`, `label`, `value`, `dict_type`, `status`, `color_type`, `css_class`, `remark`, `creator`, `create_time`, `updater`, `update_time`, `deleted`) VALUES (1573, 4, '评论', '4', 'ai_write_format', 0, '', '', '', '1', '2024-07-07 15:20:13', '1', '2024-07-07 15:49:45', b'0');
INSERT INTO `system_dict_data` (`id`, `sort`, `label`, `value`, `dict_type`, `status`, `color_type`, `css_class`, `remark`, `creator`, `create_time`, `updater`, `update_time`, `deleted`) VALUES (1574, 1, '自动', '1', 'ai_write_language', 0, '', '', '', '1', '2024-07-07 15:44:18', '1', '2024-07-07 15:44:18', b'0');
INSERT INTO `system_dict_data` (`id`, `sort`, `label`, `value`, `dict_type`, `status`, `color_type`, `css_class`, `remark`, `creator`, `create_time`, `updater`, `update_time`, `deleted`) VALUES (1575, 2, '中文', '2', 'ai_write_language', 0, '', '', '', '1', '2024-07-07 15:44:28', '1', '2024-07-07 15:44:28', b'0');
INSERT INTO `system_dict_data` (`id`, `sort`, `label`, `value`, `dict_type`, `status`, `color_type`, `css_class`, `remark`, `creator`, `create_time`, `updater`, `update_time`, `deleted`) VALUES (1576, 3, '英文', '3', 'ai_write_language', 0, '', '', '', '1', '2024-07-07 15:44:37', '1', '2024-07-07 15:44:37', b'0');
INSERT INTO `system_dict_data` (`id`, `sort`, `label`, `value`, `dict_type`, `status`, `color_type`, `css_class`, `remark`, `creator`, `create_time`, `updater`, `update_time`, `deleted`) VALUES (1577, 4, '韩语', '4', 'ai_write_language', 0, '', '', '', '1', '2024-07-07 15:46:28', '1', '2024-07-07 15:46:28', b'0');
INSERT INTO `system_dict_data` (`id`, `sort`, `label`, `value`, `dict_type`, `status`, `color_type`, `css_class`, `remark`, `creator`, `create_time`, `updater`, `update_time`, `deleted`) VALUES (1578, 5, '日语', '5', 'ai_write_language', 0, '', '', '', '1', '2024-07-07 15:46:44', '1', '2024-07-07 15:46:44', b'0');
INSERT INTO `system_dict_data` (`id`, `sort`, `label`, `value`, `dict_type`, `status`, `color_type`, `css_class`, `remark`, `creator`, `create_time`, `updater`, `update_time`, `deleted`) VALUES (1579, 1, '自动', '1', 'ai_write_length', 0, '', '', '', '1', '2024-07-07 15:48:34', '1', '2024-07-07 15:48:34', b'0');
INSERT INTO `system_dict_data` (`id`, `sort`, `label`, `value`, `dict_type`, `status`, `color_type`, `css_class`, `remark`, `creator`, `create_time`, `updater`, `update_time`, `deleted`) VALUES (1580, 2, '短', '2', 'ai_write_length', 0, '', '', '', '1', '2024-07-07 15:48:44', '1', '2024-07-07 15:48:44', b'0');
INSERT INTO `system_dict_data` (`id`, `sort`, `label`, `value`, `dict_type`, `status`, `color_type`, `css_class`, `remark`, `creator`, `create_time`, `updater`, `update_time`, `deleted`) VALUES (1581, 3, '中等', '3', 'ai_write_length', 0, '', '', '', '1', '2024-07-07 15:48:52', '1', '2024-07-07 15:48:52', b'0');
INSERT INTO `system_dict_data` (`id`, `sort`, `label`, `value`, `dict_type`, `status`, `color_type`, `css_class`, `remark`, `creator`, `create_time`, `updater`, `update_time`, `deleted`) VALUES (1582, 4, '长', '4', 'ai_write_length', 0, '', '', '', '1', '2024-07-07 15:49:03', '1', '2024-07-07 15:49:03', b'0');
INSERT INTO `system_dict_data` (`id`, `sort`, `label`, `value`, `dict_type`, `status`, `color_type`, `css_class`, `remark`, `creator`, `create_time`, `updater`, `update_time`, `deleted`) VALUES (1584, 1, '撰写', '1', 'ai_write_type', 0, '', '', '', '1', '2024-07-10 21:26:00', '1', '2024-07-10 21:26:00', b'0');
INSERT INTO `system_dict_data` (`id`, `sort`, `label`, `value`, `dict_type`, `status`, `color_type`, `css_class`, `remark`, `creator`, `create_time`, `updater`, `update_time`, `deleted`) VALUES (1585, 2, '回复', '2', 'ai_write_type', 0, '', '', '', '1', '2024-07-10 21:26:06', '1', '2024-07-10 21:26:06', b'0');
INSERT INTO `system_dict_data` (`id`, `sort`, `label`, `value`, `dict_type`, `status`, `color_type`, `css_class`, `remark`, `creator`, `create_time`, `updater`, `update_time`, `deleted`) VALUES (1586, 2, '腾讯云', 'TENCENT', 'system_sms_channel_code', 0, '', '', '', '1', '2024-07-22 22:23:16', '1', '2024-07-22 22:23:16', b'0');
INSERT INTO `system_dict_data` (`id`, `sort`, `label`, `value`, `dict_type`, `status`, `color_type`, `css_class`, `remark`, `creator`, `create_time`, `updater`, `update_time`, `deleted`) VALUES (1587, 3, '华为云', 'HUAWEI', 'system_sms_channel_code', 0, '', '', '', '1', '2024-07-22 22:23:46', '1', '2024-07-22 22:23:53', b'0');
INSERT INTO `system_dict_data` (`id`, `sort`, `label`, `value`, `dict_type`, `status`, `color_type`, `css_class`, `remark`, `creator`, `create_time`, `updater`, `update_time`, `deleted`) VALUES (1588, 1, 'OpenAI 微软', 'AzureOpenAI', 'ai_platform', 0, '', '', '', '1', '2024-08-10 14:07:41', '1', '2024-08-10 14:07:41', b'0');
INSERT INTO `system_dict_data` (`id`, `sort`, `label`, `value`, `dict_type`, `status`, `color_type`, `css_class`, `remark`, `creator`, `create_time`, `updater`, `update_time`, `deleted`) VALUES (1589, 10, 'BPMN 设计器', '10', 'bpm_model_type', 0, 'primary', '', '', '1', '2024-08-26 15:22:17', '1', '2024-08-26 16:46:02', b'0');
INSERT INTO `system_dict_data` (`id`, `sort`, `label`, `value`, `dict_type`, `status`, `color_type`, `css_class`, `remark`, `creator`, `create_time`, `updater`, `update_time`, `deleted`) VALUES (1590, 20, 'SIMPLE 设计器', '20', 'bpm_model_type', 0, 'success', '', '', '1', '2024-08-26 15:22:27', '1', '2024-08-26 16:45:58', b'0');
INSERT INTO `system_dict_data` (`id`, `sort`, `label`, `value`, `dict_type`, `status`, `color_type`, `css_class`, `remark`, `creator`, `create_time`, `updater`, `update_time`, `deleted`) VALUES (1591, 4, '七牛云', 'QINIU', 'system_sms_channel_code', 0, '', '', '', '1', '2024-08-31 08:45:03', '1', '2024-08-31 08:45:24', b'0');
INSERT INTO `system_dict_data` (`id`, `sort`, `label`, `value`, `dict_type`, `status`, `color_type`, `css_class`, `remark`, `creator`, `create_time`, `updater`, `update_time`, `deleted`) VALUES (1592, 3, '新人券', '3', 'promotion_coupon_take_type', 0, 'info', '', '新人注册后，自动发放', '1', '2024-09-03 11:57:16', '1', '2024-09-03 11:57:28', b'0');
INSERT INTO `system_dict_data` (`id`, `sort`, `label`, `value`, `dict_type`, `status`, `color_type`, `css_class`, `remark`, `creator`, `create_time`, `updater`, `update_time`, `deleted`) VALUES (1593, 5, '微信零钱', '5', 'brokerage_withdraw_type', 0, '', '', '自动打款', '1', '2024-10-13 11:06:48', '1', '2024-10-13 11:06:59', b'0');
INSERT INTO `system_dict_data` (`id`, `sort`, `label`, `value`, `dict_type`, `status`, `color_type`, `css_class`, `remark`, `creator`, `create_time`, `updater`, `update_time`, `deleted`) VALUES (1683, 10, '字节豆包', 'DouBao', 'ai_platform', 0, '', '', '', '1', '2025-02-23 19:51:40', '1', '2025-02-23 19:52:02', b'0');
INSERT INTO `system_dict_data` (`id`, `sort`, `label`, `value`, `dict_type`, `status`, `color_type`, `css_class`, `remark`, `creator`, `create_time`, `updater`, `update_time`, `deleted`) VALUES (1684, 11, '腾讯混元', 'HunYuan', 'ai_platform', 0, '', '', '', '1', '2025-02-23 20:58:04', '1', '2025-02-23 20:58:04', b'0');
INSERT INTO `system_dict_data` (`id`, `sort`, `label`, `value`, `dict_type`, `status`, `color_type`, `css_class`, `remark`, `creator`, `create_time`, `updater`, `update_time`, `deleted`) VALUES (1685, 12, '硅基流动', 'SiliconFlow', 'ai_platform', 0, '', '', '', '1', '2025-02-24 20:19:09', '1', '2025-02-24 20:19:09', b'0');
INSERT INTO `system_dict_data` (`id`, `sort`, `label`, `value`, `dict_type`, `status`, `color_type`, `css_class`, `remark`, `creator`, `create_time`, `updater`, `update_time`, `deleted`) VALUES (1686, 1, '聊天', '1', 'ai_model_type', 0, '', '', '', '1', '2025-03-03 12:26:34', '1', '2025-03-03 12:26:34', b'0');
INSERT INTO `system_dict_data` (`id`, `sort`, `label`, `value`, `dict_type`, `status`, `color_type`, `css_class`, `remark`, `creator`, `create_time`, `updater`, `update_time`, `deleted`) VALUES (1687, 2, '图像', '2', 'ai_model_type', 0, '', '', '', '1', '2025-03-03 12:27:23', '1', '2025-03-03 12:27:23', b'0');
INSERT INTO `system_dict_data` (`id`, `sort`, `label`, `value`, `dict_type`, `status`, `color_type`, `css_class`, `remark`, `creator`, `create_time`, `updater`, `update_time`, `deleted`) VALUES (1688, 3, '音频', '3', 'ai_model_type', 0, '', '', '', '1', '2025-03-03 12:27:51', '1', '2025-03-03 12:27:51', b'0');
INSERT INTO `system_dict_data` (`id`, `sort`, `label`, `value`, `dict_type`, `status`, `color_type`, `css_class`, `remark`, `creator`, `create_time`, `updater`, `update_time`, `deleted`) VALUES (1689, 4, '视频', '4', 'ai_model_type', 0, '', '', '', '1', '2025-03-03 12:28:03', '1', '2025-03-03 12:28:03', b'0');
INSERT INTO `system_dict_data` (`id`, `sort`, `label`, `value`, `dict_type`, `status`, `color_type`, `css_class`, `remark`, `creator`, `create_time`, `updater`, `update_time`, `deleted`) VALUES (1690, 5, '向量', '5', 'ai_model_type', 0, '', '', '', '1', '2025-03-03 12:28:15', '1', '2025-03-03 12:28:15', b'0');
INSERT INTO `system_dict_data` (`id`, `sort`, `label`, `value`, `dict_type`, `status`, `color_type`, `css_class`, `remark`, `creator`, `create_time`, `updater`, `update_time`, `deleted`) VALUES (1691, 6, '重排', '6', 'ai_model_type', 0, '', '', '', '1', '2025-03-03 12:28:26', '1', '2025-03-03 12:28:26', b'0');
INSERT INTO `system_dict_data` (`id`, `sort`, `label`, `value`, `dict_type`, `status`, `color_type`, `css_class`, `remark`, `creator`, `create_time`, `updater`, `update_time`, `deleted`) VALUES (1692, 14, 'MiniMax', 'MiniMax', 'ai_platform', 0, '', '', '', '1', '2025-03-11 20:04:51', '1', '2025-03-11 20:04:51', b'0');
INSERT INTO `system_dict_data` (`id`, `sort`, `label`, `value`, `dict_type`, `status`, `color_type`, `css_class`, `remark`, `creator`, `create_time`, `updater`, `update_time`, `deleted`) VALUES (1693, 15, '月之暗灭', 'Moonshot', 'ai_platform', 0, '', '', '', '1', '2025-03-11 20:05:08', '1', '2025-03-11 20:05:08', b'0');
INSERT INTO `system_dict_data` (`id`, `sort`, `label`, `value`, `dict_type`, `status`, `color_type`, `css_class`, `remark`, `creator`, `create_time`, `updater`, `update_time`, `deleted`) VALUES (2000, 0, '标准数据格式（JSON）', '0', 'iot_data_format', 0, 'default', '', '', '1', '2024-08-10 11:53:26', '1', '2025-03-17 09:28:16', b'0');
INSERT INTO `system_dict_data` (`id`, `sort`, `label`, `value`, `dict_type`, `status`, `color_type`, `css_class`, `remark`, `creator`, `create_time`, `updater`, `update_time`, `deleted`) VALUES (2001, 1, '透传/自定义', '1', 'iot_data_format', 0, 'default', '', '', '1', '2024-08-10 11:53:37', '1', '2025-03-17 09:28:19', b'0');
COMMIT;

-- ----------------------------
-- Table structure for system_dict_type
-- ----------------------------
DROP TABLE IF EXISTS `system_dict_type`;
CREATE TABLE `system_dict_type` (
  `id` bigint NOT NULL AUTO_INCREMENT COMMENT '字典主键',
  `name` varchar(100) CHARACTER SET utf8mb4 COLLATE utf8mb4_unicode_ci NOT NULL DEFAULT '' COMMENT '字典名称',
  `type` varchar(100) CHARACTER SET utf8mb4 COLLATE utf8mb4_unicode_ci NOT NULL DEFAULT '' COMMENT '字典类型',
  `status` tinyint NOT NULL DEFAULT '0' COMMENT '状态（0正常 1停用）',
  `remark` varchar(500) CHARACTER SET utf8mb4 COLLATE utf8mb4_unicode_ci DEFAULT NULL COMMENT '备注',
  `creator` varchar(64) CHARACTER SET utf8mb4 COLLATE utf8mb4_unicode_ci DEFAULT '' COMMENT '创建者',
  `create_time` datetime NOT NULL DEFAULT CURRENT_TIMESTAMP COMMENT '创建时间',
  `updater` varchar(64) CHARACTER SET utf8mb4 COLLATE utf8mb4_unicode_ci DEFAULT '' COMMENT '更新者',
  `update_time` datetime NOT NULL DEFAULT CURRENT_TIMESTAMP ON UPDATE CURRENT_TIMESTAMP COMMENT '更新时间',
  `deleted` bit(1) NOT NULL DEFAULT b'0' COMMENT '是否删除',
  `deleted_time` datetime DEFAULT NULL COMMENT '删除时间',
  PRIMARY KEY (`id`) USING BTREE
) ENGINE=InnoDB AUTO_INCREMENT=2000 DEFAULT CHARSET=utf8mb4 COLLATE=utf8mb4_unicode_ci COMMENT='字典类型表';

-- ----------------------------
-- Records of system_dict_type
-- ----------------------------
BEGIN;
INSERT INTO `system_dict_type` (`id`, `name`, `type`, `status`, `remark`, `creator`, `create_time`, `updater`, `update_time`, `deleted`, `deleted_time`) VALUES (1, '用户性别', 'system_user_sex', 0, NULL, 'admin', '2021-01-05 17:03:48', '1', '2022-05-16 20:29:32', b'0', NULL);
INSERT INTO `system_dict_type` (`id`, `name`, `type`, `status`, `remark`, `creator`, `create_time`, `updater`, `update_time`, `deleted`, `deleted_time`) VALUES (6, '参数类型', 'infra_config_type', 0, NULL, 'admin', '2021-01-05 17:03:48', '', '2022-02-01 16:36:54', b'0', NULL);
INSERT INTO `system_dict_type` (`id`, `name`, `type`, `status`, `remark`, `creator`, `create_time`, `updater`, `update_time`, `deleted`, `deleted_time`) VALUES (7, '通知类型', 'system_notice_type', 0, NULL, 'admin', '2021-01-05 17:03:48', '', '2022-02-01 16:35:26', b'0', NULL);
INSERT INTO `system_dict_type` (`id`, `name`, `type`, `status`, `remark`, `creator`, `create_time`, `updater`, `update_time`, `deleted`, `deleted_time`) VALUES (9, '操作类型', 'infra_operate_type', 0, NULL, 'admin', '2021-01-05 17:03:48', '1', '2024-03-14 12:44:01', b'0', NULL);
INSERT INTO `system_dict_type` (`id`, `name`, `type`, `status`, `remark`, `creator`, `create_time`, `updater`, `update_time`, `deleted`, `deleted_time`) VALUES (10, '系统状态', 'common_status', 0, NULL, 'admin', '2021-01-05 17:03:48', '', '2022-02-01 16:21:28', b'0', NULL);
INSERT INTO `system_dict_type` (`id`, `name`, `type`, `status`, `remark`, `creator`, `create_time`, `updater`, `update_time`, `deleted`, `deleted_time`) VALUES (11, 'Boolean 是否类型', 'infra_boolean_string', 0, 'boolean 转是否', '', '2021-01-19 03:20:08', '', '2022-02-01 16:37:10', b'0', NULL);
INSERT INTO `system_dict_type` (`id`, `name`, `type`, `status`, `remark`, `creator`, `create_time`, `updater`, `update_time`, `deleted`, `deleted_time`) VALUES (104, '登陆结果', 'system_login_result', 0, '登陆结果', '', '2021-01-18 06:17:11', '', '2022-02-01 16:36:00', b'0', NULL);
INSERT INTO `system_dict_type` (`id`, `name`, `type`, `status`, `remark`, `creator`, `create_time`, `updater`, `update_time`, `deleted`, `deleted_time`) VALUES (106, '代码生成模板类型', 'infra_codegen_template_type', 0, NULL, '', '2021-02-05 07:08:06', '1', '2022-05-16 20:26:50', b'0', NULL);
INSERT INTO `system_dict_type` (`id`, `name`, `type`, `status`, `remark`, `creator`, `create_time`, `updater`, `update_time`, `deleted`, `deleted_time`) VALUES (107, '定时任务状态', 'infra_job_status', 0, NULL, '', '2021-02-07 07:44:16', '', '2022-02-01 16:51:11', b'0', NULL);
INSERT INTO `system_dict_type` (`id`, `name`, `type`, `status`, `remark`, `creator`, `create_time`, `updater`, `update_time`, `deleted`, `deleted_time`) VALUES (108, '定时任务日志状态', 'infra_job_log_status', 0, NULL, '', '2021-02-08 10:03:51', '', '2022-02-01 16:50:43', b'0', NULL);
INSERT INTO `system_dict_type` (`id`, `name`, `type`, `status`, `remark`, `creator`, `create_time`, `updater`, `update_time`, `deleted`, `deleted_time`) VALUES (109, '用户类型', 'user_type', 0, NULL, '', '2021-02-26 00:15:51', '', '2021-02-26 00:15:51', b'0', NULL);
INSERT INTO `system_dict_type` (`id`, `name`, `type`, `status`, `remark`, `creator`, `create_time`, `updater`, `update_time`, `deleted`, `deleted_time`) VALUES (110, 'API 异常数据的处理状态', 'infra_api_error_log_process_status', 0, NULL, '', '2021-02-26 07:07:01', '', '2022-02-01 16:50:53', b'0', NULL);
INSERT INTO `system_dict_type` (`id`, `name`, `type`, `status`, `remark`, `creator`, `create_time`, `updater`, `update_time`, `deleted`, `deleted_time`) VALUES (116, '登陆日志的类型', 'system_login_type', 0, '登陆日志的类型', '1', '2021-10-06 00:50:46', '1', '2022-02-01 16:35:56', b'0', NULL);
INSERT INTO `system_dict_type` (`id`, `name`, `type`, `status`, `remark`, `creator`, `create_time`, `updater`, `update_time`, `deleted`, `deleted_time`) VALUES (144, '代码生成的场景枚举', 'infra_codegen_scene', 0, '代码生成的场景枚举', '1', '2022-02-02 13:14:45', '1', '2022-03-10 16:33:46', b'0', NULL);
INSERT INTO `system_dict_type` (`id`, `name`, `type`, `status`, `remark`, `creator`, `create_time`, `updater`, `update_time`, `deleted`, `deleted_time`) VALUES (145, '角色类型', 'system_role_type', 0, '角色类型', '1', '2022-02-16 13:01:46', '1', '2022-02-16 13:01:46', b'0', NULL);
INSERT INTO `system_dict_type` (`id`, `name`, `type`, `status`, `remark`, `creator`, `create_time`, `updater`, `update_time`, `deleted`, `deleted_time`) VALUES (146, '文件存储器', 'infra_file_storage', 0, '文件存储器', '1', '2022-03-15 00:24:38', '1', '2022-03-15 00:24:38', b'0', NULL);
INSERT INTO `system_dict_type` (`id`, `name`, `type`, `status`, `remark`, `creator`, `create_time`, `updater`, `update_time`, `deleted`, `deleted_time`) VALUES (147, 'OAuth 2.0 授权类型', 'system_oauth2_grant_type', 0, 'OAuth 2.0 授权类型（模式）', '1', '2022-05-12 00:20:52', '1', '2022-05-11 16:25:49', b'0', NULL);
INSERT INTO `system_dict_type` (`id`, `name`, `type`, `status`, `remark`, `creator`, `create_time`, `updater`, `update_time`, `deleted`, `deleted_time`) VALUES (160, '终端', 'terminal', 0, '终端', '1', '2022-12-10 10:50:50', '1', '2022-12-10 10:53:11', b'0', NULL);
COMMIT;

-- ----------------------------
-- Table structure for system_login_log
-- ----------------------------
DROP TABLE IF EXISTS `system_login_log`;
CREATE TABLE `system_login_log` (
  `id` bigint NOT NULL AUTO_INCREMENT COMMENT '访问ID',
  `log_type` bigint NOT NULL COMMENT '日志类型',
  `trace_id` varchar(64) CHARACTER SET utf8mb4 COLLATE utf8mb4_unicode_ci NOT NULL DEFAULT '' COMMENT '链路追踪编号',
  `user_id` bigint NOT NULL DEFAULT '0' COMMENT '用户编号',
  `user_type` tinyint NOT NULL DEFAULT '0' COMMENT '用户类型',
  `username` varchar(50) CHARACTER SET utf8mb4 COLLATE utf8mb4_unicode_ci NOT NULL DEFAULT '' COMMENT '用户账号',
  `result` tinyint NOT NULL COMMENT '登陆结果',
  `user_ip` varchar(50) CHARACTER SET utf8mb4 COLLATE utf8mb4_unicode_ci NOT NULL COMMENT '用户 IP',
  `user_agent` varchar(512) CHARACTER SET utf8mb4 COLLATE utf8mb4_unicode_ci NOT NULL COMMENT '浏览器 UA',
  `creator` varchar(64) CHARACTER SET utf8mb4 COLLATE utf8mb4_unicode_ci DEFAULT '' COMMENT '创建者',
  `create_time` datetime NOT NULL DEFAULT CURRENT_TIMESTAMP COMMENT '创建时间',
  `updater` varchar(64) CHARACTER SET utf8mb4 COLLATE utf8mb4_unicode_ci DEFAULT '' COMMENT '更新者',
  `update_time` datetime NOT NULL DEFAULT CURRENT_TIMESTAMP ON UPDATE CURRENT_TIMESTAMP COMMENT '更新时间',
  `deleted` bit(1) NOT NULL DEFAULT b'0' COMMENT '是否删除',
   PRIMARY KEY (`id`) USING BTREE
) ENGINE=InnoDB AUTO_INCREMENT=1 DEFAULT CHARSET=utf8mb4 COLLATE=utf8mb4_unicode_ci COMMENT='系统访问记录';

-- ----------------------------
-- Table structure for system_menu
-- ----------------------------
DROP TABLE IF EXISTS `system_menu`;
CREATE TABLE `system_menu` (
  `id` bigint NOT NULL AUTO_INCREMENT COMMENT '菜单ID',
  `name` varchar(50) CHARACTER SET utf8mb4 COLLATE utf8mb4_unicode_ci NOT NULL COMMENT '菜单名称',
  `permission` varchar(100) CHARACTER SET utf8mb4 COLLATE utf8mb4_unicode_ci NOT NULL DEFAULT '' COMMENT '权限标识',
  `type` tinyint NOT NULL COMMENT '菜单类型',
  `sort` int NOT NULL DEFAULT '0' COMMENT '显示顺序',
  `parent_id` bigint NOT NULL DEFAULT '0' COMMENT '父菜单ID',
  `path` varchar(200) CHARACTER SET utf8mb4 COLLATE utf8mb4_unicode_ci DEFAULT '' COMMENT '路由地址',
  `icon` varchar(100) CHARACTER SET utf8mb4 COLLATE utf8mb4_unicode_ci DEFAULT '#' COMMENT '菜单图标',
  `component` varchar(255) CHARACTER SET utf8mb4 COLLATE utf8mb4_unicode_ci DEFAULT NULL COMMENT '组件路径',
  `component_name` varchar(255) CHARACTER SET utf8mb4 COLLATE utf8mb4_unicode_ci DEFAULT NULL COMMENT '组件名',
  `status` tinyint NOT NULL DEFAULT '0' COMMENT '菜单状态',
  `visible` bit(1) NOT NULL DEFAULT b'1' COMMENT '是否可见',
  `keep_alive` bit(1) NOT NULL DEFAULT b'1' COMMENT '是否缓存',
  `always_show` bit(1) NOT NULL DEFAULT b'1' COMMENT '是否总是显示',
  `creator` varchar(64) CHARACTER SET utf8mb4 COLLATE utf8mb4_unicode_ci DEFAULT '' COMMENT '创建者',
  `create_time` datetime NOT NULL DEFAULT CURRENT_TIMESTAMP COMMENT '创建时间',
  `updater` varchar(64) CHARACTER SET utf8mb4 COLLATE utf8mb4_unicode_ci DEFAULT '' COMMENT '更新者',
  `update_time` datetime NOT NULL DEFAULT CURRENT_TIMESTAMP ON UPDATE CURRENT_TIMESTAMP COMMENT '更新时间',
  `deleted` bit(1) NOT NULL DEFAULT b'0' COMMENT '是否删除',
  PRIMARY KEY (`id`) USING BTREE
) ENGINE=InnoDB AUTO_INCREMENT=5000 DEFAULT CHARSET=utf8mb4 COLLATE=utf8mb4_unicode_ci COMMENT='菜单权限表';

-- ----------------------------
-- Records of system_menu
-- ----------------------------
BEGIN;
INSERT INTO `system_menu` (`id`, `name`, `permission`, `type`, `sort`, `parent_id`, `path`, `icon`, `component`, `component_name`, `status`, `visible`, `keep_alive`, `always_show`, `creator`, `create_time`, `updater`, `update_time`, `deleted`) VALUES (1, '系统管理', '', 1, 10, 0, '/system', 'ep:tools', NULL, NULL, 0, b'1', b'1', b'1', 'admin', '2021-01-05 17:03:48', '1', '2025-03-15 21:30:27', b'0');
INSERT INTO `system_menu` (`id`, `name`, `permission`, `type`, `sort`, `parent_id`, `path`, `icon`, `component`, `component_name`, `status`, `visible`, `keep_alive`, `always_show`, `creator`, `create_time`, `updater`, `update_time`, `deleted`) VALUES (2, '基础设施', '', 1, 20, 0, '/infra', 'ep:monitor', NULL, NULL, 0, b'1', b'1', b'1', 'admin', '2021-01-05 17:03:48', '1', '2024-03-01 08:28:40', b'0');
INSERT INTO `system_menu` (`id`, `name`, `permission`, `type`, `sort`, `parent_id`, `path`, `icon`, `component`, `component_name`, `status`, `visible`, `keep_alive`, `always_show`, `creator`, `create_time`, `updater`, `update_time`, `deleted`) VALUES (100, '用户管理', 'system:user:list', 2, 1, 1, 'user', 'ep:avatar', 'system/user/index', 'SystemUser', 0, b'1', b'1', b'1', 'admin', '2021-01-05 17:03:48', '1', '2025-03-15 21:30:41', b'0');
INSERT INTO `system_menu` (`id`, `name`, `permission`, `type`, `sort`, `parent_id`, `path`, `icon`, `component`, `component_name`, `status`, `visible`, `keep_alive`, `always_show`, `creator`, `create_time`, `updater`, `update_time`, `deleted`) VALUES (101, '角色管理', '', 2, 2, 1, 'role', 'ep:user', 'system/role/index', 'SystemRole', 0, b'1', b'1', b'1', 'admin', '2021-01-05 17:03:48', '1', '2024-05-01 18:35:29', b'0');
INSERT INTO `system_menu` (`id`, `name`, `permission`, `type`, `sort`, `parent_id`, `path`, `icon`, `component`, `component_name`, `status`, `visible`, `keep_alive`, `always_show`, `creator`, `create_time`, `updater`, `update_time`, `deleted`) VALUES (102, '菜单管理', '', 2, 3, 1, 'menu', 'ep:menu', 'system/menu/index', 'SystemMenu', 0, b'1', b'1', b'1', 'admin', '2021-01-05 17:03:48', '1', '2024-02-29 01:03:50', b'0');
INSERT INTO `system_menu` (`id`, `name`, `permission`, `type`, `sort`, `parent_id`, `path`, `icon`, `component`, `component_name`, `status`, `visible`, `keep_alive`, `always_show`, `creator`, `create_time`, `updater`, `update_time`, `deleted`) VALUES (103, '部门管理', '', 2, 4, 1, 'dept', 'fa:address-card', 'system/dept/index', 'SystemDept', 0, b'1', b'1', b'1', 'admin', '2021-01-05 17:03:48', '1', '2024-02-29 01:06:28', b'0');
INSERT INTO `system_menu` (`id`, `name`, `permission`, `type`, `sort`, `parent_id`, `path`, `icon`, `component`, `component_name`, `status`, `visible`, `keep_alive`, `always_show`, `creator`, `create_time`, `updater`, `update_time`, `deleted`) VALUES (104, '岗位管理', '', 2, 5, 1, 'post', 'fa:address-book-o', 'system/post/index', 'SystemPost', 0, b'1', b'1', b'1', 'admin', '2021-01-05 17:03:48', '1', '2024-02-29 01:06:39', b'0');
INSERT INTO `system_menu` (`id`, `name`, `permission`, `type`, `sort`, `parent_id`, `path`, `icon`, `component`, `component_name`, `status`, `visible`, `keep_alive`, `always_show`, `creator`, `create_time`, `updater`, `update_time`, `deleted`) VALUES (105, '字典管理', '', 2, 6, 1, 'dict', 'ep:collection', 'system/dict/index', 'SystemDictType', 0, b'1', b'1', b'1', 'admin', '2021-01-05 17:03:48', '1', '2024-02-29 01:07:12', b'0');
INSERT INTO `system_menu` (`id`, `name`, `permission`, `type`, `sort`, `parent_id`, `path`, `icon`, `component`, `component_name`, `status`, `visible`, `keep_alive`, `always_show`, `creator`, `create_time`, `updater`, `update_time`, `deleted`) VALUES (106, '配置管理', '', 2, 8, 2, 'config', 'fa:connectdevelop', 'infra/config/index', 'InfraConfig', 0, b'1', b'1', b'1', 'admin', '2021-01-05 17:03:48', '1', '2024-04-23 00:02:45', b'0');
INSERT INTO `system_menu` (`id`, `name`, `permission`, `type`, `sort`, `parent_id`, `path`, `icon`, `component`, `component_name`, `status`, `visible`, `keep_alive`, `always_show`, `creator`, `create_time`, `updater`, `update_time`, `deleted`) VALUES (107, '通知公告', '', 2, 4, 1, 'notice', 'ep:takeaway-box', 'system/notice/index', 'SystemNotice', 0, b'1', b'1', b'1', 'admin', '2021-01-05 17:03:48', '1', '2024-04-22 23:56:17', b'0');
INSERT INTO `system_menu` (`id`, `name`, `permission`, `type`, `sort`, `parent_id`, `path`, `icon`, `component`, `component_name`, `status`, `visible`, `keep_alive`, `always_show`, `creator`, `create_time`, `updater`, `update_time`, `deleted`) VALUES (108, '审计日志', '', 1, 9, 1, 'log', 'ep:document-copy', '', NULL, 0, b'1', b'1', b'1', 'admin', '2021-01-05 17:03:48', '1', '2024-02-29 01:08:30', b'0');
INSERT INTO `system_menu` (`id`, `name`, `permission`, `type`, `sort`, `parent_id`, `path`, `icon`, `component`, `component_name`, `status`, `visible`, `keep_alive`, `always_show`, `creator`, `create_time`, `updater`, `update_time`, `deleted`) VALUES (110, '定时任务', '', 2, 7, 2, 'job', 'fa-solid:tasks', 'infra/job/index', 'InfraJob', 0, b'1', b'1', b'1', 'admin', '2021-01-05 17:03:48', '1', '2024-02-29 08:57:36', b'0');
INSERT INTO `system_menu` (`id`, `name`, `permission`, `type`, `sort`, `parent_id`, `path`, `icon`, `component`, `component_name`, `status`, `visible`, `keep_alive`, `always_show`, `creator`, `create_time`, `updater`, `update_time`, `deleted`) VALUES (114, '表单构建', 'infra:build:list', 2, 2, 2, 'build', 'fa:wpforms', 'infra/build/index', 'InfraBuild', 0, b'1', b'1', b'1', 'admin', '2021-01-05 17:03:48', '1', '2024-02-29 08:51:35', b'0');
INSERT INTO `system_menu` (`id`, `name`, `permission`, `type`, `sort`, `parent_id`, `path`, `icon`, `component`, `component_name`, `status`, `visible`, `keep_alive`, `always_show`, `creator`, `create_time`, `updater`, `update_time`, `deleted`) VALUES (115, '代码生成', 'infra:codegen:query', 2, 1, 2, 'codegen', 'ep:document-copy', 'infra/codegen/index', 'InfraCodegen', 0, b'1', b'1', b'1', 'admin', '2021-01-05 17:03:48', '1', '2024-02-29 08:51:06', b'0');
INSERT INTO `system_menu` (`id`, `name`, `permission`, `type`, `sort`, `parent_id`, `path`, `icon`, `component`, `component_name`, `status`, `visible`, `keep_alive`, `always_show`, `creator`, `create_time`, `updater`, `update_time`, `deleted`) VALUES (116, 'API 接口', 'infra:swagger:list', 2, 3, 2, 'swagger', 'fa:fighter-jet', 'infra/swagger/index', 'InfraSwagger', 0, b'1', b'1', b'1', 'admin', '2021-01-05 17:03:48', '1', '2024-04-23 00:01:24', b'0');
INSERT INTO `system_menu` (`id`, `name`, `permission`, `type`, `sort`, `parent_id`, `path`, `icon`, `component`, `component_name`, `status`, `visible`, `keep_alive`, `always_show`, `creator`, `create_time`, `updater`, `update_time`, `deleted`) VALUES (500, '操作日志', '', 2, 1, 108, 'operate-log', 'ep:position', 'system/operatelog/index', 'SystemOperateLog', 0, b'1', b'1', b'1', 'admin', '2021-01-05 17:03:48', '1', '2024-02-29 01:09:59', b'0');
INSERT INTO `system_menu` (`id`, `name`, `permission`, `type`, `sort`, `parent_id`, `path`, `icon`, `component`, `component_name`, `status`, `visible`, `keep_alive`, `always_show`, `creator`, `create_time`, `updater`, `update_time`, `deleted`) VALUES (501, '登录日志', '', 2, 2, 108, 'login-log', 'ep:promotion', 'system/loginlog/index', 'SystemLoginLog', 0, b'1', b'1', b'1', 'admin', '2021-01-05 17:03:48', '1', '2024-02-29 01:10:29', b'0');
INSERT INTO `system_menu` (`id`, `name`, `permission`, `type`, `sort`, `parent_id`, `path`, `icon`, `component`, `component_name`, `status`, `visible`, `keep_alive`, `always_show`, `creator`, `create_time`, `updater`, `update_time`, `deleted`) VALUES (1001, '用户查询', 'system:user:query', 3, 1, 100, '', '#', '', NULL, 0, b'1', b'1', b'1', 'admin', '2021-01-05 17:03:48', '', '2022-04-20 17:03:10', b'0');
INSERT INTO `system_menu` (`id`, `name`, `permission`, `type`, `sort`, `parent_id`, `path`, `icon`, `component`, `component_name`, `status`, `visible`, `keep_alive`, `always_show`, `creator`, `create_time`, `updater`, `update_time`, `deleted`) VALUES (1002, '用户新增', 'system:user:create', 3, 2, 100, '', '', '', NULL, 0, b'1', b'1', b'1', 'admin', '2021-01-05 17:03:48', '1', '2022-04-20 17:03:10', b'0');
INSERT INTO `system_menu` (`id`, `name`, `permission`, `type`, `sort`, `parent_id`, `path`, `icon`, `component`, `component_name`, `status`, `visible`, `keep_alive`, `always_show`, `creator`, `create_time`, `updater`, `update_time`, `deleted`) VALUES (1003, '用户修改', 'system:user:update', 3, 3, 100, '', '', '', NULL, 0, b'1', b'1', b'1', 'admin', '2021-01-05 17:03:48', '1', '2022-04-20 17:03:10', b'0');
INSERT INTO `system_menu` (`id`, `name`, `permission`, `type`, `sort`, `parent_id`, `path`, `icon`, `component`, `component_name`, `status`, `visible`, `keep_alive`, `always_show`, `creator`, `create_time`, `updater`, `update_time`, `deleted`) VALUES (1004, '用户删除', 'system:user:delete', 3, 4, 100, '', '', '', NULL, 0, b'1', b'1', b'1', 'admin', '2021-01-05 17:03:48', '1', '2022-04-20 17:03:10', b'0');
INSERT INTO `system_menu` (`id`, `name`, `permission`, `type`, `sort`, `parent_id`, `path`, `icon`, `component`, `component_name`, `status`, `visible`, `keep_alive`, `always_show`, `creator`, `create_time`, `updater`, `update_time`, `deleted`) VALUES (1005, '用户导出', 'system:user:export', 3, 5, 100, '', '#', '', NULL, 0, b'1', b'1', b'1', 'admin', '2021-01-05 17:03:48', '', '2022-04-20 17:03:10', b'0');
INSERT INTO `system_menu` (`id`, `name`, `permission`, `type`, `sort`, `parent_id`, `path`, `icon`, `component`, `component_name`, `status`, `visible`, `keep_alive`, `always_show`, `creator`, `create_time`, `updater`, `update_time`, `deleted`) VALUES (1006, '用户导入', 'system:user:import', 3, 6, 100, '', '#', '', NULL, 0, b'1', b'1', b'1', 'admin', '2021-01-05 17:03:48', '', '2022-04-20 17:03:10', b'0');
INSERT INTO `system_menu` (`id`, `name`, `permission`, `type`, `sort`, `parent_id`, `path`, `icon`, `component`, `component_name`, `status`, `visible`, `keep_alive`, `always_show`, `creator`, `create_time`, `updater`, `update_time`, `deleted`) VALUES (1007, '重置密码', 'system:user:update-password', 3, 7, 100, '', '', '', NULL, 0, b'1', b'1', b'1', 'admin', '2021-01-05 17:03:48', '1', '2022-04-20 17:03:10', b'0');
INSERT INTO `system_menu` (`id`, `name`, `permission`, `type`, `sort`, `parent_id`, `path`, `icon`, `component`, `component_name`, `status`, `visible`, `keep_alive`, `always_show`, `creator`, `create_time`, `updater`, `update_time`, `deleted`) VALUES (1008, '角色查询', 'system:role:query', 3, 1, 101, '', '#', '', NULL, 0, b'1', b'1', b'1', 'admin', '2021-01-05 17:03:48', '', '2022-04-20 17:03:10', b'0');
INSERT INTO `system_menu` (`id`, `name`, `permission`, `type`, `sort`, `parent_id`, `path`, `icon`, `component`, `component_name`, `status`, `visible`, `keep_alive`, `always_show`, `creator`, `create_time`, `updater`, `update_time`, `deleted`) VALUES (1009, '角色新增', 'system:role:create', 3, 2, 101, '', '', '', NULL, 0, b'1', b'1', b'1', 'admin', '2021-01-05 17:03:48', '1', '2022-04-20 17:03:10', b'0');
INSERT INTO `system_menu` (`id`, `name`, `permission`, `type`, `sort`, `parent_id`, `path`, `icon`, `component`, `component_name`, `status`, `visible`, `keep_alive`, `always_show`, `creator`, `create_time`, `updater`, `update_time`, `deleted`) VALUES (1010, '角色修改', 'system:role:update', 3, 3, 101, '', '', '', NULL, 0, b'1', b'1', b'1', 'admin', '2021-01-05 17:03:48', '1', '2022-04-20 17:03:10', b'0');
INSERT INTO `system_menu` (`id`, `name`, `permission`, `type`, `sort`, `parent_id`, `path`, `icon`, `component`, `component_name`, `status`, `visible`, `keep_alive`, `always_show`, `creator`, `create_time`, `updater`, `update_time`, `deleted`) VALUES (1011, '角色删除', 'system:role:delete', 3, 4, 101, '', '', '', NULL, 0, b'1', b'1', b'1', 'admin', '2021-01-05 17:03:48', '1', '2022-04-20 17:03:10', b'0');
INSERT INTO `system_menu` (`id`, `name`, `permission`, `type`, `sort`, `parent_id`, `path`, `icon`, `component`, `component_name`, `status`, `visible`, `keep_alive`, `always_show`, `creator`, `create_time`, `updater`, `update_time`, `deleted`) VALUES (1012, '角色导出', 'system:role:export', 3, 5, 101, '', '#', '', NULL, 0, b'1', b'1', b'1', 'admin', '2021-01-05 17:03:48', '', '2022-04-20 17:03:10', b'0');
INSERT INTO `system_menu` (`id`, `name`, `permission`, `type`, `sort`, `parent_id`, `path`, `icon`, `component`, `component_name`, `status`, `visible`, `keep_alive`, `always_show`, `creator`, `create_time`, `updater`, `update_time`, `deleted`) VALUES (1013, '菜单查询', 'system:menu:query', 3, 1, 102, '', '#', '', NULL, 0, b'1', b'1', b'1', 'admin', '2021-01-05 17:03:48', '', '2022-04-20 17:03:10', b'0');
INSERT INTO `system_menu` (`id`, `name`, `permission`, `type`, `sort`, `parent_id`, `path`, `icon`, `component`, `component_name`, `status`, `visible`, `keep_alive`, `always_show`, `creator`, `create_time`, `updater`, `update_time`, `deleted`) VALUES (1014, '菜单新增', 'system:menu:create', 3, 2, 102, '', '#', '', NULL, 0, b'1', b'1', b'1', 'admin', '2021-01-05 17:03:48', '', '2022-04-20 17:03:10', b'0');
INSERT INTO `system_menu` (`id`, `name`, `permission`, `type`, `sort`, `parent_id`, `path`, `icon`, `component`, `component_name`, `status`, `visible`, `keep_alive`, `always_show`, `creator`, `create_time`, `updater`, `update_time`, `deleted`) VALUES (1015, '菜单修改', 'system:menu:update', 3, 3, 102, '', '#', '', NULL, 0, b'1', b'1', b'1', 'admin', '2021-01-05 17:03:48', '', '2022-04-20 17:03:10', b'0');
INSERT INTO `system_menu` (`id`, `name`, `permission`, `type`, `sort`, `parent_id`, `path`, `icon`, `component`, `component_name`, `status`, `visible`, `keep_alive`, `always_show`, `creator`, `create_time`, `updater`, `update_time`, `deleted`) VALUES (1016, '菜单删除', 'system:menu:delete', 3, 4, 102, '', '#', '', NULL, 0, b'1', b'1', b'1', 'admin', '2021-01-05 17:03:48', '', '2022-04-20 17:03:10', b'0');
INSERT INTO `system_menu` (`id`, `name`, `permission`, `type`, `sort`, `parent_id`, `path`, `icon`, `component`, `component_name`, `status`, `visible`, `keep_alive`, `always_show`, `creator`, `create_time`, `updater`, `update_time`, `deleted`) VALUES (1017, '部门查询', 'system:dept:query', 3, 1, 103, '', '#', '', NULL, 0, b'1', b'1', b'1', 'admin', '2021-01-05 17:03:48', '', '2022-04-20 17:03:10', b'0');
INSERT INTO `system_menu` (`id`, `name`, `permission`, `type`, `sort`, `parent_id`, `path`, `icon`, `component`, `component_name`, `status`, `visible`, `keep_alive`, `always_show`, `creator`, `create_time`, `updater`, `update_time`, `deleted`) VALUES (1018, '部门新增', 'system:dept:create', 3, 2, 103, '', '', '', NULL, 0, b'1', b'1', b'1', 'admin', '2021-01-05 17:03:48', '1', '2022-04-20 17:03:10', b'0');
INSERT INTO `system_menu` (`id`, `name`, `permission`, `type`, `sort`, `parent_id`, `path`, `icon`, `component`, `component_name`, `status`, `visible`, `keep_alive`, `always_show`, `creator`, `create_time`, `updater`, `update_time`, `deleted`) VALUES (1019, '部门修改', 'system:dept:update', 3, 3, 103, '', '', '', NULL, 0, b'1', b'1', b'1', 'admin', '2021-01-05 17:03:48', '1', '2022-04-20 17:03:10', b'0');
INSERT INTO `system_menu` (`id`, `name`, `permission`, `type`, `sort`, `parent_id`, `path`, `icon`, `component`, `component_name`, `status`, `visible`, `keep_alive`, `always_show`, `creator`, `create_time`, `updater`, `update_time`, `deleted`) VALUES (1020, '部门删除', 'system:dept:delete', 3, 4, 103, '', '', '', NULL, 0, b'1', b'1', b'1', 'admin', '2021-01-05 17:03:48', '1', '2022-04-20 17:03:10', b'0');
INSERT INTO `system_menu` (`id`, `name`, `permission`, `type`, `sort`, `parent_id`, `path`, `icon`, `component`, `component_name`, `status`, `visible`, `keep_alive`, `always_show`, `creator`, `create_time`, `updater`, `update_time`, `deleted`) VALUES (1021, '岗位查询', 'system:post:query', 3, 1, 104, '', '#', '', NULL, 0, b'1', b'1', b'1', 'admin', '2021-01-05 17:03:48', '', '2022-04-20 17:03:10', b'0');
INSERT INTO `system_menu` (`id`, `name`, `permission`, `type`, `sort`, `parent_id`, `path`, `icon`, `component`, `component_name`, `status`, `visible`, `keep_alive`, `always_show`, `creator`, `create_time`, `updater`, `update_time`, `deleted`) VALUES (1022, '岗位新增', 'system:post:create', 3, 2, 104, '', '', '', NULL, 0, b'1', b'1', b'1', 'admin', '2021-01-05 17:03:48', '1', '2022-04-20 17:03:10', b'0');
INSERT INTO `system_menu` (`id`, `name`, `permission`, `type`, `sort`, `parent_id`, `path`, `icon`, `component`, `component_name`, `status`, `visible`, `keep_alive`, `always_show`, `creator`, `create_time`, `updater`, `update_time`, `deleted`) VALUES (1023, '岗位修改', 'system:post:update', 3, 3, 104, '', '', '', NULL, 0, b'1', b'1', b'1', 'admin', '2021-01-05 17:03:48', '1', '2022-04-20 17:03:10', b'0');
INSERT INTO `system_menu` (`id`, `name`, `permission`, `type`, `sort`, `parent_id`, `path`, `icon`, `component`, `component_name`, `status`, `visible`, `keep_alive`, `always_show`, `creator`, `create_time`, `updater`, `update_time`, `deleted`) VALUES (1024, '岗位删除', 'system:post:delete', 3, 4, 104, '', '', '', NULL, 0, b'1', b'1', b'1', 'admin', '2021-01-05 17:03:48', '1', '2022-04-20 17:03:10', b'0');
INSERT INTO `system_menu` (`id`, `name`, `permission`, `type`, `sort`, `parent_id`, `path`, `icon`, `component`, `component_name`, `status`, `visible`, `keep_alive`, `always_show`, `creator`, `create_time`, `updater`, `update_time`, `deleted`) VALUES (1025, '岗位导出', 'system:post:export', 3, 5, 104, '', '#', '', NULL, 0, b'1', b'1', b'1', 'admin', '2021-01-05 17:03:48', '', '2022-04-20 17:03:10', b'0');
INSERT INTO `system_menu` (`id`, `name`, `permission`, `type`, `sort`, `parent_id`, `path`, `icon`, `component`, `component_name`, `status`, `visible`, `keep_alive`, `always_show`, `creator`, `create_time`, `updater`, `update_time`, `deleted`) VALUES (1026, '字典查询', 'system:dict:query', 3, 1, 105, '#', '#', '', NULL, 0, b'1', b'1', b'1', 'admin', '2021-01-05 17:03:48', '', '2022-04-20 17:03:10', b'0');
INSERT INTO `system_menu` (`id`, `name`, `permission`, `type`, `sort`, `parent_id`, `path`, `icon`, `component`, `component_name`, `status`, `visible`, `keep_alive`, `always_show`, `creator`, `create_time`, `updater`, `update_time`, `deleted`) VALUES (1027, '字典新增', 'system:dict:create', 3, 2, 105, '', '', '', NULL, 0, b'1', b'1', b'1', 'admin', '2021-01-05 17:03:48', '1', '2022-04-20 17:03:10', b'0');
INSERT INTO `system_menu` (`id`, `name`, `permission`, `type`, `sort`, `parent_id`, `path`, `icon`, `component`, `component_name`, `status`, `visible`, `keep_alive`, `always_show`, `creator`, `create_time`, `updater`, `update_time`, `deleted`) VALUES (1028, '字典修改', 'system:dict:update', 3, 3, 105, '', '', '', NULL, 0, b'1', b'1', b'1', 'admin', '2021-01-05 17:03:48', '1', '2022-04-20 17:03:10', b'0');
INSERT INTO `system_menu` (`id`, `name`, `permission`, `type`, `sort`, `parent_id`, `path`, `icon`, `component`, `component_name`, `status`, `visible`, `keep_alive`, `always_show`, `creator`, `create_time`, `updater`, `update_time`, `deleted`) VALUES (1029, '字典删除', 'system:dict:delete', 3, 4, 105, '', '', '', NULL, 0, b'1', b'1', b'1', 'admin', '2021-01-05 17:03:48', '1', '2022-04-20 17:03:10', b'0');
INSERT INTO `system_menu` (`id`, `name`, `permission`, `type`, `sort`, `parent_id`, `path`, `icon`, `component`, `component_name`, `status`, `visible`, `keep_alive`, `always_show`, `creator`, `create_time`, `updater`, `update_time`, `deleted`) VALUES (1030, '字典导出', 'system:dict:export', 3, 5, 105, '#', '#', '', NULL, 0, b'1', b'1', b'1', 'admin', '2021-01-05 17:03:48', '', '2022-04-20 17:03:10', b'0');
INSERT INTO `system_menu` (`id`, `name`, `permission`, `type`, `sort`, `parent_id`, `path`, `icon`, `component`, `component_name`, `status`, `visible`, `keep_alive`, `always_show`, `creator`, `create_time`, `updater`, `update_time`, `deleted`) VALUES (1031, '配置查询', 'infra:config:query', 3, 1, 106, '', '', '', NULL, 0, b'1', b'1', b'1', 'admin', '2021-01-05 17:03:48', '', '2022-04-20 17:03:10', b'0');
INSERT INTO `system_menu` (`id`, `name`, `permission`, `type`, `sort`, `parent_id`, `path`, `icon`, `component`, `component_name`, `status`, `visible`, `keep_alive`, `always_show`, `creator`, `create_time`, `updater`, `update_time`, `deleted`) VALUES (1032, '配置新增', 'infra:config:create', 3, 2, 106, '', '', '', NULL, 0, b'1', b'1', b'1', 'admin', '2021-01-05 17:03:48', '1', '2022-04-20 17:03:10', b'0');
INSERT INTO `system_menu` (`id`, `name`, `permission`, `type`, `sort`, `parent_id`, `path`, `icon`, `component`, `component_name`, `status`, `visible`, `keep_alive`, `always_show`, `creator`, `create_time`, `updater`, `update_time`, `deleted`) VALUES (1033, '配置修改', 'infra:config:update', 3, 3, 106, '', '', '', NULL, 0, b'1', b'1', b'1', 'admin', '2021-01-05 17:03:48', '1', '2022-04-20 17:03:10', b'0');
INSERT INTO `system_menu` (`id`, `name`, `permission`, `type`, `sort`, `parent_id`, `path`, `icon`, `component`, `component_name`, `status`, `visible`, `keep_alive`, `always_show`, `creator`, `create_time`, `updater`, `update_time`, `deleted`) VALUES (1034, '配置删除', 'infra:config:delete', 3, 4, 106, '', '', '', NULL, 0, b'1', b'1', b'1', 'admin', '2021-01-05 17:03:48', '1', '2022-04-20 17:03:10', b'0');
INSERT INTO `system_menu` (`id`, `name`, `permission`, `type`, `sort`, `parent_id`, `path`, `icon`, `component`, `component_name`, `status`, `visible`, `keep_alive`, `always_show`, `creator`, `create_time`, `updater`, `update_time`, `deleted`) VALUES (1035, '配置导出', 'infra:config:export', 3, 5, 106, '', '', '', NULL, 0, b'1', b'1', b'1', 'admin', '2021-01-05 17:03:48', '', '2022-04-20 17:03:10', b'0');
INSERT INTO `system_menu` (`id`, `name`, `permission`, `type`, `sort`, `parent_id`, `path`, `icon`, `component`, `component_name`, `status`, `visible`, `keep_alive`, `always_show`, `creator`, `create_time`, `updater`, `update_time`, `deleted`) VALUES (1036, '公告查询', 'system:notice:query', 3, 1, 107, '#', '#', '', NULL, 0, b'1', b'1', b'1', 'admin', '2021-01-05 17:03:48', '', '2022-04-20 17:03:10', b'0');
INSERT INTO `system_menu` (`id`, `name`, `permission`, `type`, `sort`, `parent_id`, `path`, `icon`, `component`, `component_name`, `status`, `visible`, `keep_alive`, `always_show`, `creator`, `create_time`, `updater`, `update_time`, `deleted`) VALUES (1037, '公告新增', 'system:notice:create', 3, 2, 107, '', '', '', NULL, 0, b'1', b'1', b'1', 'admin', '2021-01-05 17:03:48', '1', '2022-04-20 17:03:10', b'0');
INSERT INTO `system_menu` (`id`, `name`, `permission`, `type`, `sort`, `parent_id`, `path`, `icon`, `component`, `component_name`, `status`, `visible`, `keep_alive`, `always_show`, `creator`, `create_time`, `updater`, `update_time`, `deleted`) VALUES (1038, '公告修改', 'system:notice:update', 3, 3, 107, '', '', '', NULL, 0, b'1', b'1', b'1', 'admin', '2021-01-05 17:03:48', '1', '2022-04-20 17:03:10', b'0');
INSERT INTO `system_menu` (`id`, `name`, `permission`, `type`, `sort`, `parent_id`, `path`, `icon`, `component`, `component_name`, `status`, `visible`, `keep_alive`, `always_show`, `creator`, `create_time`, `updater`, `update_time`, `deleted`) VALUES (1039, '公告删除', 'system:notice:delete', 3, 4, 107, '', '', '', NULL, 0, b'1', b'1', b'1', 'admin', '2021-01-05 17:03:48', '1', '2022-04-20 17:03:10', b'0');
INSERT INTO `system_menu` (`id`, `name`, `permission`, `type`, `sort`, `parent_id`, `path`, `icon`, `component`, `component_name`, `status`, `visible`, `keep_alive`, `always_show`, `creator`, `create_time`, `updater`, `update_time`, `deleted`) VALUES (1040, '操作查询', 'system:operate-log:query', 3, 1, 500, '', '', '', NULL, 0, b'1', b'1', b'1', 'admin', '2021-01-05 17:03:48', '', '2022-04-20 17:03:10', b'0');
INSERT INTO `system_menu` (`id`, `name`, `permission`, `type`, `sort`, `parent_id`, `path`, `icon`, `component`, `component_name`, `status`, `visible`, `keep_alive`, `always_show`, `creator`, `create_time`, `updater`, `update_time`, `deleted`) VALUES (1042, '日志导出', 'system:operate-log:export', 3, 2, 500, '', '', '', NULL, 0, b'1', b'1', b'1', 'admin', '2021-01-05 17:03:48', '', '2022-04-20 17:03:10', b'0');
INSERT INTO `system_menu` (`id`, `name`, `permission`, `type`, `sort`, `parent_id`, `path`, `icon`, `component`, `component_name`, `status`, `visible`, `keep_alive`, `always_show`, `creator`, `create_time`, `updater`, `update_time`, `deleted`) VALUES (1043, '登录查询', 'system:login-log:query', 3, 1, 501, '#', '#', '', NULL, 0, b'1', b'1', b'1', 'admin', '2021-01-05 17:03:48', '', '2022-04-20 17:03:10', b'0');
INSERT INTO `system_menu` (`id`, `name`, `permission`, `type`, `sort`, `parent_id`, `path`, `icon`, `component`, `component_name`, `status`, `visible`, `keep_alive`, `always_show`, `creator`, `create_time`, `updater`, `update_time`, `deleted`) VALUES (1045, '日志导出', 'system:login-log:export', 3, 3, 501, '#', '#', '', NULL, 0, b'1', b'1', b'1', 'admin', '2021-01-05 17:03:48', '', '2022-04-20 17:03:10', b'0');
INSERT INTO `system_menu` (`id`, `name`, `permission`, `type`, `sort`, `parent_id`, `path`, `icon`, `component`, `component_name`, `status`, `visible`, `keep_alive`, `always_show`, `creator`, `create_time`, `updater`, `update_time`, `deleted`) VALUES (1050, '任务新增', 'infra:job:create', 3, 2, 110, '', '', '', NULL, 0, b'1', b'1', b'1', 'admin', '2021-01-05 17:03:48', '', '2022-04-20 17:03:10', b'0');
INSERT INTO `system_menu` (`id`, `name`, `permission`, `type`, `sort`, `parent_id`, `path`, `icon`, `component`, `component_name`, `status`, `visible`, `keep_alive`, `always_show`, `creator`, `create_time`, `updater`, `update_time`, `deleted`) VALUES (1051, '任务修改', 'infra:job:update', 3, 3, 110, '', '', '', NULL, 0, b'1', b'1', b'1', 'admin', '2021-01-05 17:03:48', '', '2022-04-20 17:03:10', b'0');
INSERT INTO `system_menu` (`id`, `name`, `permission`, `type`, `sort`, `parent_id`, `path`, `icon`, `component`, `component_name`, `status`, `visible`, `keep_alive`, `always_show`, `creator`, `create_time`, `updater`, `update_time`, `deleted`) VALUES (1052, '任务删除', 'infra:job:delete', 3, 4, 110, '', '', '', NULL, 0, b'1', b'1', b'1', 'admin', '2021-01-05 17:03:48', '', '2022-04-20 17:03:10', b'0');
INSERT INTO `system_menu` (`id`, `name`, `permission`, `type`, `sort`, `parent_id`, `path`, `icon`, `component`, `component_name`, `status`, `visible`, `keep_alive`, `always_show`, `creator`, `create_time`, `updater`, `update_time`, `deleted`) VALUES (1053, '状态修改', 'infra:job:update', 3, 5, 110, '', '', '', NULL, 0, b'1', b'1', b'1', 'admin', '2021-01-05 17:03:48', '', '2022-04-20 17:03:10', b'0');
INSERT INTO `system_menu` (`id`, `name`, `permission`, `type`, `sort`, `parent_id`, `path`, `icon`, `component`, `component_name`, `status`, `visible`, `keep_alive`, `always_show`, `creator`, `create_time`, `updater`, `update_time`, `deleted`) VALUES (1054, '任务导出', 'infra:job:export', 3, 7, 110, '', '', '', NULL, 0, b'1', b'1', b'1', 'admin', '2021-01-05 17:03:48', '', '2022-04-20 17:03:10', b'0');
INSERT INTO `system_menu` (`id`, `name`, `permission`, `type`, `sort`, `parent_id`, `path`, `icon`, `component`, `component_name`, `status`, `visible`, `keep_alive`, `always_show`, `creator`, `create_time`, `updater`, `update_time`, `deleted`) VALUES (1056, '生成修改', 'infra:codegen:update', 3, 2, 115, '', '', '', NULL, 0, b'1', b'1', b'1', 'admin', '2021-01-05 17:03:48', '1', '2022-04-20 17:03:10', b'0');
INSERT INTO `system_menu` (`id`, `name`, `permission`, `type`, `sort`, `parent_id`, `path`, `icon`, `component`, `component_name`, `status`, `visible`, `keep_alive`, `always_show`, `creator`, `create_time`, `updater`, `update_time`, `deleted`) VALUES (1057, '生成删除', 'infra:codegen:delete', 3, 3, 115, '', '', '', NULL, 0, b'1', b'1', b'1', 'admin', '2021-01-05 17:03:48', '1', '2022-04-20 17:03:10', b'0');
INSERT INTO `system_menu` (`id`, `name`, `permission`, `type`, `sort`, `parent_id`, `path`, `icon`, `component`, `component_name`, `status`, `visible`, `keep_alive`, `always_show`, `creator`, `create_time`, `updater`, `update_time`, `deleted`) VALUES (1058, '导入代码', 'infra:codegen:create', 3, 2, 115, '', '', '', NULL, 0, b'1', b'1', b'1', 'admin', '2021-01-05 17:03:48', '1', '2022-04-20 17:03:10', b'0');
INSERT INTO `system_menu` (`id`, `name`, `permission`, `type`, `sort`, `parent_id`, `path`, `icon`, `component`, `component_name`, `status`, `visible`, `keep_alive`, `always_show`, `creator`, `create_time`, `updater`, `update_time`, `deleted`) VALUES (1059, '预览代码', 'infra:codegen:preview', 3, 4, 115, '', '', '', NULL, 0, b'1', b'1', b'1', 'admin', '2021-01-05 17:03:48', '1', '2022-04-20 17:03:10', b'0');
INSERT INTO `system_menu` (`id`, `name`, `permission`, `type`, `sort`, `parent_id`, `path`, `icon`, `component`, `component_name`, `status`, `visible`, `keep_alive`, `always_show`, `creator`, `create_time`, `updater`, `update_time`, `deleted`) VALUES (1060, '生成代码', 'infra:codegen:download', 3, 5, 115, '', '', '', NULL, 0, b'1', b'1', b'1', 'admin', '2021-01-05 17:03:48', '1', '2022-04-20 17:03:10', b'0');
INSERT INTO `system_menu` (`id`, `name`, `permission`, `type`, `sort`, `parent_id`, `path`, `icon`, `component`, `component_name`, `status`, `visible`, `keep_alive`, `always_show`, `creator`, `create_time`, `updater`, `update_time`, `deleted`) VALUES (1063, '设置角色菜单权限', 'system:permission:assign-role-menu', 3, 6, 101, '', '', '', NULL, 0, b'1', b'1', b'1', '', '2021-01-06 17:53:44', '', '2022-04-20 17:03:10', b'0');
INSERT INTO `system_menu` (`id`, `name`, `permission`, `type`, `sort`, `parent_id`, `path`, `icon`, `component`, `component_name`, `status`, `visible`, `keep_alive`, `always_show`, `creator`, `create_time`, `updater`, `update_time`, `deleted`) VALUES (1064, '设置角色数据权限', 'system:permission:assign-role-data-scope', 3, 7, 101, '', '', '', NULL, 0, b'1', b'1', b'1', '', '2021-01-06 17:56:31', '', '2022-04-20 17:03:10', b'0');
INSERT INTO `system_menu` (`id`, `name`, `permission`, `type`, `sort`, `parent_id`, `path`, `icon`, `component`, `component_name`, `status`, `visible`, `keep_alive`, `always_show`, `creator`, `create_time`, `updater`, `update_time`, `deleted`) VALUES (1065, '设置用户角色', 'system:permission:assign-user-role', 3, 8, 101, '', '', '', NULL, 0, b'1', b'1', b'1', '', '2021-01-07 10:23:28', '', '2022-04-20 17:03:10', b'0');
INSERT INTO `system_menu` (`id`, `name`, `permission`, `type`, `sort`, `parent_id`, `path`, `icon`, `component`, `component_name`, `status`, `visible`, `keep_alive`, `always_show`, `creator`, `create_time`, `updater`, `update_time`, `deleted`) VALUES (1075, '任务触发', 'infra:job:trigger', 3, 8, 110, '', '', '', NULL, 0, b'1', b'1', b'1', '', '2021-02-07 13:03:10', '', '2022-04-20 17:03:10', b'0');
INSERT INTO `system_menu` (`id`, `name`, `permission`, `type`, `sort`, `parent_id`, `path`, `icon`, `component`, `component_name`, `status`, `visible`, `keep_alive`, `always_show`, `creator`, `create_time`, `updater`, `update_time`, `deleted`) VALUES (1087, '任务查询', 'infra:job:query', 3, 1, 110, '', '', '', NULL, 0, b'1', b'1', b'1', '1', '2021-03-10 01:26:19', '1', '2022-04-20 17:03:10', b'0');
INSERT INTO `system_menu` (`id`, `name`, `permission`, `type`, `sort`, `parent_id`, `path`, `icon`, `component`, `component_name`, `status`, `visible`, `keep_alive`, `always_show`, `creator`, `create_time`, `updater`, `update_time`, `deleted`) VALUES (1090, '文件列表', '', 2, 5, 1243, 'file', 'ep:upload-filled', 'infra/file/index', 'InfraFile', 0, b'1', b'1', b'1', '', '2021-03-12 20:16:20', '1', '2024-02-29 08:53:02', b'0');
INSERT INTO `system_menu` (`id`, `name`, `permission`, `type`, `sort`, `parent_id`, `path`, `icon`, `component`, `component_name`, `status`, `visible`, `keep_alive`, `always_show`, `creator`, `create_time`, `updater`, `update_time`, `deleted`) VALUES (1091, '文件查询', 'infra:file:query', 3, 1, 1090, '', '', '', NULL, 0, b'1', b'1', b'1', '', '2021-03-12 20:16:20', '', '2022-04-20 17:03:10', b'0');
INSERT INTO `system_menu` (`id`, `name`, `permission`, `type`, `sort`, `parent_id`, `path`, `icon`, `component`, `component_name`, `status`, `visible`, `keep_alive`, `always_show`, `creator`, `create_time`, `updater`, `update_time`, `deleted`) VALUES (1092, '文件删除', 'infra:file:delete', 3, 4, 1090, '', '', '', NULL, 0, b'1', b'1', b'1', '', '2021-03-12 20:16:20', '', '2022-04-20 17:03:10', b'0');
INSERT INTO `system_menu` (`id`, `name`, `permission`, `type`, `sort`, `parent_id`, `path`, `icon`, `component`, `component_name`, `status`, `visible`, `keep_alive`, `always_show`, `creator`, `create_time`, `updater`, `update_time`, `deleted`) VALUES (1237, '文件配置', '', 2, 0, 1243, 'file-config', 'fa-solid:file-signature', 'infra/fileConfig/index', 'InfraFileConfig', 0, b'1', b'1', b'1', '', '2022-03-15 14:35:28', '1', '2024-02-29 08:52:54', b'0');
INSERT INTO `system_menu` (`id`, `name`, `permission`, `type`, `sort`, `parent_id`, `path`, `icon`, `component`, `component_name`, `status`, `visible`, `keep_alive`, `always_show`, `creator`, `create_time`, `updater`, `update_time`, `deleted`) VALUES (1238, '文件配置查询', 'infra:file-config:query', 3, 1, 1237, '', '', '', NULL, 0, b'1', b'1', b'1', '', '2022-03-15 14:35:28', '', '2022-04-20 17:03:10', b'0');
INSERT INTO `system_menu` (`id`, `name`, `permission`, `type`, `sort`, `parent_id`, `path`, `icon`, `component`, `component_name`, `status`, `visible`, `keep_alive`, `always_show`, `creator`, `create_time`, `updater`, `update_time`, `deleted`) VALUES (1239, '文件配置创建', 'infra:file-config:create', 3, 2, 1237, '', '', '', NULL, 0, b'1', b'1', b'1', '', '2022-03-15 14:35:28', '', '2022-04-20 17:03:10', b'0');
INSERT INTO `system_menu` (`id`, `name`, `permission`, `type`, `sort`, `parent_id`, `path`, `icon`, `component`, `component_name`, `status`, `visible`, `keep_alive`, `always_show`, `creator`, `create_time`, `updater`, `update_time`, `deleted`) VALUES (1240, '文件配置更新', 'infra:file-config:update', 3, 3, 1237, '', '', '', NULL, 0, b'1', b'1', b'1', '', '2022-03-15 14:35:28', '', '2022-04-20 17:03:10', b'0');
INSERT INTO `system_menu` (`id`, `name`, `permission`, `type`, `sort`, `parent_id`, `path`, `icon`, `component`, `component_name`, `status`, `visible`, `keep_alive`, `always_show`, `creator`, `create_time`, `updater`, `update_time`, `deleted`) VALUES (1241, '文件配置删除', 'infra:file-config:delete', 3, 4, 1237, '', '', '', NULL, 0, b'1', b'1', b'1', '', '2022-03-15 14:35:28', '', '2022-04-20 17:03:10', b'0');
INSERT INTO `system_menu` (`id`, `name`, `permission`, `type`, `sort`, `parent_id`, `path`, `icon`, `component`, `component_name`, `status`, `visible`, `keep_alive`, `always_show`, `creator`, `create_time`, `updater`, `update_time`, `deleted`) VALUES (1242, '文件配置导出', 'infra:file-config:export', 3, 5, 1237, '', '', '', NULL, 0, b'1', b'1', b'1', '', '2022-03-15 14:35:28', '', '2022-04-20 17:03:10', b'0');
INSERT INTO `system_menu` (`id`, `name`, `permission`, `type`, `sort`, `parent_id`, `path`, `icon`, `component`, `component_name`, `status`, `visible`, `keep_alive`, `always_show`, `creator`, `create_time`, `updater`, `update_time`, `deleted`) VALUES (1243, '文件管理', '', 2, 6, 2, 'file', 'ep:files', NULL, '', 0, b'1', b'1', b'1', '1', '2022-03-16 23:47:40', '1', '2024-04-23 00:02:11', b'0');
INSERT INTO `system_menu` (`id`, `name`, `permission`, `type`, `sort`, `parent_id`, `path`, `icon`, `component`, `component_name`, `status`, `visible`, `keep_alive`, `always_show`, `creator`, `create_time`, `updater`, `update_time`, `deleted`) VALUES (1255, '数据源配置', '', 2, 1, 2, 'data-source-config', 'ep:data-analysis', 'infra/dataSourceConfig/index', 'InfraDataSourceConfig', 0, b'1', b'1', b'1', '', '2022-04-27 14:37:32', '1', '2024-02-29 08:51:25', b'0');
INSERT INTO `system_menu` (`id`, `name`, `permission`, `type`, `sort`, `parent_id`, `path`, `icon`, `component`, `component_name`, `status`, `visible`, `keep_alive`, `always_show`, `creator`, `create_time`, `updater`, `update_time`, `deleted`) VALUES (1256, '数据源配置查询', 'infra:data-source-config:query', 3, 1, 1255, '', '', '', NULL, 0, b'1', b'1', b'1', '', '2022-04-27 14:37:32', '', '2022-04-27 14:37:32', b'0');
INSERT INTO `system_menu` (`id`, `name`, `permission`, `type`, `sort`, `parent_id`, `path`, `icon`, `component`, `component_name`, `status`, `visible`, `keep_alive`, `always_show`, `creator`, `create_time`, `updater`, `update_time`, `deleted`) VALUES (1257, '数据源配置创建', 'infra:data-source-config:create', 3, 2, 1255, '', '', '', NULL, 0, b'1', b'1', b'1', '', '2022-04-27 14:37:32', '', '2022-04-27 14:37:32', b'0');
INSERT INTO `system_menu` (`id`, `name`, `permission`, `type`, `sort`, `parent_id`, `path`, `icon`, `component`, `component_name`, `status`, `visible`, `keep_alive`, `always_show`, `creator`, `create_time`, `updater`, `update_time`, `deleted`) VALUES (1258, '数据源配置更新', 'infra:data-source-config:update', 3, 3, 1255, '', '', '', NULL, 0, b'1', b'1', b'1', '', '2022-04-27 14:37:32', '', '2022-04-27 14:37:32', b'0');
INSERT INTO `system_menu` (`id`, `name`, `permission`, `type`, `sort`, `parent_id`, `path`, `icon`, `component`, `component_name`, `status`, `visible`, `keep_alive`, `always_show`, `creator`, `create_time`, `updater`, `update_time`, `deleted`) VALUES (1259, '数据源配置删除', 'infra:data-source-config:delete', 3, 4, 1255, '', '', '', NULL, 0, b'1', b'1', b'1', '', '2022-04-27 14:37:32', '', '2022-04-27 14:37:32', b'0');
INSERT INTO `system_menu` (`id`, `name`, `permission`, `type`, `sort`, `parent_id`, `path`, `icon`, `component`, `component_name`, `status`, `visible`, `keep_alive`, `always_show`, `creator`, `create_time`, `updater`, `update_time`, `deleted`) VALUES (1260, '数据源配置导出', 'infra:data-source-config:export', 3, 5, 1255, '', '', '', NULL, 0, b'1', b'1', b'1', '', '2022-04-27 14:37:32', '', '2022-04-27 14:37:32', b'0');
INSERT INTO `system_menu` (`id`, `name`, `permission`, `type`, `sort`, `parent_id`, `path`, `icon`, `component`, `component_name`, `status`, `visible`, `keep_alive`, `always_show`, `creator`, `create_time`, `updater`, `update_time`, `deleted`) VALUES (2083, '地区管理', '', 2, 14, 1, 'area', 'fa:map-marker', 'system/area/index', 'SystemArea', 0, b'1', b'1', b'1', '1', '2022-12-23 17:35:05', '1', '2024-02-29 08:50:28', b'0');
-- INSERT INTO `system_menu` (`id`, `name`, `permission`, `type`, `sort`, `parent_id`, `path`, `icon`, `component`, `component_name`, `status`, `visible`, `keep_alive`, `always_show`, `creator`, `create_time`, `updater`, `update_time`, `deleted`) VALUES (2758, '幻视AI助手', '', 1, 400, 0, '/ai', 'fa:apple', '', '', 0, b'1', b'1', b'1', '1', '2024-05-07 15:07:56', '1', '2024-05-25 12:36:12', b'0');
-- INSERT INTO `system_menu` (`id`, `name`, `permission`, `type`, `sort`, `parent_id`, `path`, `icon`, `component`, `component_name`, `status`, `visible`, `keep_alive`, `always_show`, `creator`, `create_time`, `updater`, `update_time`, `deleted`) VALUES (2767, '模型配置', '', 2, 0, 2758, 'model', 'fa-solid:abacus', 'ai/model/model/index.vue', 'AiModel', 0, b'1', b'1', b'1', '', '2024-05-10 14:42:48', '1', '2025-03-03 09:57:41', b'0');
-- INSERT INTO `system_menu` (`id`, `name`, `permission`, `type`, `sort`, `parent_id`, `path`, `icon`, `component`, `component_name`, `status`, `visible`, `keep_alive`, `always_show`, `creator`, `create_time`, `updater`, `update_time`, `deleted`) VALUES (2769, '聊天模型创建', 'ai:model:create', 3, 2, 2767, '', '', '', '', 0, b'1', b'1', b'1', '', '2024-05-10 14:42:48', '1', '2025-03-03 09:20:10', b'0');
-- INSERT INTO `system_menu` (`id`, `name`, `permission`, `type`, `sort`, `parent_id`, `path`, `icon`, `component`, `component_name`, `status`, `visible`, `keep_alive`, `always_show`, `creator`, `create_time`, `updater`, `update_time`, `deleted`) VALUES (2770, '聊天模型更新', 'ai:model:update', 3, 3, 2767, '', '', '', '', 0, b'1', b'1', b'1', '', '2024-05-10 14:42:48', '1', '2025-03-03 09:20:14', b'0');
-- INSERT INTO `system_menu` (`id`, `name`, `permission`, `type`, `sort`, `parent_id`, `path`, `icon`, `component`, `component_name`, `status`, `visible`, `keep_alive`, `always_show`, `creator`, `create_time`, `updater`, `update_time`, `deleted`) VALUES (2771, '聊天模型删除', 'ai:model:delete', 3, 4, 2767, '', '', '', '', 0, b'1', b'1', b'1', '', '2024-05-10 14:42:48', '1', '2025-03-03 09:20:27', b'0');
-- INSERT INTO `system_menu` (`id`, `name`, `permission`, `type`, `sort`, `parent_id`, `path`, `icon`, `component`, `component_name`, `status`, `visible`, `keep_alive`, `always_show`, `creator`, `create_time`, `updater`, `update_time`, `deleted`) VALUES (2773, '平台配置', '', 2, 0, 2758, 'platform', 'fa:user-secret', 'ai/model/platform/index.vue', 'AiPlatform', 0, b'1', b'1', b'1', '', '2024-05-13 12:39:28', '1', '2024-05-13 20:41:45', b'0');
-- INSERT INTO `system_menu` (`id`, `name`, `permission`, `type`, `sort`, `parent_id`, `path`, `icon`, `component`, `component_name`, `status`, `visible`, `keep_alive`, `always_show`, `creator`, `create_time`, `updater`, `update_time`, `deleted`) VALUES (2774, '平台创建', 'ai:platform:create', 3, 2, 2773, '', '', '', '', 0, b'1', b'1', b'1', '', '2024-05-10 14:42:48', '1', '2025-03-03 09:20:10', b'0');
-- INSERT INTO `system_menu` (`id`, `name`, `permission`, `type`, `sort`, `parent_id`, `path`, `icon`, `component`, `component_name`, `status`, `visible`, `keep_alive`, `always_show`, `creator`, `create_time`, `updater`, `update_time`, `deleted`) VALUES (2775, '平台更新', 'ai:platform:update', 3, 3, 2773, '', '', '', '', 0, b'1', b'1', b'1', '', '2024-05-10 14:42:48', '1', '2025-03-03 09:20:14', b'0');
-- INSERT INTO `system_menu` (`id`, `name`, `permission`, `type`, `sort`, `parent_id`, `path`, `icon`, `component`, `component_name`, `status`, `visible`, `keep_alive`, `always_show`, `creator`, `create_time`, `updater`, `update_time`, `deleted`) VALUES (2776, '平台删除', 'ai:platform:delete', 3, 4, 2773, '', '', '', '', 0, b'1', b'1', b'1', '', '2024-05-10 14:42:48', '1', '2025-03-03 09:20:27', b'0');
-- INSERT INTO `system_menu` (`id`, `name`, `permission`, `type`, `sort`, `parent_id`, `path`, `icon`, `component`, `component_name`, `status`, `visible`, `keep_alive`, `always_show`, `creator`, `create_time`, `updater`, `update_time`, `deleted`) VALUES (2780, 'OneApi 令牌', '', 2, 0, 2758, 'OneApi-Token', 'ep:key', 'ai/model/oneapitoken/index.vue', 'AiOneApiToken', 0, b'1', b'1', b'1', '', '2024-05-09 14:52:56', '1', '2024-05-10 22:44:08', b'0');
-- INSERT INTO `system_menu` (`id`, `name`, `permission`, `type`, `sort`, `parent_id`, `path`, `icon`, `component`, `component_name`, `status`, `visible`, `keep_alive`, `always_show`, `creator`, `create_time`, `updater`, `update_time`, `deleted`) VALUES (2781, 'OneApi 令牌查询', 'ai:oneapitoken:query', 3, 1, 2780, '', '', '', '', 0, b'1', b'1', b'1', '', '2024-05-09 14:52:56', '1', '2024-05-13 20:36:32', b'0');
-- INSERT INTO `system_menu` (`id`, `name`, `permission`, `type`, `sort`, `parent_id`, `path`, `icon`, `component`, `component_name`, `status`, `visible`, `keep_alive`, `always_show`, `creator`, `create_time`, `updater`, `update_time`, `deleted`) VALUES (2782, 'OneApi 令牌创建', 'ai:oneapitoken:create', 3, 2, 2780, '', '', '', '', 0, b'1', b'1', b'1', '', '2024-05-09 14:52:56', '1', '2024-05-13 20:36:26', b'0');
-- INSERT INTO `system_menu` (`id`, `name`, `permission`, `type`, `sort`, `parent_id`, `path`, `icon`, `component`, `component_name`, `status`, `visible`, `keep_alive`, `always_show`, `creator`, `create_time`, `updater`, `update_time`, `deleted`) VALUES (2783, 'OneApi 令牌更新', 'ai:oneapitoken:update', 3, 3, 2780, '', '', '', '', 0, b'1', b'1', b'1', '', '2024-05-09 14:52:56', '1', '2024-05-13 20:36:42', b'0');
-- INSERT INTO `system_menu` (`id`, `name`, `permission`, `type`, `sort`, `parent_id`, `path`, `icon`, `component`, `component_name`, `status`, `visible`, `keep_alive`, `always_show`, `creator`, `create_time`, `updater`, `update_time`, `deleted`) VALUES (2784, 'OneApi 令牌删除', 'ai:oneapitoken:delete', 3, 4, 2780, '', '', '', '', 0, b'1', b'1', b'1', '', '2024-05-09 14:52:56', '1', '2024-05-13 20:36:48', b'0');
-- INSERT INTO `system_menu` (`id`, `name`, `permission`, `type`, `sort`, `parent_id`, `path`, `icon`, `component`, `component_name`, `status`, `visible`, `keep_alive`, `always_show`, `creator`, `create_time`, `updater`, `update_time`, `deleted`) VALUES (2785, 'NextChat对话', '', 2, 0, 2758, 'NextChat', 'ep:message', 'ai/nextchat/index.vue', 'NextChat', 0, b'1', b'1', b'1', '', '2024-05-09 14:52:56', '1', '2024-05-10 22:44:08', b'0');

 COMMIT;

-- ----------------------------
-- Table structure for system_notice
-- ----------------------------
DROP TABLE IF EXISTS `system_notice`;
CREATE TABLE `system_notice` (
  `id` bigint NOT NULL AUTO_INCREMENT COMMENT '公告ID',
  `title` varchar(50) CHARACTER SET utf8mb4 COLLATE utf8mb4_unicode_ci NOT NULL COMMENT '公告标题',
  `content` text CHARACTER SET utf8mb4 COLLATE utf8mb4_unicode_ci NOT NULL COMMENT '公告内容',
  `type` tinyint NOT NULL COMMENT '公告类型（1通知 2公告）',
  `status` tinyint NOT NULL DEFAULT '0' COMMENT '公告状态（0正常 1关闭）',
  `creator` varchar(64) CHARACTER SET utf8mb4 COLLATE utf8mb4_unicode_ci DEFAULT '' COMMENT '创建者',
  `create_time` datetime NOT NULL DEFAULT CURRENT_TIMESTAMP COMMENT '创建时间',
  `updater` varchar(64) CHARACTER SET utf8mb4 COLLATE utf8mb4_unicode_ci DEFAULT '' COMMENT '更新者',
  `update_time` datetime NOT NULL DEFAULT CURRENT_TIMESTAMP ON UPDATE CURRENT_TIMESTAMP COMMENT '更新时间',
  `deleted` bit(1) NOT NULL DEFAULT b'0' COMMENT '是否删除',
  PRIMARY KEY (`id`) USING BTREE
) ENGINE=InnoDB AUTO_INCREMENT=5 DEFAULT CHARSET=utf8mb4 COLLATE=utf8mb4_unicode_ci COMMENT='通知公告表';

-- ----------------------------
-- Records of system_notice
-- ----------------------------
BEGIN;
COMMIT;

-- ----------------------------
-- Table structure for system_operate_log
-- ----------------------------
DROP TABLE IF EXISTS `system_operate_log`;
CREATE TABLE `system_operate_log` (
  `id` bigint NOT NULL AUTO_INCREMENT COMMENT '日志主键',
  `trace_id` varchar(64) CHARACTER SET utf8mb4 COLLATE utf8mb4_unicode_ci NOT NULL DEFAULT '' COMMENT '链路追踪编号',
  `user_id` bigint NOT NULL COMMENT '用户编号',
  `user_type` tinyint NOT NULL DEFAULT '0' COMMENT '用户类型',
  `type` varchar(50) CHARACTER SET utf8mb4 COLLATE utf8mb4_unicode_ci NOT NULL COMMENT '操作模块类型',
  `sub_type` varchar(50) CHARACTER SET utf8mb4 COLLATE utf8mb4_unicode_ci NOT NULL COMMENT '操作名',
  `biz_id` bigint NOT NULL COMMENT '操作数据模块编号',
  `action` varchar(2000) CHARACTER SET utf8mb4 COLLATE utf8mb4_unicode_ci NOT NULL DEFAULT '' COMMENT '操作内容',
  `success` bit(1) NOT NULL DEFAULT b'1' COMMENT '操作结果',
  `extra` varchar(2000) CHARACTER SET utf8mb4 COLLATE utf8mb4_unicode_ci NOT NULL DEFAULT '' COMMENT '拓展字段',
  `request_method` varchar(16) CHARACTER SET utf8mb4 COLLATE utf8mb4_unicode_ci DEFAULT '' COMMENT '请求方法名',
  `request_url` varchar(255) CHARACTER SET utf8mb4 COLLATE utf8mb4_unicode_ci DEFAULT '' COMMENT '请求地址',
  `user_ip` varchar(50) CHARACTER SET utf8mb4 COLLATE utf8mb4_unicode_ci DEFAULT NULL COMMENT '用户 IP',
  `user_agent` varchar(512) CHARACTER SET utf8mb4 COLLATE utf8mb4_unicode_ci DEFAULT NULL COMMENT '浏览器 UA',
  `creator` varchar(64) CHARACTER SET utf8mb4 COLLATE utf8mb4_unicode_ci DEFAULT '' COMMENT '创建者',
  `create_time` datetime NOT NULL DEFAULT CURRENT_TIMESTAMP COMMENT '创建时间',
  `updater` varchar(64) CHARACTER SET utf8mb4 COLLATE utf8mb4_unicode_ci DEFAULT '' COMMENT '更新者',
  `update_time` datetime NOT NULL DEFAULT CURRENT_TIMESTAMP ON UPDATE CURRENT_TIMESTAMP COMMENT '更新时间',
  `deleted` bit(1) NOT NULL DEFAULT b'0' COMMENT '是否删除',
  `tenant_id` bigint NOT NULL DEFAULT '0' COMMENT '租户编号',
  PRIMARY KEY (`id`) USING BTREE
) ENGINE=InnoDB AUTO_INCREMENT=9066 DEFAULT CHARSET=utf8mb4 COLLATE=utf8mb4_unicode_ci COMMENT='操作日志记录 V2 版本';

-- ----------------------------
-- Records of system_operate_log
-- ----------------------------
BEGIN;
INSERT INTO `system_operate_log` (`id`, `trace_id`, `user_id`, `user_type`, `type`, `sub_type`, `biz_id`, `action`, `success`, `extra`, `request_method`, `request_url`, `user_ip`, `user_agent`, `creator`, `create_time`, `updater`, `update_time`, `deleted`, `tenant_id`) VALUES (9065, '', 1, 2, 'SYSTEM 用户', '重置用户密码', 1, '将用户【勇哥Java实战】的密码从【$2a$04$Q3WCEQJbSZ0zT/7ryYTb3OgtrhwIZXu4ah5RQ5/YQDQ7DpW7N7oNa】重置为【$2a$04$360poG67pqaEWbvXWhgOe.bdV5R30UW.e7/0p5OzAXh52IvllkkC2】', b'1', '', 'PUT', '/admin-api/system/user/update-password', '0:0:0:0:0:0:0:1', 'Mozilla/5.0 (Macintosh; Intel Mac OS X 10_15_7) AppleWebKit/537.36 (KHTML, like Gecko) Chrome/135.0.0.0 Safari/537.36', NULL, '2025-04-14 22:02:26', NULL, '2025-04-14 22:02:26', b'0', 0);
COMMIT;

-- ----------------------------
-- Table structure for system_post
-- ----------------------------
DROP TABLE IF EXISTS `system_post`;
CREATE TABLE `system_post` (
  `id` bigint NOT NULL AUTO_INCREMENT COMMENT '岗位ID',
  `code` varchar(64) CHARACTER SET utf8mb4 COLLATE utf8mb4_unicode_ci NOT NULL COMMENT '岗位编码',
  `name` varchar(50) CHARACTER SET utf8mb4 COLLATE utf8mb4_unicode_ci NOT NULL COMMENT '岗位名称',
  `sort` int NOT NULL COMMENT '显示顺序',
  `status` tinyint NOT NULL COMMENT '状态（0正常 1停用）',
  `remark` varchar(500) CHARACTER SET utf8mb4 COLLATE utf8mb4_unicode_ci DEFAULT NULL COMMENT '备注',
  `creator` varchar(64) CHARACTER SET utf8mb4 COLLATE utf8mb4_unicode_ci DEFAULT '' COMMENT '创建者',
  `create_time` datetime NOT NULL DEFAULT CURRENT_TIMESTAMP COMMENT '创建时间',
  `updater` varchar(64) CHARACTER SET utf8mb4 COLLATE utf8mb4_unicode_ci DEFAULT '' COMMENT '更新者',
  `update_time` datetime NOT NULL DEFAULT CURRENT_TIMESTAMP ON UPDATE CURRENT_TIMESTAMP COMMENT '更新时间',
  `deleted` bit(1) NOT NULL DEFAULT b'0' COMMENT '是否删除',
  `tenant_id` bigint NOT NULL DEFAULT '0' COMMENT '租户编号',
  PRIMARY KEY (`id`) USING BTREE
) ENGINE=InnoDB AUTO_INCREMENT=6 DEFAULT CHARSET=utf8mb4 COLLATE=utf8mb4_unicode_ci COMMENT='岗位信息表';

-- ----------------------------
-- Records of system_post
-- ----------------------------
BEGIN;
INSERT INTO `system_post` (`id`, `code`, `name`, `sort`, `status`, `remark`, `creator`, `create_time`, `updater`, `update_time`, `deleted`, `tenant_id`) VALUES (1, 'ceo', '董事长', 1, 0, '', 'admin', '2021-01-06 17:03:48', '1', '2023-02-11 15:19:04', b'0', 0);
INSERT INTO `system_post` (`id`, `code`, `name`, `sort`, `status`, `remark`, `creator`, `create_time`, `updater`, `update_time`, `deleted`, `tenant_id`) VALUES (2, 'se', '项目经理', 2, 0, '', 'admin', '2021-01-05 17:03:48', '1', '2023-11-15 09:18:20', b'0', 0);
INSERT INTO `system_post` (`id`, `code`, `name`, `sort`, `status`, `remark`, `creator`, `create_time`, `updater`, `update_time`, `deleted`, `tenant_id`) VALUES (4, 'user', '普通员工', 4, 0, '111', 'admin', '2021-01-05 17:03:48', '1', '2023-12-02 10:04:37', b'0', 0);
INSERT INTO `system_post` (`id`, `code`, `name`, `sort`, `status`, `remark`, `creator`, `create_time`, `updater`, `update_time`, `deleted`, `tenant_id`) VALUES (5, 'HR', '人力资源', 5, 0, '', '1', '2024-03-24 20:45:40', '1', '2024-03-24 20:45:40', b'0', 0);
COMMIT;

-- ----------------------------
-- Table structure for system_role
-- ----------------------------
DROP TABLE IF EXISTS `system_role`;
CREATE TABLE `system_role` (
  `id` bigint NOT NULL AUTO_INCREMENT COMMENT '角色ID',
  `name` varchar(30) CHARACTER SET utf8mb4 COLLATE utf8mb4_unicode_ci NOT NULL COMMENT '角色名称',
  `code` varchar(100) CHARACTER SET utf8mb4 COLLATE utf8mb4_unicode_ci NOT NULL COMMENT '角色权限字符串',
  `sort` int NOT NULL COMMENT '显示顺序',
  `data_scope` tinyint NOT NULL DEFAULT '1' COMMENT '数据范围（1：全部数据权限 2：自定数据权限 3：本部门数据权限 4：本部门及以下数据权限）',
  `data_scope_dept_ids` varchar(500) CHARACTER SET utf8mb4 COLLATE utf8mb4_unicode_ci NOT NULL DEFAULT '' COMMENT '数据范围(指定部门数组)',
  `status` tinyint NOT NULL COMMENT '角色状态（0正常 1停用）',
  `type` tinyint NOT NULL COMMENT '角色类型',
  `remark` varchar(500) CHARACTER SET utf8mb4 COLLATE utf8mb4_unicode_ci DEFAULT NULL COMMENT '备注',
  `creator` varchar(64) CHARACTER SET utf8mb4 COLLATE utf8mb4_unicode_ci DEFAULT '' COMMENT '创建者',
  `create_time` datetime NOT NULL DEFAULT CURRENT_TIMESTAMP COMMENT '创建时间',
  `updater` varchar(64) CHARACTER SET utf8mb4 COLLATE utf8mb4_unicode_ci DEFAULT '' COMMENT '更新者',
  `update_time` datetime NOT NULL DEFAULT CURRENT_TIMESTAMP ON UPDATE CURRENT_TIMESTAMP COMMENT '更新时间',
  `deleted` bit(1) NOT NULL DEFAULT b'0' COMMENT '是否删除',
  `tenant_id` bigint NOT NULL DEFAULT '0' COMMENT '租户编号',
  PRIMARY KEY (`id`) USING BTREE
) ENGINE=InnoDB AUTO_INCREMENT=154 DEFAULT CHARSET=utf8mb4 COLLATE=utf8mb4_unicode_ci COMMENT='角色信息表';

-- ----------------------------
-- Records of system_role
-- ----------------------------
BEGIN;
INSERT INTO `system_role` (`id`, `name`, `code`, `sort`, `data_scope`, `data_scope_dept_ids`, `status`, `type`, `remark`, `creator`, `create_time`, `updater`, `update_time`, `deleted`, `tenant_id`) VALUES (1, '超级管理员', 'super_admin', 1, 1, '', 0, 1, '超级管理员', 'admin', '2021-01-05 17:03:48', '', '2022-02-22 05:08:21', b'0', 0);
INSERT INTO `system_role` (`id`, `name`, `code`, `sort`, `data_scope`, `data_scope_dept_ids`, `status`, `type`, `remark`, `creator`, `create_time`, `updater`, `update_time`, `deleted`, `tenant_id`) VALUES (2, '普通角色', 'common', 2, 2, '', 0, 1, '普通角色', 'admin', '2021-01-05 17:03:48', '', '2022-02-22 05:08:20', b'0', 0);
INSERT INTO `system_role` (`id`, `name`, `code`, `sort`, `data_scope`, `data_scope_dept_ids`, `status`, `type`, `remark`, `creator`, `create_time`, `updater`, `update_time`, `deleted`, `tenant_id`) VALUES (3, 'CRM 管理员', 'crm_admin', 2, 1, '', 0, 1, 'CRM 专属角色', '1', '2024-02-24 10:51:13', '1', '2024-02-24 02:51:32', b'0', 0);
INSERT INTO `system_role` (`id`, `name`, `code`, `sort`, `data_scope`, `data_scope_dept_ids`, `status`, `type`, `remark`, `creator`, `create_time`, `updater`, `update_time`, `deleted`, `tenant_id`) VALUES (101, '测试账号', 'test', 0, 1, '[]', 0, 2, '', '', '2021-01-06 13:49:35', '1', '2024-08-11 10:41:10', b'0', 0);
INSERT INTO `system_role` (`id`, `name`, `code`, `sort`, `data_scope`, `data_scope_dept_ids`, `status`, `type`, `remark`, `creator`, `create_time`, `updater`, `update_time`, `deleted`, `tenant_id`) VALUES (153, '某角色', 'tt', 4, 1, '', 0, 2, '', '1', '2024-08-17 14:09:35', '1', '2024-08-17 14:09:35', b'0', 0);
COMMIT;

-- ----------------------------
-- Table structure for system_role_menu
-- ----------------------------
DROP TABLE IF EXISTS `system_role_menu`;
CREATE TABLE `system_role_menu` (
  `id` bigint NOT NULL AUTO_INCREMENT COMMENT '自增编号',
  `role_id` bigint NOT NULL COMMENT '角色ID',
  `menu_id` bigint NOT NULL COMMENT '菜单ID',
  `creator` varchar(64) CHARACTER SET utf8mb4 COLLATE utf8mb4_unicode_ci DEFAULT '' COMMENT '创建者',
  `create_time` datetime NOT NULL DEFAULT CURRENT_TIMESTAMP COMMENT '创建时间',
  `updater` varchar(64) CHARACTER SET utf8mb4 COLLATE utf8mb4_unicode_ci DEFAULT '' COMMENT '更新者',
  `update_time` datetime NOT NULL DEFAULT CURRENT_TIMESTAMP ON UPDATE CURRENT_TIMESTAMP COMMENT '更新时间',
  `deleted` bit(1) NOT NULL DEFAULT b'0' COMMENT '是否删除',
  PRIMARY KEY (`id`) USING BTREE
) ENGINE=InnoDB AUTO_INCREMENT=5793 DEFAULT CHARSET=utf8mb4 COLLATE=utf8mb4_unicode_ci COMMENT='角色和菜单关联表';

-- ----------------------------
-- Records of system_role_menu
-- ----------------------------
BEGIN;
INSERT INTO `system_role_menu` (`id`, `role_id`, `menu_id`, `creator`, `create_time`, `updater`, `update_time`, `deleted`) VALUES (434, 2, 1, '1', '2022-02-22 13:09:12', '1', '2022-02-22 13:09:12', b'0');
INSERT INTO `system_role_menu` (`id`, `role_id`, `menu_id`, `creator`, `create_time`, `updater`, `update_time`, `deleted`) VALUES (454, 2, 1093, '1', '2022-02-22 13:09:12', '1', '2022-02-22 13:09:12', b'0');
INSERT INTO `system_role_menu` (`id`, `role_id`, `menu_id`, `creator`, `create_time`, `updater`, `update_time`, `deleted`) VALUES (455, 2, 1094, '1', '2022-02-22 13:09:12', '1', '2022-02-22 13:09:12', b'0');
INSERT INTO `system_role_menu` (`id`, `role_id`, `menu_id`, `creator`, `create_time`, `updater`, `update_time`, `deleted`) VALUES (460, 2, 1100, '1', '2022-02-22 13:09:12', '1', '2022-02-22 13:09:12', b'0');
INSERT INTO `system_role_menu` (`id`, `role_id`, `menu_id`, `creator`, `create_time`, `updater`, `update_time`, `deleted`) VALUES (467, 2, 1107, '1', '2022-02-22 13:09:12', '1', '2022-02-22 13:09:12', b'0');
INSERT INTO `system_role_menu` (`id`, `role_id`, `menu_id`, `creator`, `create_time`, `updater`, `update_time`, `deleted`) VALUES (476, 2, 1117, '1', '2022-02-22 13:09:12', '1', '2022-02-22 13:09:12', b'0');
INSERT INTO `system_role_menu` (`id`, `role_id`, `menu_id`, `creator`, `create_time`, `updater`, `update_time`, `deleted`) VALUES (477, 2, 100, '1', '2022-02-22 13:09:12', '1', '2022-02-22 13:09:12', b'0');
INSERT INTO `system_role_menu` (`id`, `role_id`, `menu_id`, `creator`, `create_time`, `updater`, `update_time`, `deleted`) VALUES (478, 2, 101, '1', '2022-02-22 13:09:12', '1', '2022-02-22 13:09:12', b'0');
INSERT INTO `system_role_menu` (`id`, `role_id`, `menu_id`, `creator`, `create_time`, `updater`, `update_time`, `deleted`) VALUES (479, 2, 102, '1', '2022-02-22 13:09:12', '1', '2022-02-22 13:09:12', b'0');
INSERT INTO `system_role_menu` (`id`, `role_id`, `menu_id`, `creator`, `create_time`, `updater`, `update_time`, `deleted`) VALUES (480, 2, 1126, '1', '2022-02-22 13:09:12', '1', '2022-02-22 13:09:12', b'0');
INSERT INTO `system_role_menu` (`id`, `role_id`, `menu_id`, `creator`, `create_time`, `updater`, `update_time`, `deleted`) VALUES (481, 2, 103, '1', '2022-02-22 13:09:12', '1', '2022-02-22 13:09:12', b'0');
INSERT INTO `system_role_menu` (`id`, `role_id`, `menu_id`, `creator`, `create_time`, `updater`, `update_time`, `deleted`) VALUES (483, 2, 104, '1', '2022-02-22 13:09:12', '1', '2022-02-22 13:09:12', b'0');
INSERT INTO `system_role_menu` (`id`, `role_id`, `menu_id`, `creator`, `create_time`, `updater`, `update_time`, `deleted`) VALUES (485, 2, 105, '1', '2022-02-22 13:09:12', '1', '2022-02-22 13:09:12', b'0');
INSERT INTO `system_role_menu` (`id`, `role_id`, `menu_id`, `creator`, `create_time`, `updater`, `update_time`, `deleted`) VALUES (488, 2, 107, '1', '2022-02-22 13:09:12', '1', '2022-02-22 13:09:12', b'0');
INSERT INTO `system_role_menu` (`id`, `role_id`, `menu_id`, `creator`, `create_time`, `updater`, `update_time`, `deleted`) VALUES (490, 2, 108, '1', '2022-02-22 13:09:12', '1', '2022-02-22 13:09:12', b'0');
INSERT INTO `system_role_menu` (`id`, `role_id`, `menu_id`, `creator`, `create_time`, `updater`, `update_time`, `deleted`) VALUES (492, 2, 109, '1', '2022-02-22 13:09:12', '1', '2022-02-22 13:09:12', b'0');
INSERT INTO `system_role_menu` (`id`, `role_id`, `menu_id`, `creator`, `create_time`, `updater`, `update_time`, `deleted`) VALUES (498, 2, 1138, '1', '2022-02-22 13:09:12', '1', '2022-02-22 13:09:12', b'0');
INSERT INTO `system_role_menu` (`id`, `role_id`, `menu_id`, `creator`, `create_time`, `updater`, `update_time`, `deleted`) VALUES (523, 2, 1224, '1', '2022-02-22 13:09:12', '1', '2022-02-22 13:09:12', b'0');
INSERT INTO `system_role_menu` (`id`, `role_id`, `menu_id`, `creator`, `create_time`, `updater`, `update_time`, `deleted`) VALUES (524, 2, 1225, '1', '2022-02-22 13:09:12', '1', '2022-02-22 13:09:12', b'0');
INSERT INTO `system_role_menu` (`id`, `role_id`, `menu_id`, `creator`, `create_time`, `updater`, `update_time`, `deleted`) VALUES (541, 2, 500, '1', '2022-02-22 13:09:12', '1', '2022-02-22 13:09:12', b'0');
INSERT INTO `system_role_menu` (`id`, `role_id`, `menu_id`, `creator`, `create_time`, `updater`, `update_time`, `deleted`) VALUES (543, 2, 501, '1', '2022-02-22 13:09:12', '1', '2022-02-22 13:09:12', b'0');
INSERT INTO `system_role_menu` (`id`, `role_id`, `menu_id`, `creator`, `create_time`, `updater`, `update_time`, `deleted`) VALUES (675, 2, 2, '1', '2022-02-22 13:16:57', '1', '2022-02-22 13:16:57', b'0');
INSERT INTO `system_role_menu` (`id`, `role_id`, `menu_id`, `creator`, `create_time`, `updater`, `update_time`, `deleted`) VALUES (689, 2, 1077, '1', '2022-02-22 13:16:57', '1', '2022-02-22 13:16:57', b'0');
INSERT INTO `system_role_menu` (`id`, `role_id`, `menu_id`, `creator`, `create_time`, `updater`, `update_time`, `deleted`) VALUES (690, 2, 1078, '1', '2022-02-22 13:16:57', '1', '2022-02-22 13:16:57', b'0');
INSERT INTO `system_role_menu` (`id`, `role_id`, `menu_id`, `creator`, `create_time`, `updater`, `update_time`, `deleted`) VALUES (692, 2, 1083, '1', '2022-02-22 13:16:57', '1', '2022-02-22 13:16:57', b'0');
INSERT INTO `system_role_menu` (`id`, `role_id`, `menu_id`, `creator`, `create_time`, `updater`, `update_time`, `deleted`) VALUES (693, 2, 1084, '1', '2022-02-22 13:16:57', '1', '2022-02-22 13:16:57', b'0');
INSERT INTO `system_role_menu` (`id`, `role_id`, `menu_id`, `creator`, `create_time`, `updater`, `update_time`, `deleted`) VALUES (699, 2, 1090, '1', '2022-02-22 13:16:57', '1', '2022-02-22 13:16:57', b'0');
INSERT INTO `system_role_menu` (`id`, `role_id`, `menu_id`, `creator`, `create_time`, `updater`, `update_time`, `deleted`) VALUES (703, 2, 106, '1', '2022-02-22 13:16:57', '1', '2022-02-22 13:16:57', b'0');
INSERT INTO `system_role_menu` (`id`, `role_id`, `menu_id`, `creator`, `create_time`, `updater`, `update_time`, `deleted`) VALUES (704, 2, 110, '1', '2022-02-22 13:16:57', '1', '2022-02-22 13:16:57', b'0');
INSERT INTO `system_role_menu` (`id`, `role_id`, `menu_id`, `creator`, `create_time`, `updater`, `update_time`, `deleted`) VALUES (705, 2, 111, '1', '2022-02-22 13:16:57', '1', '2022-02-22 13:16:57', b'0');
INSERT INTO `system_role_menu` (`id`, `role_id`, `menu_id`, `creator`, `create_time`, `updater`, `update_time`, `deleted`) VALUES (706, 2, 112, '1', '2022-02-22 13:16:57', '1', '2022-02-22 13:16:57', b'0');
INSERT INTO `system_role_menu` (`id`, `role_id`, `menu_id`, `creator`, `create_time`, `updater`, `update_time`, `deleted`) VALUES (707, 2, 113, '1', '2022-02-22 13:16:57', '1', '2022-02-22 13:16:57', b'0');
INSERT INTO `system_role_menu` (`id`, `role_id`, `menu_id`, `creator`, `create_time`, `updater`, `update_time`, `deleted`) VALUES (1604, 101, 1216, '1', '2022-03-19 21:45:52', '1', '2022-03-19 21:45:52', b'0');
INSERT INTO `system_role_menu` (`id`, `role_id`, `menu_id`, `creator`, `create_time`, `updater`, `update_time`, `deleted`) VALUES (1605, 101, 1217, '1', '2022-03-19 21:45:52', '1', '2022-03-19 21:45:52', b'0');
INSERT INTO `system_role_menu` (`id`, `role_id`, `menu_id`, `creator`, `create_time`, `updater`, `update_time`, `deleted`) VALUES (1606, 101, 1218, '1', '2022-03-19 21:45:52', '1', '2022-03-19 21:45:52', b'0');
INSERT INTO `system_role_menu` (`id`, `role_id`, `menu_id`, `creator`, `create_time`, `updater`, `update_time`, `deleted`) VALUES (1607, 101, 1219, '1', '2022-03-19 21:45:52', '1', '2022-03-19 21:45:52', b'0');
INSERT INTO `system_role_menu` (`id`, `role_id`, `menu_id`, `creator`, `create_time`, `updater`, `update_time`, `deleted`) VALUES (1608, 101, 1220, '1', '2022-03-19 21:45:52', '1', '2022-03-19 21:45:52', b'0');
INSERT INTO `system_role_menu` (`id`, `role_id`, `menu_id`, `creator`, `create_time`, `updater`, `update_time`, `deleted`) VALUES (1609, 101, 1221, '1', '2022-03-19 21:45:52', '1', '2022-03-19 21:45:52', b'0');
INSERT INTO `system_role_menu` (`id`, `role_id`, `menu_id`, `creator`, `create_time`, `updater`, `update_time`, `deleted`) VALUES (1610, 101, 5, '1', '2022-03-19 21:45:52', '1', '2022-03-19 21:45:52', b'0');
INSERT INTO `system_role_menu` (`id`, `role_id`, `menu_id`, `creator`, `create_time`, `updater`, `update_time`, `deleted`) VALUES (1611, 101, 1222, '1', '2022-03-19 21:45:52', '1', '2022-03-19 21:45:52', b'0');
INSERT INTO `system_role_menu` (`id`, `role_id`, `menu_id`, `creator`, `create_time`, `updater`, `update_time`, `deleted`) VALUES (1612, 101, 1118, '1', '2022-03-19 21:45:52', '1', '2022-03-19 21:45:52', b'0');
INSERT INTO `system_role_menu` (`id`, `role_id`, `menu_id`, `creator`, `create_time`, `updater`, `update_time`, `deleted`) VALUES (1613, 101, 1119, '1', '2022-03-19 21:45:52', '1', '2022-03-19 21:45:52', b'0');
INSERT INTO `system_role_menu` (`id`, `role_id`, `menu_id`, `creator`, `create_time`, `updater`, `update_time`, `deleted`) VALUES (1614, 101, 1120, '1', '2022-03-19 21:45:52', '1', '2022-03-19 21:45:52', b'0');
INSERT INTO `system_role_menu` (`id`, `role_id`, `menu_id`, `creator`, `create_time`, `updater`, `update_time`, `deleted`) VALUES (1615, 101, 1185, '1', '2022-03-19 21:45:52', '1', '2022-03-19 21:45:52', b'0');
INSERT INTO `system_role_menu` (`id`, `role_id`, `menu_id`, `creator`, `create_time`, `updater`, `update_time`, `deleted`) VALUES (1616, 101, 1186, '1', '2022-03-19 21:45:52', '1', '2022-03-19 21:45:52', b'0');
INSERT INTO `system_role_menu` (`id`, `role_id`, `menu_id`, `creator`, `create_time`, `updater`, `update_time`, `deleted`) VALUES (1617, 101, 1187, '1', '2022-03-19 21:45:52', '1', '2022-03-19 21:45:52', b'0');
INSERT INTO `system_role_menu` (`id`, `role_id`, `menu_id`, `creator`, `create_time`, `updater`, `update_time`, `deleted`) VALUES (1618, 101, 1188, '1', '2022-03-19 21:45:52', '1', '2022-03-19 21:45:52', b'0');
INSERT INTO `system_role_menu` (`id`, `role_id`, `menu_id`, `creator`, `create_time`, `updater`, `update_time`, `deleted`) VALUES (1619, 101, 1189, '1', '2022-03-19 21:45:52', '1', '2022-03-19 21:45:52', b'0');
INSERT INTO `system_role_menu` (`id`, `role_id`, `menu_id`, `creator`, `create_time`, `updater`, `update_time`, `deleted`) VALUES (1620, 101, 1190, '1', '2022-03-19 21:45:52', '1', '2022-03-19 21:45:52', b'0');
INSERT INTO `system_role_menu` (`id`, `role_id`, `menu_id`, `creator`, `create_time`, `updater`, `update_time`, `deleted`) VALUES (1621, 101, 1191, '1', '2022-03-19 21:45:52', '1', '2022-03-19 21:45:52', b'0');
INSERT INTO `system_role_menu` (`id`, `role_id`, `menu_id`, `creator`, `create_time`, `updater`, `update_time`, `deleted`) VALUES (1622, 101, 1192, '1', '2022-03-19 21:45:52', '1', '2022-03-19 21:45:52', b'0');
INSERT INTO `system_role_menu` (`id`, `role_id`, `menu_id`, `creator`, `create_time`, `updater`, `update_time`, `deleted`) VALUES (1623, 101, 1193, '1', '2022-03-19 21:45:52', '1', '2022-03-19 21:45:52', b'0');
INSERT INTO `system_role_menu` (`id`, `role_id`, `menu_id`, `creator`, `create_time`, `updater`, `update_time`, `deleted`) VALUES (1624, 101, 1194, '1', '2022-03-19 21:45:52', '1', '2022-03-19 21:45:52', b'0');
INSERT INTO `system_role_menu` (`id`, `role_id`, `menu_id`, `creator`, `create_time`, `updater`, `update_time`, `deleted`) VALUES (1625, 101, 1195, '1', '2022-03-19 21:45:52', '1', '2022-03-19 21:45:52', b'0');
INSERT INTO `system_role_menu` (`id`, `role_id`, `menu_id`, `creator`, `create_time`, `updater`, `update_time`, `deleted`) VALUES (1627, 101, 1197, '1', '2022-03-19 21:45:52', '1', '2022-03-19 21:45:52', b'0');
INSERT INTO `system_role_menu` (`id`, `role_id`, `menu_id`, `creator`, `create_time`, `updater`, `update_time`, `deleted`) VALUES (1628, 101, 1198, '1', '2022-03-19 21:45:52', '1', '2022-03-19 21:45:52', b'0');
INSERT INTO `system_role_menu` (`id`, `role_id`, `menu_id`, `creator`, `create_time`, `updater`, `update_time`, `deleted`) VALUES (1629, 101, 1199, '1', '2022-03-19 21:45:52', '1', '2022-03-19 21:45:52', b'0');
INSERT INTO `system_role_menu` (`id`, `role_id`, `menu_id`, `creator`, `create_time`, `updater`, `update_time`, `deleted`) VALUES (1630, 101, 1200, '1', '2022-03-19 21:45:52', '1', '2022-03-19 21:45:52', b'0');
INSERT INTO `system_role_menu` (`id`, `role_id`, `menu_id`, `creator`, `create_time`, `updater`, `update_time`, `deleted`) VALUES (1631, 101, 1201, '1', '2022-03-19 21:45:52', '1', '2022-03-19 21:45:52', b'0');
INSERT INTO `system_role_menu` (`id`, `role_id`, `menu_id`, `creator`, `create_time`, `updater`, `update_time`, `deleted`) VALUES (1632, 101, 1202, '1', '2022-03-19 21:45:52', '1', '2022-03-19 21:45:52', b'0');
INSERT INTO `system_role_menu` (`id`, `role_id`, `menu_id`, `creator`, `create_time`, `updater`, `update_time`, `deleted`) VALUES (1633, 101, 1207, '1', '2022-03-19 21:45:52', '1', '2022-03-19 21:45:52', b'0');
INSERT INTO `system_role_menu` (`id`, `role_id`, `menu_id`, `creator`, `create_time`, `updater`, `update_time`, `deleted`) VALUES (1634, 101, 1208, '1', '2022-03-19 21:45:52', '1', '2022-03-19 21:45:52', b'0');
INSERT INTO `system_role_menu` (`id`, `role_id`, `menu_id`, `creator`, `create_time`, `updater`, `update_time`, `deleted`) VALUES (1635, 101, 1209, '1', '2022-03-19 21:45:52', '1', '2022-03-19 21:45:52', b'0');
INSERT INTO `system_role_menu` (`id`, `role_id`, `menu_id`, `creator`, `create_time`, `updater`, `update_time`, `deleted`) VALUES (1636, 101, 1210, '1', '2022-03-19 21:45:52', '1', '2022-03-19 21:45:52', b'0');
INSERT INTO `system_role_menu` (`id`, `role_id`, `menu_id`, `creator`, `create_time`, `updater`, `update_time`, `deleted`) VALUES (1637, 101, 1211, '1', '2022-03-19 21:45:52', '1', '2022-03-19 21:45:52', b'0');
INSERT INTO `system_role_menu` (`id`, `role_id`, `menu_id`, `creator`, `create_time`, `updater`, `update_time`, `deleted`) VALUES (1638, 101, 1212, '1', '2022-03-19 21:45:52', '1', '2022-03-19 21:45:52', b'0');
INSERT INTO `system_role_menu` (`id`, `role_id`, `menu_id`, `creator`, `create_time`, `updater`, `update_time`, `deleted`) VALUES (1639, 101, 1213, '1', '2022-03-19 21:45:52', '1', '2022-03-19 21:45:52', b'0');
INSERT INTO `system_role_menu` (`id`, `role_id`, `menu_id`, `creator`, `create_time`, `updater`, `update_time`, `deleted`) VALUES (1640, 101, 1215, '1', '2022-03-19 21:45:52', '1', '2022-03-19 21:45:52', b'0');
INSERT INTO `system_role_menu` (`id`, `role_id`, `menu_id`, `creator`, `create_time`, `updater`, `update_time`, `deleted`) VALUES (1641, 101, 2, '1', '2022-04-01 22:21:24', '1', '2022-04-01 22:21:24', b'0');
INSERT INTO `system_role_menu` (`id`, `role_id`, `menu_id`, `creator`, `create_time`, `updater`, `update_time`, `deleted`) VALUES (1642, 101, 1031, '1', '2022-04-01 22:21:37', '1', '2022-04-01 22:21:37', b'0');
INSERT INTO `system_role_menu` (`id`, `role_id`, `menu_id`, `creator`, `create_time`, `updater`, `update_time`, `deleted`) VALUES (1643, 101, 1032, '1', '2022-04-01 22:21:37', '1', '2022-04-01 22:21:37', b'0');
INSERT INTO `system_role_menu` (`id`, `role_id`, `menu_id`, `creator`, `create_time`, `updater`, `update_time`, `deleted`) VALUES (1644, 101, 1033, '1', '2022-04-01 22:21:37', '1', '2022-04-01 22:21:37', b'0');
INSERT INTO `system_role_menu` (`id`, `role_id`, `menu_id`, `creator`, `create_time`, `updater`, `update_time`, `deleted`) VALUES (1645, 101, 1034, '1', '2022-04-01 22:21:37', '1', '2022-04-01 22:21:37', b'0');
INSERT INTO `system_role_menu` (`id`, `role_id`, `menu_id`, `creator`, `create_time`, `updater`, `update_time`, `deleted`) VALUES (1646, 101, 1035, '1', '2022-04-01 22:21:37', '1', '2022-04-01 22:21:37', b'0');
INSERT INTO `system_role_menu` (`id`, `role_id`, `menu_id`, `creator`, `create_time`, `updater`, `update_time`, `deleted`) VALUES (1647, 101, 1050, '1', '2022-04-01 22:21:37', '1', '2022-04-01 22:21:37', b'0');
INSERT INTO `system_role_menu` (`id`, `role_id`, `menu_id`, `creator`, `create_time`, `updater`, `update_time`, `deleted`) VALUES (1648, 101, 1051, '1', '2022-04-01 22:21:37', '1', '2022-04-01 22:21:37', b'0');
INSERT INTO `system_role_menu` (`id`, `role_id`, `menu_id`, `creator`, `create_time`, `updater`, `update_time`, `deleted`) VALUES (1649, 101, 1052, '1', '2022-04-01 22:21:37', '1', '2022-04-01 22:21:37', b'0');
INSERT INTO `system_role_menu` (`id`, `role_id`, `menu_id`, `creator`, `create_time`, `updater`, `update_time`, `deleted`) VALUES (1650, 101, 1053, '1', '2022-04-01 22:21:37', '1', '2022-04-01 22:21:37', b'0');
INSERT INTO `system_role_menu` (`id`, `role_id`, `menu_id`, `creator`, `create_time`, `updater`, `update_time`, `deleted`) VALUES (1651, 101, 1054, '1', '2022-04-01 22:21:37', '1', '2022-04-01 22:21:37', b'0');
INSERT INTO `system_role_menu` (`id`, `role_id`, `menu_id`, `creator`, `create_time`, `updater`, `update_time`, `deleted`) VALUES (1652, 101, 1056, '1', '2022-04-01 22:21:37', '1', '2022-04-01 22:21:37', b'0');
INSERT INTO `system_role_menu` (`id`, `role_id`, `menu_id`, `creator`, `create_time`, `updater`, `update_time`, `deleted`) VALUES (1653, 101, 1057, '1', '2022-04-01 22:21:37', '1', '2022-04-01 22:21:37', b'0');
INSERT INTO `system_role_menu` (`id`, `role_id`, `menu_id`, `creator`, `create_time`, `updater`, `update_time`, `deleted`) VALUES (1654, 101, 1058, '1', '2022-04-01 22:21:37', '1', '2022-04-01 22:21:37', b'0');
INSERT INTO `system_role_menu` (`id`, `role_id`, `menu_id`, `creator`, `create_time`, `updater`, `update_time`, `deleted`) VALUES (1655, 101, 1059, '1', '2022-04-01 22:21:37', '1', '2022-04-01 22:21:37', b'0');
INSERT INTO `system_role_menu` (`id`, `role_id`, `menu_id`, `creator`, `create_time`, `updater`, `update_time`, `deleted`) VALUES (1656, 101, 1060, '1', '2022-04-01 22:21:37', '1', '2022-04-01 22:21:37', b'0');
INSERT INTO `system_role_menu` (`id`, `role_id`, `menu_id`, `creator`, `create_time`, `updater`, `update_time`, `deleted`) VALUES (1657, 101, 1066, '1', '2022-04-01 22:21:37', '1', '2022-04-01 22:21:37', b'0');
INSERT INTO `system_role_menu` (`id`, `role_id`, `menu_id`, `creator`, `create_time`, `updater`, `update_time`, `deleted`) VALUES (1658, 101, 1067, '1', '2022-04-01 22:21:37', '1', '2022-04-01 22:21:37', b'0');
INSERT INTO `system_role_menu` (`id`, `role_id`, `menu_id`, `creator`, `create_time`, `updater`, `update_time`, `deleted`) VALUES (1659, 101, 1070, '1', '2022-04-01 22:21:37', '1', '2022-04-01 22:21:37', b'0');
INSERT INTO `system_role_menu` (`id`, `role_id`, `menu_id`, `creator`, `create_time`, `updater`, `update_time`, `deleted`) VALUES (1664, 101, 1075, '1', '2022-04-01 22:21:37', '1', '2022-04-01 22:21:37', b'0');
INSERT INTO `system_role_menu` (`id`, `role_id`, `menu_id`, `creator`, `create_time`, `updater`, `update_time`, `deleted`) VALUES (1666, 101, 1077, '1', '2022-04-01 22:21:37', '1', '2022-04-01 22:21:37', b'0');
INSERT INTO `system_role_menu` (`id`, `role_id`, `menu_id`, `creator`, `create_time`, `updater`, `update_time`, `deleted`) VALUES (1667, 101, 1078, '1', '2022-04-01 22:21:37', '1', '2022-04-01 22:21:37', b'0');
INSERT INTO `system_role_menu` (`id`, `role_id`, `menu_id`, `creator`, `create_time`, `updater`, `update_time`, `deleted`) VALUES (1668, 101, 1082, '1', '2022-04-01 22:21:37', '1', '2022-04-01 22:21:37', b'0');
INSERT INTO `system_role_menu` (`id`, `role_id`, `menu_id`, `creator`, `create_time`, `updater`, `update_time`, `deleted`) VALUES (1669, 101, 1083, '1', '2022-04-01 22:21:37', '1', '2022-04-01 22:21:37', b'0');
INSERT INTO `system_role_menu` (`id`, `role_id`, `menu_id`, `creator`, `create_time`, `updater`, `update_time`, `deleted`) VALUES (1670, 101, 1084, '1', '2022-04-01 22:21:37', '1', '2022-04-01 22:21:37', b'0');
INSERT INTO `system_role_menu` (`id`, `role_id`, `menu_id`, `creator`, `create_time`, `updater`, `update_time`, `deleted`) VALUES (1671, 101, 1085, '1', '2022-04-01 22:21:37', '1', '2022-04-01 22:21:37', b'0');
INSERT INTO `system_role_menu` (`id`, `role_id`, `menu_id`, `creator`, `create_time`, `updater`, `update_time`, `deleted`) VALUES (1672, 101, 1086, '1', '2022-04-01 22:21:37', '1', '2022-04-01 22:21:37', b'0');
INSERT INTO `system_role_menu` (`id`, `role_id`, `menu_id`, `creator`, `create_time`, `updater`, `update_time`, `deleted`) VALUES (1673, 101, 1087, '1', '2022-04-01 22:21:37', '1', '2022-04-01 22:21:37', b'0');
INSERT INTO `system_role_menu` (`id`, `role_id`, `menu_id`, `creator`, `create_time`, `updater`, `update_time`, `deleted`) VALUES (1674, 101, 1088, '1', '2022-04-01 22:21:37', '1', '2022-04-01 22:21:37', b'0');
INSERT INTO `system_role_menu` (`id`, `role_id`, `menu_id`, `creator`, `create_time`, `updater`, `update_time`, `deleted`) VALUES (1675, 101, 1089, '1', '2022-04-01 22:21:37', '1', '2022-04-01 22:21:37', b'0');
INSERT INTO `system_role_menu` (`id`, `role_id`, `menu_id`, `creator`, `create_time`, `updater`, `update_time`, `deleted`) VALUES (1679, 101, 1237, '1', '2022-04-01 22:21:37', '1', '2022-04-01 22:21:37', b'0');
INSERT INTO `system_role_menu` (`id`, `role_id`, `menu_id`, `creator`, `create_time`, `updater`, `update_time`, `deleted`) VALUES (1680, 101, 1238, '1', '2022-04-01 22:21:37', '1', '2022-04-01 22:21:37', b'0');
INSERT INTO `system_role_menu` (`id`, `role_id`, `menu_id`, `creator`, `create_time`, `updater`, `update_time`, `deleted`) VALUES (1681, 101, 1239, '1', '2022-04-01 22:21:37', '1', '2022-04-01 22:21:37', b'0');
INSERT INTO `system_role_menu` (`id`, `role_id`, `menu_id`, `creator`, `create_time`, `updater`, `update_time`, `deleted`) VALUES (1682, 101, 1240, '1', '2022-04-01 22:21:37', '1', '2022-04-01 22:21:37', b'0');
INSERT INTO `system_role_menu` (`id`, `role_id`, `menu_id`, `creator`, `create_time`, `updater`, `update_time`, `deleted`) VALUES (1683, 101, 1241, '1', '2022-04-01 22:21:37', '1', '2022-04-01 22:21:37', b'0');
INSERT INTO `system_role_menu` (`id`, `role_id`, `menu_id`, `creator`, `create_time`, `updater`, `update_time`, `deleted`) VALUES (1684, 101, 1242, '1', '2022-04-01 22:21:37', '1', '2022-04-01 22:21:37', b'0');
INSERT INTO `system_role_menu` (`id`, `role_id`, `menu_id`, `creator`, `create_time`, `updater`, `update_time`, `deleted`) VALUES (1685, 101, 1243, '1', '2022-04-01 22:21:37', '1', '2022-04-01 22:21:37', b'0');
INSERT INTO `system_role_menu` (`id`, `role_id`, `menu_id`, `creator`, `create_time`, `updater`, `update_time`, `deleted`) VALUES (1687, 101, 106, '1', '2022-04-01 22:21:37', '1', '2022-04-01 22:21:37', b'0');
INSERT INTO `system_role_menu` (`id`, `role_id`, `menu_id`, `creator`, `create_time`, `updater`, `update_time`, `deleted`) VALUES (1688, 101, 110, '1', '2022-04-01 22:21:37', '1', '2022-04-01 22:21:37', b'0');
INSERT INTO `system_role_menu` (`id`, `role_id`, `menu_id`, `creator`, `create_time`, `updater`, `update_time`, `deleted`) VALUES (1689, 101, 111, '1', '2022-04-01 22:21:37', '1', '2022-04-01 22:21:37', b'0');
INSERT INTO `system_role_menu` (`id`, `role_id`, `menu_id`, `creator`, `create_time`, `updater`, `update_time`, `deleted`) VALUES (1690, 101, 112, '1', '2022-04-01 22:21:37', '1', '2022-04-01 22:21:37', b'0');
INSERT INTO `system_role_menu` (`id`, `role_id`, `menu_id`, `creator`, `create_time`, `updater`, `update_time`, `deleted`) VALUES (1691, 101, 113, '1', '2022-04-01 22:21:37', '1', '2022-04-01 22:21:37', b'0');
INSERT INTO `system_role_menu` (`id`, `role_id`, `menu_id`, `creator`, `create_time`, `updater`, `update_time`, `deleted`) VALUES (1692, 101, 114, '1', '2022-04-01 22:21:37', '1', '2022-04-01 22:21:37', b'0');
INSERT INTO `system_role_menu` (`id`, `role_id`, `menu_id`, `creator`, `create_time`, `updater`, `update_time`, `deleted`) VALUES (1693, 101, 115, '1', '2022-04-01 22:21:37', '1', '2022-04-01 22:21:37', b'0');
INSERT INTO `system_role_menu` (`id`, `role_id`, `menu_id`, `creator`, `create_time`, `updater`, `update_time`, `deleted`) VALUES (1694, 101, 116, '1', '2022-04-01 22:21:37', '1', '2022-04-01 22:21:37', b'0');
INSERT INTO `system_role_menu` (`id`, `role_id`, `menu_id`, `creator`, `create_time`, `updater`, `update_time`, `deleted`) VALUES (1991, 2, 1024, '1', '2023-01-25 08:42:52', '1', '2023-01-25 08:42:52', b'0');
INSERT INTO `system_role_menu` (`id`, `role_id`, `menu_id`, `creator`, `create_time`, `updater`, `update_time`, `deleted`) VALUES (1992, 2, 1025, '1', '2023-01-25 08:42:52', '1', '2023-01-25 08:42:52', b'0');
INSERT INTO `system_role_menu` (`id`, `role_id`, `menu_id`, `creator`, `create_time`, `updater`, `update_time`, `deleted`) VALUES (1993, 2, 1026, '1', '2023-01-25 08:42:52', '1', '2023-01-25 08:42:52', b'0');
INSERT INTO `system_role_menu` (`id`, `role_id`, `menu_id`, `creator`, `create_time`, `updater`, `update_time`, `deleted`) VALUES (1994, 2, 1027, '1', '2023-01-25 08:42:52', '1', '2023-01-25 08:42:52', b'0');
INSERT INTO `system_role_menu` (`id`, `role_id`, `menu_id`, `creator`, `create_time`, `updater`, `update_time`, `deleted`) VALUES (1995, 2, 1028, '1', '2023-01-25 08:42:52', '1', '2023-01-25 08:42:52', b'0');
INSERT INTO `system_role_menu` (`id`, `role_id`, `menu_id`, `creator`, `create_time`, `updater`, `update_time`, `deleted`) VALUES (1996, 2, 1029, '1', '2023-01-25 08:42:52', '1', '2023-01-25 08:42:52', b'0');
INSERT INTO `system_role_menu` (`id`, `role_id`, `menu_id`, `creator`, `create_time`, `updater`, `update_time`, `deleted`) VALUES (1997, 2, 1030, '1', '2023-01-25 08:42:52', '1', '2023-01-25 08:42:52', b'0');
INSERT INTO `system_role_menu` (`id`, `role_id`, `menu_id`, `creator`, `create_time`, `updater`, `update_time`, `deleted`) VALUES (1998, 2, 1031, '1', '2023-01-25 08:42:52', '1', '2023-01-25 08:42:52', b'0');
INSERT INTO `system_role_menu` (`id`, `role_id`, `menu_id`, `creator`, `create_time`, `updater`, `update_time`, `deleted`) VALUES (1999, 2, 1032, '1', '2023-01-25 08:42:52', '1', '2023-01-25 08:42:52', b'0');
INSERT INTO `system_role_menu` (`id`, `role_id`, `menu_id`, `creator`, `create_time`, `updater`, `update_time`, `deleted`) VALUES (2000, 2, 1033, '1', '2023-01-25 08:42:52', '1', '2023-01-25 08:42:52', b'0');
INSERT INTO `system_role_menu` (`id`, `role_id`, `menu_id`, `creator`, `create_time`, `updater`, `update_time`, `deleted`) VALUES (2001, 2, 1034, '1', '2023-01-25 08:42:52', '1', '2023-01-25 08:42:52', b'0');
INSERT INTO `system_role_menu` (`id`, `role_id`, `menu_id`, `creator`, `create_time`, `updater`, `update_time`, `deleted`) VALUES (2002, 2, 1035, '1', '2023-01-25 08:42:52', '1', '2023-01-25 08:42:52', b'0');
INSERT INTO `system_role_menu` (`id`, `role_id`, `menu_id`, `creator`, `create_time`, `updater`, `update_time`, `deleted`) VALUES (2003, 2, 1036, '1', '2023-01-25 08:42:52', '1', '2023-01-25 08:42:52', b'0');
INSERT INTO `system_role_menu` (`id`, `role_id`, `menu_id`, `creator`, `create_time`, `updater`, `update_time`, `deleted`) VALUES (2004, 2, 1037, '1', '2023-01-25 08:42:52', '1', '2023-01-25 08:42:52', b'0');
INSERT INTO `system_role_menu` (`id`, `role_id`, `menu_id`, `creator`, `create_time`, `updater`, `update_time`, `deleted`) VALUES (2005, 2, 1038, '1', '2023-01-25 08:42:52', '1', '2023-01-25 08:42:52', b'0');
INSERT INTO `system_role_menu` (`id`, `role_id`, `menu_id`, `creator`, `create_time`, `updater`, `update_time`, `deleted`) VALUES (2006, 2, 1039, '1', '2023-01-25 08:42:52', '1', '2023-01-25 08:42:52', b'0');
INSERT INTO `system_role_menu` (`id`, `role_id`, `menu_id`, `creator`, `create_time`, `updater`, `update_time`, `deleted`) VALUES (2007, 2, 1040, '1', '2023-01-25 08:42:52', '1', '2023-01-25 08:42:52', b'0');
INSERT INTO `system_role_menu` (`id`, `role_id`, `menu_id`, `creator`, `create_time`, `updater`, `update_time`, `deleted`) VALUES (2008, 2, 1042, '1', '2023-01-25 08:42:52', '1', '2023-01-25 08:42:52', b'0');
INSERT INTO `system_role_menu` (`id`, `role_id`, `menu_id`, `creator`, `create_time`, `updater`, `update_time`, `deleted`) VALUES (2009, 2, 1043, '1', '2023-01-25 08:42:52', '1', '2023-01-25 08:42:52', b'0');
INSERT INTO `system_role_menu` (`id`, `role_id`, `menu_id`, `creator`, `create_time`, `updater`, `update_time`, `deleted`) VALUES (2010, 2, 1045, '1', '2023-01-25 08:42:52', '1', '2023-01-25 08:42:52', b'0');
INSERT INTO `system_role_menu` (`id`, `role_id`, `menu_id`, `creator`, `create_time`, `updater`, `update_time`, `deleted`) VALUES (2011, 2, 1046, '1', '2023-01-25 08:42:52', '1', '2023-01-25 08:42:52', b'0');
INSERT INTO `system_role_menu` (`id`, `role_id`, `menu_id`, `creator`, `create_time`, `updater`, `update_time`, `deleted`) VALUES (2012, 2, 1048, '1', '2023-01-25 08:42:52', '1', '2023-01-25 08:42:52', b'0');
INSERT INTO `system_role_menu` (`id`, `role_id`, `menu_id`, `creator`, `create_time`, `updater`, `update_time`, `deleted`) VALUES (2013, 2, 1050, '1', '2023-01-25 08:42:52', '1', '2023-01-25 08:42:52', b'0');
INSERT INTO `system_role_menu` (`id`, `role_id`, `menu_id`, `creator`, `create_time`, `updater`, `update_time`, `deleted`) VALUES (2014, 2, 1051, '1', '2023-01-25 08:42:52', '1', '2023-01-25 08:42:52', b'0');
INSERT INTO `system_role_menu` (`id`, `role_id`, `menu_id`, `creator`, `create_time`, `updater`, `update_time`, `deleted`) VALUES (2015, 2, 1052, '1', '2023-01-25 08:42:52', '1', '2023-01-25 08:42:52', b'0');
INSERT INTO `system_role_menu` (`id`, `role_id`, `menu_id`, `creator`, `create_time`, `updater`, `update_time`, `deleted`) VALUES (2016, 2, 1053, '1', '2023-01-25 08:42:52', '1', '2023-01-25 08:42:52', b'0');
INSERT INTO `system_role_menu` (`id`, `role_id`, `menu_id`, `creator`, `create_time`, `updater`, `update_time`, `deleted`) VALUES (2017, 2, 1054, '1', '2023-01-25 08:42:52', '1', '2023-01-25 08:42:52', b'0');
INSERT INTO `system_role_menu` (`id`, `role_id`, `menu_id`, `creator`, `create_time`, `updater`, `update_time`, `deleted`) VALUES (2018, 2, 1056, '1', '2023-01-25 08:42:52', '1', '2023-01-25 08:42:52', b'0');
INSERT INTO `system_role_menu` (`id`, `role_id`, `menu_id`, `creator`, `create_time`, `updater`, `update_time`, `deleted`) VALUES (2019, 2, 1057, '1', '2023-01-25 08:42:52', '1', '2023-01-25 08:42:52', b'0');
INSERT INTO `system_role_menu` (`id`, `role_id`, `menu_id`, `creator`, `create_time`, `updater`, `update_time`, `deleted`) VALUES (2020, 2, 1058, '1', '2023-01-25 08:42:52', '1', '2023-01-25 08:42:52', b'0');
INSERT INTO `system_role_menu` (`id`, `role_id`, `menu_id`, `creator`, `create_time`, `updater`, `update_time`, `deleted`) VALUES (2021, 2, 2083, '1', '2023-01-25 08:42:52', '1', '2023-01-25 08:42:52', b'0');
INSERT INTO `system_role_menu` (`id`, `role_id`, `menu_id`, `creator`, `create_time`, `updater`, `update_time`, `deleted`) VALUES (2022, 2, 1059, '1', '2023-01-25 08:42:52', '1', '2023-01-25 08:42:52', b'0');
INSERT INTO `system_role_menu` (`id`, `role_id`, `menu_id`, `creator`, `create_time`, `updater`, `update_time`, `deleted`) VALUES (2023, 2, 1060, '1', '2023-01-25 08:42:52', '1', '2023-01-25 08:42:52', b'0');
INSERT INTO `system_role_menu` (`id`, `role_id`, `menu_id`, `creator`, `create_time`, `updater`, `update_time`, `deleted`) VALUES (2024, 2, 1063, '1', '2023-01-25 08:42:52', '1', '2023-01-25 08:42:52', b'0');
INSERT INTO `system_role_menu` (`id`, `role_id`, `menu_id`, `creator`, `create_time`, `updater`, `update_time`, `deleted`) VALUES (2025, 2, 1064, '1', '2023-01-25 08:42:52', '1', '2023-01-25 08:42:52', b'0');
INSERT INTO `system_role_menu` (`id`, `role_id`, `menu_id`, `creator`, `create_time`, `updater`, `update_time`, `deleted`) VALUES (2026, 2, 1065, '1', '2023-01-25 08:42:52', '1', '2023-01-25 08:42:52', b'0');
INSERT INTO `system_role_menu` (`id`, `role_id`, `menu_id`, `creator`, `create_time`, `updater`, `update_time`, `deleted`) VALUES (2027, 2, 1066, '1', '2023-01-25 08:42:52', '1', '2023-01-25 08:42:52', b'0');
INSERT INTO `system_role_menu` (`id`, `role_id`, `menu_id`, `creator`, `create_time`, `updater`, `update_time`, `deleted`) VALUES (2028, 2, 1067, '1', '2023-01-25 08:42:52', '1', '2023-01-25 08:42:52', b'0');
INSERT INTO `system_role_menu` (`id`, `role_id`, `menu_id`, `creator`, `create_time`, `updater`, `update_time`, `deleted`) VALUES (2029, 2, 1070, '1', '2023-01-25 08:42:52', '1', '2023-01-25 08:42:52', b'0');
INSERT INTO `system_role_menu` (`id`, `role_id`, `menu_id`, `creator`, `create_time`, `updater`, `update_time`, `deleted`) VALUES (2034, 2, 1075, '1', '2023-01-25 08:42:52', '1', '2023-01-25 08:42:52', b'0');
INSERT INTO `system_role_menu` (`id`, `role_id`, `menu_id`, `creator`, `create_time`, `updater`, `update_time`, `deleted`) VALUES (2036, 2, 1082, '1', '2023-01-25 08:42:52', '1', '2023-01-25 08:42:52', b'0');
INSERT INTO `system_role_menu` (`id`, `role_id`, `menu_id`, `creator`, `create_time`, `updater`, `update_time`, `deleted`) VALUES (2037, 2, 1085, '1', '2023-01-25 08:42:52', '1', '2023-01-25 08:42:52', b'0');
INSERT INTO `system_role_menu` (`id`, `role_id`, `menu_id`, `creator`, `create_time`, `updater`, `update_time`, `deleted`) VALUES (2038, 2, 1086, '1', '2023-01-25 08:42:52', '1', '2023-01-25 08:42:52', b'0');
INSERT INTO `system_role_menu` (`id`, `role_id`, `menu_id`, `creator`, `create_time`, `updater`, `update_time`, `deleted`) VALUES (2039, 2, 1087, '1', '2023-01-25 08:42:52', '1', '2023-01-25 08:42:52', b'0');
INSERT INTO `system_role_menu` (`id`, `role_id`, `menu_id`, `creator`, `create_time`, `updater`, `update_time`, `deleted`) VALUES (2040, 2, 1088, '1', '2023-01-25 08:42:52', '1', '2023-01-25 08:42:52', b'0');
INSERT INTO `system_role_menu` (`id`, `role_id`, `menu_id`, `creator`, `create_time`, `updater`, `update_time`, `deleted`) VALUES (2041, 2, 1089, '1', '2023-01-25 08:42:52', '1', '2023-01-25 08:42:52', b'0');
INSERT INTO `system_role_menu` (`id`, `role_id`, `menu_id`, `creator`, `create_time`, `updater`, `update_time`, `deleted`) VALUES (2042, 2, 1091, '1', '2023-01-25 08:42:52', '1', '2023-01-25 08:42:52', b'0');
INSERT INTO `system_role_menu` (`id`, `role_id`, `menu_id`, `creator`, `create_time`, `updater`, `update_time`, `deleted`) VALUES (2043, 2, 1092, '1', '2023-01-25 08:42:52', '1', '2023-01-25 08:42:52', b'0');
INSERT INTO `system_role_menu` (`id`, `role_id`, `menu_id`, `creator`, `create_time`, `updater`, `update_time`, `deleted`) VALUES (2044, 2, 1095, '1', '2023-01-25 08:42:52', '1', '2023-01-25 08:42:52', b'0');
INSERT INTO `system_role_menu` (`id`, `role_id`, `menu_id`, `creator`, `create_time`, `updater`, `update_time`, `deleted`) VALUES (2045, 2, 1096, '1', '2023-01-25 08:42:52', '1', '2023-01-25 08:42:52', b'0');
INSERT INTO `system_role_menu` (`id`, `role_id`, `menu_id`, `creator`, `create_time`, `updater`, `update_time`, `deleted`) VALUES (2046, 2, 1097, '1', '2023-01-25 08:42:52', '1', '2023-01-25 08:42:52', b'0');
INSERT INTO `system_role_menu` (`id`, `role_id`, `menu_id`, `creator`, `create_time`, `updater`, `update_time`, `deleted`) VALUES (2047, 2, 1098, '1', '2023-01-25 08:42:52', '1', '2023-01-25 08:42:52', b'0');
INSERT INTO `system_role_menu` (`id`, `role_id`, `menu_id`, `creator`, `create_time`, `updater`, `update_time`, `deleted`) VALUES (2048, 2, 1101, '1', '2023-01-25 08:42:52', '1', '2023-01-25 08:42:52', b'0');
INSERT INTO `system_role_menu` (`id`, `role_id`, `menu_id`, `creator`, `create_time`, `updater`, `update_time`, `deleted`) VALUES (2049, 2, 1102, '1', '2023-01-25 08:42:52', '1', '2023-01-25 08:42:52', b'0');
INSERT INTO `system_role_menu` (`id`, `role_id`, `menu_id`, `creator`, `create_time`, `updater`, `update_time`, `deleted`) VALUES (2050, 2, 1103, '1', '2023-01-25 08:42:52', '1', '2023-01-25 08:42:52', b'0');
INSERT INTO `system_role_menu` (`id`, `role_id`, `menu_id`, `creator`, `create_time`, `updater`, `update_time`, `deleted`) VALUES (2051, 2, 1104, '1', '2023-01-25 08:42:52', '1', '2023-01-25 08:42:52', b'0');
INSERT INTO `system_role_menu` (`id`, `role_id`, `menu_id`, `creator`, `create_time`, `updater`, `update_time`, `deleted`) VALUES (2052, 2, 1105, '1', '2023-01-25 08:42:52', '1', '2023-01-25 08:42:52', b'0');
INSERT INTO `system_role_menu` (`id`, `role_id`, `menu_id`, `creator`, `create_time`, `updater`, `update_time`, `deleted`) VALUES (2053, 2, 1106, '1', '2023-01-25 08:42:52', '1', '2023-01-25 08:42:52', b'0');
INSERT INTO `system_role_menu` (`id`, `role_id`, `menu_id`, `creator`, `create_time`, `updater`, `update_time`, `deleted`) VALUES (2054, 2, 1108, '1', '2023-01-25 08:42:52', '1', '2023-01-25 08:42:52', b'0');
INSERT INTO `system_role_menu` (`id`, `role_id`, `menu_id`, `creator`, `create_time`, `updater`, `update_time`, `deleted`) VALUES (2055, 2, 1109, '1', '2023-01-25 08:42:52', '1', '2023-01-25 08:42:52', b'0');
INSERT INTO `system_role_menu` (`id`, `role_id`, `menu_id`, `creator`, `create_time`, `updater`, `update_time`, `deleted`) VALUES (2061, 2, 1127, '1', '2023-01-25 08:42:52', '1', '2023-01-25 08:42:52', b'0');
INSERT INTO `system_role_menu` (`id`, `role_id`, `menu_id`, `creator`, `create_time`, `updater`, `update_time`, `deleted`) VALUES (2062, 2, 1128, '1', '2023-01-25 08:42:52', '1', '2023-01-25 08:42:52', b'0');
INSERT INTO `system_role_menu` (`id`, `role_id`, `menu_id`, `creator`, `create_time`, `updater`, `update_time`, `deleted`) VALUES (2063, 2, 1129, '1', '2023-01-25 08:42:52', '1', '2023-01-25 08:42:52', b'0');
INSERT INTO `system_role_menu` (`id`, `role_id`, `menu_id`, `creator`, `create_time`, `updater`, `update_time`, `deleted`) VALUES (2064, 2, 1130, '1', '2023-01-25 08:42:52', '1', '2023-01-25 08:42:52', b'0');
INSERT INTO `system_role_menu` (`id`, `role_id`, `menu_id`, `creator`, `create_time`, `updater`, `update_time`, `deleted`) VALUES (2066, 2, 1132, '1', '2023-01-25 08:42:52', '1', '2023-01-25 08:42:52', b'0');
INSERT INTO `system_role_menu` (`id`, `role_id`, `menu_id`, `creator`, `create_time`, `updater`, `update_time`, `deleted`) VALUES (2067, 2, 1133, '1', '2023-01-25 08:42:52', '1', '2023-01-25 08:42:52', b'0');
INSERT INTO `system_role_menu` (`id`, `role_id`, `menu_id`, `creator`, `create_time`, `updater`, `update_time`, `deleted`) VALUES (2068, 2, 1134, '1', '2023-01-25 08:42:52', '1', '2023-01-25 08:42:52', b'0');
INSERT INTO `system_role_menu` (`id`, `role_id`, `menu_id`, `creator`, `create_time`, `updater`, `update_time`, `deleted`) VALUES (2069, 2, 1135, '1', '2023-01-25 08:42:52', '1', '2023-01-25 08:42:52', b'0');
INSERT INTO `system_role_menu` (`id`, `role_id`, `menu_id`, `creator`, `create_time`, `updater`, `update_time`, `deleted`) VALUES (2070, 2, 1136, '1', '2023-01-25 08:42:52', '1', '2023-01-25 08:42:52', b'0');
INSERT INTO `system_role_menu` (`id`, `role_id`, `menu_id`, `creator`, `create_time`, `updater`, `update_time`, `deleted`) VALUES (2071, 2, 1137, '1', '2023-01-25 08:42:52', '1', '2023-01-25 08:42:52', b'0');
INSERT INTO `system_role_menu` (`id`, `role_id`, `menu_id`, `creator`, `create_time`, `updater`, `update_time`, `deleted`) VALUES (2072, 2, 114, '1', '2023-01-25 08:42:52', '1', '2023-01-25 08:42:52', b'0');
INSERT INTO `system_role_menu` (`id`, `role_id`, `menu_id`, `creator`, `create_time`, `updater`, `update_time`, `deleted`) VALUES (2073, 2, 1139, '1', '2023-01-25 08:42:52', '1', '2023-01-25 08:42:52', b'0');
INSERT INTO `system_role_menu` (`id`, `role_id`, `menu_id`, `creator`, `create_time`, `updater`, `update_time`, `deleted`) VALUES (2074, 2, 115, '1', '2023-01-25 08:42:52', '1', '2023-01-25 08:42:52', b'0');
INSERT INTO `system_role_menu` (`id`, `role_id`, `menu_id`, `creator`, `create_time`, `updater`, `update_time`, `deleted`) VALUES (2075, 2, 1140, '1', '2023-01-25 08:42:52', '1', '2023-01-25 08:42:52', b'0');
INSERT INTO `system_role_menu` (`id`, `role_id`, `menu_id`, `creator`, `create_time`, `updater`, `update_time`, `deleted`) VALUES (2076, 2, 116, '1', '2023-01-25 08:42:52', '1', '2023-01-25 08:42:52', b'0');
INSERT INTO `system_role_menu` (`id`, `role_id`, `menu_id`, `creator`, `create_time`, `updater`, `update_time`, `deleted`) VALUES (2077, 2, 1141, '1', '2023-01-25 08:42:52', '1', '2023-01-25 08:42:52', b'0');
INSERT INTO `system_role_menu` (`id`, `role_id`, `menu_id`, `creator`, `create_time`, `updater`, `update_time`, `deleted`) VALUES (2078, 2, 1142, '1', '2023-01-25 08:42:52', '1', '2023-01-25 08:42:52', b'0');
INSERT INTO `system_role_menu` (`id`, `role_id`, `menu_id`, `creator`, `create_time`, `updater`, `update_time`, `deleted`) VALUES (2079, 2, 1143, '1', '2023-01-25 08:42:52', '1', '2023-01-25 08:42:52', b'0');
INSERT INTO `system_role_menu` (`id`, `role_id`, `menu_id`, `creator`, `create_time`, `updater`, `update_time`, `deleted`) VALUES (2080, 2, 1150, '1', '2023-01-25 08:42:52', '1', '2023-01-25 08:42:52', b'0');
INSERT INTO `system_role_menu` (`id`, `role_id`, `menu_id`, `creator`, `create_time`, `updater`, `update_time`, `deleted`) VALUES (2081, 2, 1161, '1', '2023-01-25 08:42:52', '1', '2023-01-25 08:42:52', b'0');
INSERT INTO `system_role_menu` (`id`, `role_id`, `menu_id`, `creator`, `create_time`, `updater`, `update_time`, `deleted`) VALUES (2082, 2, 1162, '1', '2023-01-25 08:42:52', '1', '2023-01-25 08:42:52', b'0');
INSERT INTO `system_role_menu` (`id`, `role_id`, `menu_id`, `creator`, `create_time`, `updater`, `update_time`, `deleted`) VALUES (2083, 2, 1163, '1', '2023-01-25 08:42:52', '1', '2023-01-25 08:42:52', b'0');
INSERT INTO `system_role_menu` (`id`, `role_id`, `menu_id`, `creator`, `create_time`, `updater`, `update_time`, `deleted`) VALUES (2084, 2, 1164, '1', '2023-01-25 08:42:52', '1', '2023-01-25 08:42:52', b'0');
INSERT INTO `system_role_menu` (`id`, `role_id`, `menu_id`, `creator`, `create_time`, `updater`, `update_time`, `deleted`) VALUES (2085, 2, 1165, '1', '2023-01-25 08:42:52', '1', '2023-01-25 08:42:52', b'0');
INSERT INTO `system_role_menu` (`id`, `role_id`, `menu_id`, `creator`, `create_time`, `updater`, `update_time`, `deleted`) VALUES (2086, 2, 1166, '1', '2023-01-25 08:42:52', '1', '2023-01-25 08:42:52', b'0');
INSERT INTO `system_role_menu` (`id`, `role_id`, `menu_id`, `creator`, `create_time`, `updater`, `update_time`, `deleted`) VALUES (2087, 2, 1173, '1', '2023-01-25 08:42:52', '1', '2023-01-25 08:42:52', b'0');
INSERT INTO `system_role_menu` (`id`, `role_id`, `menu_id`, `creator`, `create_time`, `updater`, `update_time`, `deleted`) VALUES (2088, 2, 1174, '1', '2023-01-25 08:42:52', '1', '2023-01-25 08:42:52', b'0');
INSERT INTO `system_role_menu` (`id`, `role_id`, `menu_id`, `creator`, `create_time`, `updater`, `update_time`, `deleted`) VALUES (2089, 2, 1175, '1', '2023-01-25 08:42:52', '1', '2023-01-25 08:42:52', b'0');
INSERT INTO `system_role_menu` (`id`, `role_id`, `menu_id`, `creator`, `create_time`, `updater`, `update_time`, `deleted`) VALUES (2090, 2, 1176, '1', '2023-01-25 08:42:52', '1', '2023-01-25 08:42:52', b'0');
INSERT INTO `system_role_menu` (`id`, `role_id`, `menu_id`, `creator`, `create_time`, `updater`, `update_time`, `deleted`) VALUES (2091, 2, 1177, '1', '2023-01-25 08:42:52', '1', '2023-01-25 08:42:52', b'0');
INSERT INTO `system_role_menu` (`id`, `role_id`, `menu_id`, `creator`, `create_time`, `updater`, `update_time`, `deleted`) VALUES (2092, 2, 1178, '1', '2023-01-25 08:42:52', '1', '2023-01-25 08:42:52', b'0');
INSERT INTO `system_role_menu` (`id`, `role_id`, `menu_id`, `creator`, `create_time`, `updater`, `update_time`, `deleted`) VALUES (2099, 2, 1226, '1', '2023-01-25 08:42:52', '1', '2023-01-25 08:42:52', b'0');
INSERT INTO `system_role_menu` (`id`, `role_id`, `menu_id`, `creator`, `create_time`, `updater`, `update_time`, `deleted`) VALUES (2100, 2, 1227, '1', '2023-01-25 08:42:52', '1', '2023-01-25 08:42:52', b'0');
INSERT INTO `system_role_menu` (`id`, `role_id`, `menu_id`, `creator`, `create_time`, `updater`, `update_time`, `deleted`) VALUES (2101, 2, 1228, '1', '2023-01-25 08:42:52', '1', '2023-01-25 08:42:52', b'0');
INSERT INTO `system_role_menu` (`id`, `role_id`, `menu_id`, `creator`, `create_time`, `updater`, `update_time`, `deleted`) VALUES (2102, 2, 1229, '1', '2023-01-25 08:42:52', '1', '2023-01-25 08:42:52', b'0');
INSERT INTO `system_role_menu` (`id`, `role_id`, `menu_id`, `creator`, `create_time`, `updater`, `update_time`, `deleted`) VALUES (2103, 2, 1237, '1', '2023-01-25 08:42:52', '1', '2023-01-25 08:42:52', b'0');
INSERT INTO `system_role_menu` (`id`, `role_id`, `menu_id`, `creator`, `create_time`, `updater`, `update_time`, `deleted`) VALUES (2104, 2, 1238, '1', '2023-01-25 08:42:52', '1', '2023-01-25 08:42:52', b'0');
INSERT INTO `system_role_menu` (`id`, `role_id`, `menu_id`, `creator`, `create_time`, `updater`, `update_time`, `deleted`) VALUES (2105, 2, 1239, '1', '2023-01-25 08:42:52', '1', '2023-01-25 08:42:52', b'0');
INSERT INTO `system_role_menu` (`id`, `role_id`, `menu_id`, `creator`, `create_time`, `updater`, `update_time`, `deleted`) VALUES (2106, 2, 1240, '1', '2023-01-25 08:42:52', '1', '2023-01-25 08:42:52', b'0');
INSERT INTO `system_role_menu` (`id`, `role_id`, `menu_id`, `creator`, `create_time`, `updater`, `update_time`, `deleted`) VALUES (2107, 2, 1241, '1', '2023-01-25 08:42:52', '1', '2023-01-25 08:42:52', b'0');
INSERT INTO `system_role_menu` (`id`, `role_id`, `menu_id`, `creator`, `create_time`, `updater`, `update_time`, `deleted`) VALUES (2108, 2, 1242, '1', '2023-01-25 08:42:52', '1', '2023-01-25 08:42:52', b'0');
INSERT INTO `system_role_menu` (`id`, `role_id`, `menu_id`, `creator`, `create_time`, `updater`, `update_time`, `deleted`) VALUES (2109, 2, 1243, '1', '2023-01-25 08:42:52', '1', '2023-01-25 08:42:52', b'0');
INSERT INTO `system_role_menu` (`id`, `role_id`, `menu_id`, `creator`, `create_time`, `updater`, `update_time`, `deleted`) VALUES (2116, 2, 1254, '1', '2023-01-25 08:42:52', '1', '2023-01-25 08:42:52', b'0');
INSERT INTO `system_role_menu` (`id`, `role_id`, `menu_id`, `creator`, `create_time`, `updater`, `update_time`, `deleted`) VALUES (2117, 2, 1255, '1', '2023-01-25 08:42:52', '1', '2023-01-25 08:42:52', b'0');
INSERT INTO `system_role_menu` (`id`, `role_id`, `menu_id`, `creator`, `create_time`, `updater`, `update_time`, `deleted`) VALUES (2118, 2, 1256, '1', '2023-01-25 08:42:52', '1', '2023-01-25 08:42:52', b'0');
INSERT INTO `system_role_menu` (`id`, `role_id`, `menu_id`, `creator`, `create_time`, `updater`, `update_time`, `deleted`) VALUES (2119, 2, 1257, '1', '2023-01-25 08:42:52', '1', '2023-01-25 08:42:52', b'0');
INSERT INTO `system_role_menu` (`id`, `role_id`, `menu_id`, `creator`, `create_time`, `updater`, `update_time`, `deleted`) VALUES (2120, 2, 1258, '1', '2023-01-25 08:42:52', '1', '2023-01-25 08:42:52', b'0');
INSERT INTO `system_role_menu` (`id`, `role_id`, `menu_id`, `creator`, `create_time`, `updater`, `update_time`, `deleted`) VALUES (2121, 2, 1259, '1', '2023-01-25 08:42:52', '1', '2023-01-25 08:42:52', b'0');
INSERT INTO `system_role_menu` (`id`, `role_id`, `menu_id`, `creator`, `create_time`, `updater`, `update_time`, `deleted`) VALUES (2122, 2, 1260, '1', '2023-01-25 08:42:52', '1', '2023-01-25 08:42:52', b'0');
INSERT INTO `system_role_menu` (`id`, `role_id`, `menu_id`, `creator`, `create_time`, `updater`, `update_time`, `deleted`) VALUES (2123, 2, 1261, '1', '2023-01-25 08:42:52', '1', '2023-01-25 08:42:52', b'0');
INSERT INTO `system_role_menu` (`id`, `role_id`, `menu_id`, `creator`, `create_time`, `updater`, `update_time`, `deleted`) VALUES (2124, 2, 1263, '1', '2023-01-25 08:42:52', '1', '2023-01-25 08:42:52', b'0');
INSERT INTO `system_role_menu` (`id`, `role_id`, `menu_id`, `creator`, `create_time`, `updater`, `update_time`, `deleted`) VALUES (2125, 2, 1264, '1', '2023-01-25 08:42:52', '1', '2023-01-25 08:42:52', b'0');
INSERT INTO `system_role_menu` (`id`, `role_id`, `menu_id`, `creator`, `create_time`, `updater`, `update_time`, `deleted`) VALUES (2126, 2, 1265, '1', '2023-01-25 08:42:52', '1', '2023-01-25 08:42:52', b'0');
INSERT INTO `system_role_menu` (`id`, `role_id`, `menu_id`, `creator`, `create_time`, `updater`, `update_time`, `deleted`) VALUES (2127, 2, 1266, '1', '2023-01-25 08:42:52', '1', '2023-01-25 08:42:52', b'0');
INSERT INTO `system_role_menu` (`id`, `role_id`, `menu_id`, `creator`, `create_time`, `updater`, `update_time`, `deleted`) VALUES (2128, 2, 1267, '1', '2023-01-25 08:42:52', '1', '2023-01-25 08:42:52', b'0');
INSERT INTO `system_role_menu` (`id`, `role_id`, `menu_id`, `creator`, `create_time`, `updater`, `update_time`, `deleted`) VALUES (2129, 2, 1001, '1', '2023-01-25 08:42:52', '1', '2023-01-25 08:42:52', b'0');
INSERT INTO `system_role_menu` (`id`, `role_id`, `menu_id`, `creator`, `create_time`, `updater`, `update_time`, `deleted`) VALUES (2130, 2, 1002, '1', '2023-01-25 08:42:52', '1', '2023-01-25 08:42:52', b'0');
INSERT INTO `system_role_menu` (`id`, `role_id`, `menu_id`, `creator`, `create_time`, `updater`, `update_time`, `deleted`) VALUES (2131, 2, 1003, '1', '2023-01-25 08:42:52', '1', '2023-01-25 08:42:52', b'0');
INSERT INTO `system_role_menu` (`id`, `role_id`, `menu_id`, `creator`, `create_time`, `updater`, `update_time`, `deleted`) VALUES (2132, 2, 1004, '1', '2023-01-25 08:42:52', '1', '2023-01-25 08:42:52', b'0');
INSERT INTO `system_role_menu` (`id`, `role_id`, `menu_id`, `creator`, `create_time`, `updater`, `update_time`, `deleted`) VALUES (2133, 2, 1005, '1', '2023-01-25 08:42:52', '1', '2023-01-25 08:42:52', b'0');
INSERT INTO `system_role_menu` (`id`, `role_id`, `menu_id`, `creator`, `create_time`, `updater`, `update_time`, `deleted`) VALUES (2134, 2, 1006, '1', '2023-01-25 08:42:52', '1', '2023-01-25 08:42:52', b'0');
INSERT INTO `system_role_menu` (`id`, `role_id`, `menu_id`, `creator`, `create_time`, `updater`, `update_time`, `deleted`) VALUES (2135, 2, 1007, '1', '2023-01-25 08:42:52', '1', '2023-01-25 08:42:52', b'0');
INSERT INTO `system_role_menu` (`id`, `role_id`, `menu_id`, `creator`, `create_time`, `updater`, `update_time`, `deleted`) VALUES (2136, 2, 1008, '1', '2023-01-25 08:42:52', '1', '2023-01-25 08:42:52', b'0');
INSERT INTO `system_role_menu` (`id`, `role_id`, `menu_id`, `creator`, `create_time`, `updater`, `update_time`, `deleted`) VALUES (2137, 2, 1009, '1', '2023-01-25 08:42:52', '1', '2023-01-25 08:42:52', b'0');
INSERT INTO `system_role_menu` (`id`, `role_id`, `menu_id`, `creator`, `create_time`, `updater`, `update_time`, `deleted`) VALUES (2138, 2, 1010, '1', '2023-01-25 08:42:52', '1', '2023-01-25 08:42:52', b'0');
INSERT INTO `system_role_menu` (`id`, `role_id`, `menu_id`, `creator`, `create_time`, `updater`, `update_time`, `deleted`) VALUES (2139, 2, 1011, '1', '2023-01-25 08:42:52', '1', '2023-01-25 08:42:52', b'0');
INSERT INTO `system_role_menu` (`id`, `role_id`, `menu_id`, `creator`, `create_time`, `updater`, `update_time`, `deleted`) VALUES (2140, 2, 1012, '1', '2023-01-25 08:42:52', '1', '2023-01-25 08:42:52', b'0');
INSERT INTO `system_role_menu` (`id`, `role_id`, `menu_id`, `creator`, `create_time`, `updater`, `update_time`, `deleted`) VALUES (2141, 2, 1013, '1', '2023-01-25 08:42:52', '1', '2023-01-25 08:42:52', b'0');
INSERT INTO `system_role_menu` (`id`, `role_id`, `menu_id`, `creator`, `create_time`, `updater`, `update_time`, `deleted`) VALUES (2143, 2, 1015, '1', '2023-01-25 08:42:52', '1', '2023-01-25 08:42:52', b'0');
INSERT INTO `system_role_menu` (`id`, `role_id`, `menu_id`, `creator`, `create_time`, `updater`, `update_time`, `deleted`) VALUES (2145, 2, 1017, '1', '2023-01-25 08:42:52', '1', '2023-01-25 08:42:52', b'0');
INSERT INTO `system_role_menu` (`id`, `role_id`, `menu_id`, `creator`, `create_time`, `updater`, `update_time`, `deleted`) VALUES (2146, 2, 1018, '1', '2023-01-25 08:42:52', '1', '2023-01-25 08:42:52', b'0');
INSERT INTO `system_role_menu` (`id`, `role_id`, `menu_id`, `creator`, `create_time`, `updater`, `update_time`, `deleted`) VALUES (2147, 2, 1019, '1', '2023-01-25 08:42:52', '1', '2023-01-25 08:42:52', b'0');
INSERT INTO `system_role_menu` (`id`, `role_id`, `menu_id`, `creator`, `create_time`, `updater`, `update_time`, `deleted`) VALUES (2148, 2, 1020, '1', '2023-01-25 08:42:52', '1', '2023-01-25 08:42:52', b'0');
INSERT INTO `system_role_menu` (`id`, `role_id`, `menu_id`, `creator`, `create_time`, `updater`, `update_time`, `deleted`) VALUES (2149, 2, 1021, '1', '2023-01-25 08:42:52', '1', '2023-01-25 08:42:52', b'0');
INSERT INTO `system_role_menu` (`id`, `role_id`, `menu_id`, `creator`, `create_time`, `updater`, `update_time`, `deleted`) VALUES (2150, 2, 1022, '1', '2023-01-25 08:42:52', '1', '2023-01-25 08:42:52', b'0');
INSERT INTO `system_role_menu` (`id`, `role_id`, `menu_id`, `creator`, `create_time`, `updater`, `update_time`, `deleted`) VALUES (2151, 2, 1023, '1', '2023-01-25 08:42:52', '1', '2023-01-25 08:42:52', b'0');
INSERT INTO `system_role_menu` (`id`, `role_id`, `menu_id`, `creator`, `create_time`, `updater`, `update_time`, `deleted`) VALUES (2152, 2, 1281, '1', '2023-01-25 08:42:58', '1', '2023-01-25 08:42:58', b'0');
INSERT INTO `system_role_menu` (`id`, `role_id`, `menu_id`, `creator`, `create_time`, `updater`, `update_time`, `deleted`) VALUES (2153, 2, 1282, '1', '2023-01-25 08:42:58', '1', '2023-01-25 08:42:58', b'0');
INSERT INTO `system_role_menu` (`id`, `role_id`, `menu_id`, `creator`, `create_time`, `updater`, `update_time`, `deleted`) VALUES (2154, 2, 2000, '1', '2023-01-25 08:42:58', '1', '2023-01-25 08:42:58', b'0');
INSERT INTO `system_role_menu` (`id`, `role_id`, `menu_id`, `creator`, `create_time`, `updater`, `update_time`, `deleted`) VALUES (2155, 2, 2002, '1', '2023-01-25 08:42:58', '1', '2023-01-25 08:42:58', b'0');
INSERT INTO `system_role_menu` (`id`, `role_id`, `menu_id`, `creator`, `create_time`, `updater`, `update_time`, `deleted`) VALUES (2156, 2, 2003, '1', '2023-01-25 08:42:58', '1', '2023-01-25 08:42:58', b'0');
INSERT INTO `system_role_menu` (`id`, `role_id`, `menu_id`, `creator`, `create_time`, `updater`, `update_time`, `deleted`) VALUES (2157, 2, 2004, '1', '2023-01-25 08:42:58', '1', '2023-01-25 08:42:58', b'0');
INSERT INTO `system_role_menu` (`id`, `role_id`, `menu_id`, `creator`, `create_time`, `updater`, `update_time`, `deleted`) VALUES (2158, 2, 2005, '1', '2023-01-25 08:42:58', '1', '2023-01-25 08:42:58', b'0');
INSERT INTO `system_role_menu` (`id`, `role_id`, `menu_id`, `creator`, `create_time`, `updater`, `update_time`, `deleted`) VALUES (2159, 2, 2006, '1', '2023-01-25 08:42:58', '1', '2023-01-25 08:42:58', b'0');
INSERT INTO `system_role_menu` (`id`, `role_id`, `menu_id`, `creator`, `create_time`, `updater`, `update_time`, `deleted`) VALUES (2160, 2, 2008, '1', '2023-01-25 08:42:58', '1', '2023-01-25 08:42:58', b'0');
INSERT INTO `system_role_menu` (`id`, `role_id`, `menu_id`, `creator`, `create_time`, `updater`, `update_time`, `deleted`) VALUES (2161, 2, 2009, '1', '2023-01-25 08:42:58', '1', '2023-01-25 08:42:58', b'0');
INSERT INTO `system_role_menu` (`id`, `role_id`, `menu_id`, `creator`, `create_time`, `updater`, `update_time`, `deleted`) VALUES (2162, 2, 2010, '1', '2023-01-25 08:42:58', '1', '2023-01-25 08:42:58', b'0');
INSERT INTO `system_role_menu` (`id`, `role_id`, `menu_id`, `creator`, `create_time`, `updater`, `update_time`, `deleted`) VALUES (2163, 2, 2011, '1', '2023-01-25 08:42:58', '1', '2023-01-25 08:42:58', b'0');
INSERT INTO `system_role_menu` (`id`, `role_id`, `menu_id`, `creator`, `create_time`, `updater`, `update_time`, `deleted`) VALUES (2164, 2, 2012, '1', '2023-01-25 08:42:58', '1', '2023-01-25 08:42:58', b'0');
INSERT INTO `system_role_menu` (`id`, `role_id`, `menu_id`, `creator`, `create_time`, `updater`, `update_time`, `deleted`) VALUES (2170, 2, 2019, '1', '2023-01-25 08:42:58', '1', '2023-01-25 08:42:58', b'0');
INSERT INTO `system_role_menu` (`id`, `role_id`, `menu_id`, `creator`, `create_time`, `updater`, `update_time`, `deleted`) VALUES (2171, 2, 2020, '1', '2023-01-25 08:42:58', '1', '2023-01-25 08:42:58', b'0');
INSERT INTO `system_role_menu` (`id`, `role_id`, `menu_id`, `creator`, `create_time`, `updater`, `update_time`, `deleted`) VALUES (2172, 2, 2021, '1', '2023-01-25 08:42:58', '1', '2023-01-25 08:42:58', b'0');
INSERT INTO `system_role_menu` (`id`, `role_id`, `menu_id`, `creator`, `create_time`, `updater`, `update_time`, `deleted`) VALUES (2173, 2, 2022, '1', '2023-01-25 08:42:58', '1', '2023-01-25 08:42:58', b'0');
INSERT INTO `system_role_menu` (`id`, `role_id`, `menu_id`, `creator`, `create_time`, `updater`, `update_time`, `deleted`) VALUES (2174, 2, 2023, '1', '2023-01-25 08:42:58', '1', '2023-01-25 08:42:58', b'0');
INSERT INTO `system_role_menu` (`id`, `role_id`, `menu_id`, `creator`, `create_time`, `updater`, `update_time`, `deleted`) VALUES (2175, 2, 2025, '1', '2023-01-25 08:42:58', '1', '2023-01-25 08:42:58', b'0');
INSERT INTO `system_role_menu` (`id`, `role_id`, `menu_id`, `creator`, `create_time`, `updater`, `update_time`, `deleted`) VALUES (2177, 2, 2027, '1', '2023-01-25 08:42:58', '1', '2023-01-25 08:42:58', b'0');
INSERT INTO `system_role_menu` (`id`, `role_id`, `menu_id`, `creator`, `create_time`, `updater`, `update_time`, `deleted`) VALUES (2178, 2, 2028, '1', '2023-01-25 08:42:58', '1', '2023-01-25 08:42:58', b'0');
INSERT INTO `system_role_menu` (`id`, `role_id`, `menu_id`, `creator`, `create_time`, `updater`, `update_time`, `deleted`) VALUES (2179, 2, 2029, '1', '2023-01-25 08:42:58', '1', '2023-01-25 08:42:58', b'0');
INSERT INTO `system_role_menu` (`id`, `role_id`, `menu_id`, `creator`, `create_time`, `updater`, `update_time`, `deleted`) VALUES (2180, 2, 2014, '1', '2023-01-25 08:43:12', '1', '2023-01-25 08:43:12', b'0');
INSERT INTO `system_role_menu` (`id`, `role_id`, `menu_id`, `creator`, `create_time`, `updater`, `update_time`, `deleted`) VALUES (2181, 2, 2015, '1', '2023-01-25 08:43:12', '1', '2023-01-25 08:43:12', b'0');
INSERT INTO `system_role_menu` (`id`, `role_id`, `menu_id`, `creator`, `create_time`, `updater`, `update_time`, `deleted`) VALUES (2182, 2, 2016, '1', '2023-01-25 08:43:12', '1', '2023-01-25 08:43:12', b'0');
INSERT INTO `system_role_menu` (`id`, `role_id`, `menu_id`, `creator`, `create_time`, `updater`, `update_time`, `deleted`) VALUES (2183, 2, 2017, '1', '2023-01-25 08:43:12', '1', '2023-01-25 08:43:12', b'0');
INSERT INTO `system_role_menu` (`id`, `role_id`, `menu_id`, `creator`, `create_time`, `updater`, `update_time`, `deleted`) VALUES (2184, 2, 2018, '1', '2023-01-25 08:43:12', '1', '2023-01-25 08:43:12', b'0');
INSERT INTO `system_role_menu` (`id`, `role_id`, `menu_id`, `creator`, `create_time`, `updater`, `update_time`, `deleted`) VALUES (2188, 101, 1024, '1', '2023-02-09 23:49:46', '1', '2023-02-09 23:49:46', b'0');
INSERT INTO `system_role_menu` (`id`, `role_id`, `menu_id`, `creator`, `create_time`, `updater`, `update_time`, `deleted`) VALUES (2189, 101, 1, '1', '2023-02-09 23:49:46', '1', '2023-02-09 23:49:46', b'0');
INSERT INTO `system_role_menu` (`id`, `role_id`, `menu_id`, `creator`, `create_time`, `updater`, `update_time`, `deleted`) VALUES (2190, 101, 1025, '1', '2023-02-09 23:49:46', '1', '2023-02-09 23:49:46', b'0');
INSERT INTO `system_role_menu` (`id`, `role_id`, `menu_id`, `creator`, `create_time`, `updater`, `update_time`, `deleted`) VALUES (2191, 101, 1026, '1', '2023-02-09 23:49:46', '1', '2023-02-09 23:49:46', b'0');
INSERT INTO `system_role_menu` (`id`, `role_id`, `menu_id`, `creator`, `create_time`, `updater`, `update_time`, `deleted`) VALUES (2192, 101, 1027, '1', '2023-02-09 23:49:46', '1', '2023-02-09 23:49:46', b'0');
INSERT INTO `system_role_menu` (`id`, `role_id`, `menu_id`, `creator`, `create_time`, `updater`, `update_time`, `deleted`) VALUES (2193, 101, 1028, '1', '2023-02-09 23:49:46', '1', '2023-02-09 23:49:46', b'0');
INSERT INTO `system_role_menu` (`id`, `role_id`, `menu_id`, `creator`, `create_time`, `updater`, `update_time`, `deleted`) VALUES (2194, 101, 1029, '1', '2023-02-09 23:49:46', '1', '2023-02-09 23:49:46', b'0');
INSERT INTO `system_role_menu` (`id`, `role_id`, `menu_id`, `creator`, `create_time`, `updater`, `update_time`, `deleted`) VALUES (2195, 101, 1030, '1', '2023-02-09 23:49:46', '1', '2023-02-09 23:49:46', b'0');
INSERT INTO `system_role_menu` (`id`, `role_id`, `menu_id`, `creator`, `create_time`, `updater`, `update_time`, `deleted`) VALUES (2196, 101, 1036, '1', '2023-02-09 23:49:46', '1', '2023-02-09 23:49:46', b'0');
INSERT INTO `system_role_menu` (`id`, `role_id`, `menu_id`, `creator`, `create_time`, `updater`, `update_time`, `deleted`) VALUES (2197, 101, 1037, '1', '2023-02-09 23:49:46', '1', '2023-02-09 23:49:46', b'0');
INSERT INTO `system_role_menu` (`id`, `role_id`, `menu_id`, `creator`, `create_time`, `updater`, `update_time`, `deleted`) VALUES (2198, 101, 1038, '1', '2023-02-09 23:49:46', '1', '2023-02-09 23:49:46', b'0');
INSERT INTO `system_role_menu` (`id`, `role_id`, `menu_id`, `creator`, `create_time`, `updater`, `update_time`, `deleted`) VALUES (2199, 101, 1039, '1', '2023-02-09 23:49:46', '1', '2023-02-09 23:49:46', b'0');
INSERT INTO `system_role_menu` (`id`, `role_id`, `menu_id`, `creator`, `create_time`, `updater`, `update_time`, `deleted`) VALUES (2200, 101, 1040, '1', '2023-02-09 23:49:46', '1', '2023-02-09 23:49:46', b'0');
INSERT INTO `system_role_menu` (`id`, `role_id`, `menu_id`, `creator`, `create_time`, `updater`, `update_time`, `deleted`) VALUES (2201, 101, 1042, '1', '2023-02-09 23:49:46', '1', '2023-02-09 23:49:46', b'0');
INSERT INTO `system_role_menu` (`id`, `role_id`, `menu_id`, `creator`, `create_time`, `updater`, `update_time`, `deleted`) VALUES (2202, 101, 1043, '1', '2023-02-09 23:49:46', '1', '2023-02-09 23:49:46', b'0');
INSERT INTO `system_role_menu` (`id`, `role_id`, `menu_id`, `creator`, `create_time`, `updater`, `update_time`, `deleted`) VALUES (2203, 101, 1045, '1', '2023-02-09 23:49:46', '1', '2023-02-09 23:49:46', b'0');
INSERT INTO `system_role_menu` (`id`, `role_id`, `menu_id`, `creator`, `create_time`, `updater`, `update_time`, `deleted`) VALUES (2204, 101, 1046, '1', '2023-02-09 23:49:46', '1', '2023-02-09 23:49:46', b'0');
INSERT INTO `system_role_menu` (`id`, `role_id`, `menu_id`, `creator`, `create_time`, `updater`, `update_time`, `deleted`) VALUES (2205, 101, 1048, '1', '2023-02-09 23:49:46', '1', '2023-02-09 23:49:46', b'0');
INSERT INTO `system_role_menu` (`id`, `role_id`, `menu_id`, `creator`, `create_time`, `updater`, `update_time`, `deleted`) VALUES (2206, 101, 2083, '1', '2023-02-09 23:49:46', '1', '2023-02-09 23:49:46', b'0');
INSERT INTO `system_role_menu` (`id`, `role_id`, `menu_id`, `creator`, `create_time`, `updater`, `update_time`, `deleted`) VALUES (2207, 101, 1063, '1', '2023-02-09 23:49:46', '1', '2023-02-09 23:49:46', b'0');
INSERT INTO `system_role_menu` (`id`, `role_id`, `menu_id`, `creator`, `create_time`, `updater`, `update_time`, `deleted`) VALUES (2208, 101, 1064, '1', '2023-02-09 23:49:46', '1', '2023-02-09 23:49:46', b'0');
INSERT INTO `system_role_menu` (`id`, `role_id`, `menu_id`, `creator`, `create_time`, `updater`, `update_time`, `deleted`) VALUES (2209, 101, 1065, '1', '2023-02-09 23:49:46', '1', '2023-02-09 23:49:46', b'0');
INSERT INTO `system_role_menu` (`id`, `role_id`, `menu_id`, `creator`, `create_time`, `updater`, `update_time`, `deleted`) VALUES (2210, 101, 1093, '1', '2023-02-09 23:49:46', '1', '2023-02-09 23:49:46', b'0');
INSERT INTO `system_role_menu` (`id`, `role_id`, `menu_id`, `creator`, `create_time`, `updater`, `update_time`, `deleted`) VALUES (2211, 101, 1094, '1', '2023-02-09 23:49:46', '1', '2023-02-09 23:49:46', b'0');
INSERT INTO `system_role_menu` (`id`, `role_id`, `menu_id`, `creator`, `create_time`, `updater`, `update_time`, `deleted`) VALUES (2212, 101, 1095, '1', '2023-02-09 23:49:46', '1', '2023-02-09 23:49:46', b'0');
INSERT INTO `system_role_menu` (`id`, `role_id`, `menu_id`, `creator`, `create_time`, `updater`, `update_time`, `deleted`) VALUES (2213, 101, 1096, '1', '2023-02-09 23:49:46', '1', '2023-02-09 23:49:46', b'0');
INSERT INTO `system_role_menu` (`id`, `role_id`, `menu_id`, `creator`, `create_time`, `updater`, `update_time`, `deleted`) VALUES (2214, 101, 1097, '1', '2023-02-09 23:49:46', '1', '2023-02-09 23:49:46', b'0');
INSERT INTO `system_role_menu` (`id`, `role_id`, `menu_id`, `creator`, `create_time`, `updater`, `update_time`, `deleted`) VALUES (2215, 101, 1098, '1', '2023-02-09 23:49:46', '1', '2023-02-09 23:49:46', b'0');
INSERT INTO `system_role_menu` (`id`, `role_id`, `menu_id`, `creator`, `create_time`, `updater`, `update_time`, `deleted`) VALUES (2216, 101, 1100, '1', '2023-02-09 23:49:46', '1', '2023-02-09 23:49:46', b'0');
INSERT INTO `system_role_menu` (`id`, `role_id`, `menu_id`, `creator`, `create_time`, `updater`, `update_time`, `deleted`) VALUES (2217, 101, 1101, '1', '2023-02-09 23:49:46', '1', '2023-02-09 23:49:46', b'0');
INSERT INTO `system_role_menu` (`id`, `role_id`, `menu_id`, `creator`, `create_time`, `updater`, `update_time`, `deleted`) VALUES (2218, 101, 1102, '1', '2023-02-09 23:49:46', '1', '2023-02-09 23:49:46', b'0');
INSERT INTO `system_role_menu` (`id`, `role_id`, `menu_id`, `creator`, `create_time`, `updater`, `update_time`, `deleted`) VALUES (2219, 101, 1103, '1', '2023-02-09 23:49:46', '1', '2023-02-09 23:49:46', b'0');
INSERT INTO `system_role_menu` (`id`, `role_id`, `menu_id`, `creator`, `create_time`, `updater`, `update_time`, `deleted`) VALUES (2220, 101, 1104, '1', '2023-02-09 23:49:46', '1', '2023-02-09 23:49:46', b'0');
INSERT INTO `system_role_menu` (`id`, `role_id`, `menu_id`, `creator`, `create_time`, `updater`, `update_time`, `deleted`) VALUES (2221, 101, 1105, '1', '2023-02-09 23:49:46', '1', '2023-02-09 23:49:46', b'0');
INSERT INTO `system_role_menu` (`id`, `role_id`, `menu_id`, `creator`, `create_time`, `updater`, `update_time`, `deleted`) VALUES (2222, 101, 1106, '1', '2023-02-09 23:49:46', '1', '2023-02-09 23:49:46', b'0');
INSERT INTO `system_role_menu` (`id`, `role_id`, `menu_id`, `creator`, `create_time`, `updater`, `update_time`, `deleted`) VALUES (2223, 101, 2130, '1', '2023-02-09 23:49:46', '1', '2023-02-09 23:49:46', b'0');
INSERT INTO `system_role_menu` (`id`, `role_id`, `menu_id`, `creator`, `create_time`, `updater`, `update_time`, `deleted`) VALUES (2224, 101, 1107, '1', '2023-02-09 23:49:46', '1', '2023-02-09 23:49:46', b'0');
INSERT INTO `system_role_menu` (`id`, `role_id`, `menu_id`, `creator`, `create_time`, `updater`, `update_time`, `deleted`) VALUES (2225, 101, 2131, '1', '2023-02-09 23:49:46', '1', '2023-02-09 23:49:46', b'0');
INSERT INTO `system_role_menu` (`id`, `role_id`, `menu_id`, `creator`, `create_time`, `updater`, `update_time`, `deleted`) VALUES (2226, 101, 1108, '1', '2023-02-09 23:49:46', '1', '2023-02-09 23:49:46', b'0');
INSERT INTO `system_role_menu` (`id`, `role_id`, `menu_id`, `creator`, `create_time`, `updater`, `update_time`, `deleted`) VALUES (2227, 101, 2132, '1', '2023-02-09 23:49:46', '1', '2023-02-09 23:49:46', b'0');
INSERT INTO `system_role_menu` (`id`, `role_id`, `menu_id`, `creator`, `create_time`, `updater`, `update_time`, `deleted`) VALUES (2228, 101, 1109, '1', '2023-02-09 23:49:46', '1', '2023-02-09 23:49:46', b'0');
INSERT INTO `system_role_menu` (`id`, `role_id`, `menu_id`, `creator`, `create_time`, `updater`, `update_time`, `deleted`) VALUES (2229, 101, 2133, '1', '2023-02-09 23:49:46', '1', '2023-02-09 23:49:46', b'0');
INSERT INTO `system_role_menu` (`id`, `role_id`, `menu_id`, `creator`, `create_time`, `updater`, `update_time`, `deleted`) VALUES (2230, 101, 2134, '1', '2023-02-09 23:49:46', '1', '2023-02-09 23:49:46', b'0');
INSERT INTO `system_role_menu` (`id`, `role_id`, `menu_id`, `creator`, `create_time`, `updater`, `update_time`, `deleted`) VALUES (2232, 101, 2135, '1', '2023-02-09 23:49:46', '1', '2023-02-09 23:49:46', b'0');
INSERT INTO `system_role_menu` (`id`, `role_id`, `menu_id`, `creator`, `create_time`, `updater`, `update_time`, `deleted`) VALUES (2234, 101, 2136, '1', '2023-02-09 23:49:46', '1', '2023-02-09 23:49:46', b'0');
INSERT INTO `system_role_menu` (`id`, `role_id`, `menu_id`, `creator`, `create_time`, `updater`, `update_time`, `deleted`) VALUES (2236, 101, 2137, '1', '2023-02-09 23:49:46', '1', '2023-02-09 23:49:46', b'0');
INSERT INTO `system_role_menu` (`id`, `role_id`, `menu_id`, `creator`, `create_time`, `updater`, `update_time`, `deleted`) VALUES (2238, 101, 2138, '1', '2023-02-09 23:49:46', '1', '2023-02-09 23:49:46', b'0');
INSERT INTO `system_role_menu` (`id`, `role_id`, `menu_id`, `creator`, `create_time`, `updater`, `update_time`, `deleted`) VALUES (2240, 101, 2139, '1', '2023-02-09 23:49:46', '1', '2023-02-09 23:49:46', b'0');
INSERT INTO `system_role_menu` (`id`, `role_id`, `menu_id`, `creator`, `create_time`, `updater`, `update_time`, `deleted`) VALUES (2242, 101, 2140, '1', '2023-02-09 23:49:46', '1', '2023-02-09 23:49:46', b'0');
INSERT INTO `system_role_menu` (`id`, `role_id`, `menu_id`, `creator`, `create_time`, `updater`, `update_time`, `deleted`) VALUES (2243, 101, 2141, '1', '2023-02-09 23:49:46', '1', '2023-02-09 23:49:46', b'0');
INSERT INTO `system_role_menu` (`id`, `role_id`, `menu_id`, `creator`, `create_time`, `updater`, `update_time`, `deleted`) VALUES (2244, 101, 2142, '1', '2023-02-09 23:49:46', '1', '2023-02-09 23:49:46', b'0');
INSERT INTO `system_role_menu` (`id`, `role_id`, `menu_id`, `creator`, `create_time`, `updater`, `update_time`, `deleted`) VALUES (2245, 101, 2143, '1', '2023-02-09 23:49:46', '1', '2023-02-09 23:49:46', b'0');
INSERT INTO `system_role_menu` (`id`, `role_id`, `menu_id`, `creator`, `create_time`, `updater`, `update_time`, `deleted`) VALUES (2246, 101, 2144, '1', '2023-02-09 23:49:46', '1', '2023-02-09 23:49:46', b'0');
INSERT INTO `system_role_menu` (`id`, `role_id`, `menu_id`, `creator`, `create_time`, `updater`, `update_time`, `deleted`) VALUES (2247, 101, 2145, '1', '2023-02-09 23:49:46', '1', '2023-02-09 23:49:46', b'0');
INSERT INTO `system_role_menu` (`id`, `role_id`, `menu_id`, `creator`, `create_time`, `updater`, `update_time`, `deleted`) VALUES (2248, 101, 2146, '1', '2023-02-09 23:49:46', '1', '2023-02-09 23:49:46', b'0');
INSERT INTO `system_role_menu` (`id`, `role_id`, `menu_id`, `creator`, `create_time`, `updater`, `update_time`, `deleted`) VALUES (2249, 101, 2147, '1', '2023-02-09 23:49:46', '1', '2023-02-09 23:49:46', b'0');
INSERT INTO `system_role_menu` (`id`, `role_id`, `menu_id`, `creator`, `create_time`, `updater`, `update_time`, `deleted`) VALUES (2250, 101, 100, '1', '2023-02-09 23:49:46', '1', '2023-02-09 23:49:46', b'0');
INSERT INTO `system_role_menu` (`id`, `role_id`, `menu_id`, `creator`, `create_time`, `updater`, `update_time`, `deleted`) VALUES (2251, 101, 2148, '1', '2023-02-09 23:49:46', '1', '2023-02-09 23:49:46', b'0');
INSERT INTO `system_role_menu` (`id`, `role_id`, `menu_id`, `creator`, `create_time`, `updater`, `update_time`, `deleted`) VALUES (2252, 101, 101, '1', '2023-02-09 23:49:46', '1', '2023-02-09 23:49:46', b'0');
INSERT INTO `system_role_menu` (`id`, `role_id`, `menu_id`, `creator`, `create_time`, `updater`, `update_time`, `deleted`) VALUES (2253, 101, 2149, '1', '2023-02-09 23:49:46', '1', '2023-02-09 23:49:46', b'0');
INSERT INTO `system_role_menu` (`id`, `role_id`, `menu_id`, `creator`, `create_time`, `updater`, `update_time`, `deleted`) VALUES (2254, 101, 102, '1', '2023-02-09 23:49:46', '1', '2023-02-09 23:49:46', b'0');
INSERT INTO `system_role_menu` (`id`, `role_id`, `menu_id`, `creator`, `create_time`, `updater`, `update_time`, `deleted`) VALUES (2255, 101, 2150, '1', '2023-02-09 23:49:46', '1', '2023-02-09 23:49:46', b'0');
INSERT INTO `system_role_menu` (`id`, `role_id`, `menu_id`, `creator`, `create_time`, `updater`, `update_time`, `deleted`) VALUES (2256, 101, 103, '1', '2023-02-09 23:49:46', '1', '2023-02-09 23:49:46', b'0');
INSERT INTO `system_role_menu` (`id`, `role_id`, `menu_id`, `creator`, `create_time`, `updater`, `update_time`, `deleted`) VALUES (2257, 101, 2151, '1', '2023-02-09 23:49:46', '1', '2023-02-09 23:49:46', b'0');
INSERT INTO `system_role_menu` (`id`, `role_id`, `menu_id`, `creator`, `create_time`, `updater`, `update_time`, `deleted`) VALUES (2258, 101, 104, '1', '2023-02-09 23:49:46', '1', '2023-02-09 23:49:46', b'0');
INSERT INTO `system_role_menu` (`id`, `role_id`, `menu_id`, `creator`, `create_time`, `updater`, `update_time`, `deleted`) VALUES (2259, 101, 2152, '1', '2023-02-09 23:49:46', '1', '2023-02-09 23:49:46', b'0');
INSERT INTO `system_role_menu` (`id`, `role_id`, `menu_id`, `creator`, `create_time`, `updater`, `update_time`, `deleted`) VALUES (2260, 101, 105, '1', '2023-02-09 23:49:46', '1', '2023-02-09 23:49:46', b'0');
INSERT INTO `system_role_menu` (`id`, `role_id`, `menu_id`, `creator`, `create_time`, `updater`, `update_time`, `deleted`) VALUES (2261, 101, 107, '1', '2023-02-09 23:49:46', '1', '2023-02-09 23:49:46', b'0');
INSERT INTO `system_role_menu` (`id`, `role_id`, `menu_id`, `creator`, `create_time`, `updater`, `update_time`, `deleted`) VALUES (2262, 101, 108, '1', '2023-02-09 23:49:46', '1', '2023-02-09 23:49:46', b'0');
INSERT INTO `system_role_menu` (`id`, `role_id`, `menu_id`, `creator`, `create_time`, `updater`, `update_time`, `deleted`) VALUES (2263, 101, 109, '1', '2023-02-09 23:49:46', '1', '2023-02-09 23:49:46', b'0');
INSERT INTO `system_role_menu` (`id`, `role_id`, `menu_id`, `creator`, `create_time`, `updater`, `update_time`, `deleted`) VALUES (2264, 101, 1138, '1', '2023-02-09 23:49:46', '1', '2023-02-09 23:49:46', b'0');
INSERT INTO `system_role_menu` (`id`, `role_id`, `menu_id`, `creator`, `create_time`, `updater`, `update_time`, `deleted`) VALUES (2265, 101, 1139, '1', '2023-02-09 23:49:46', '1', '2023-02-09 23:49:46', b'0');
INSERT INTO `system_role_menu` (`id`, `role_id`, `menu_id`, `creator`, `create_time`, `updater`, `update_time`, `deleted`) VALUES (2266, 101, 1140, '1', '2023-02-09 23:49:46', '1', '2023-02-09 23:49:46', b'0');
INSERT INTO `system_role_menu` (`id`, `role_id`, `menu_id`, `creator`, `create_time`, `updater`, `update_time`, `deleted`) VALUES (2267, 101, 1141, '1', '2023-02-09 23:49:46', '1', '2023-02-09 23:49:46', b'0');
INSERT INTO `system_role_menu` (`id`, `role_id`, `menu_id`, `creator`, `create_time`, `updater`, `update_time`, `deleted`) VALUES (2268, 101, 1142, '1', '2023-02-09 23:49:46', '1', '2023-02-09 23:49:46', b'0');
INSERT INTO `system_role_menu` (`id`, `role_id`, `menu_id`, `creator`, `create_time`, `updater`, `update_time`, `deleted`) VALUES (2269, 101, 1143, '1', '2023-02-09 23:49:46', '1', '2023-02-09 23:49:46', b'0');
INSERT INTO `system_role_menu` (`id`, `role_id`, `menu_id`, `creator`, `create_time`, `updater`, `update_time`, `deleted`) VALUES (2270, 101, 1224, '1', '2023-02-09 23:49:46', '1', '2023-02-09 23:49:46', b'0');
INSERT INTO `system_role_menu` (`id`, `role_id`, `menu_id`, `creator`, `create_time`, `updater`, `update_time`, `deleted`) VALUES (2271, 101, 1225, '1', '2023-02-09 23:49:46', '1', '2023-02-09 23:49:46', b'0');
INSERT INTO `system_role_menu` (`id`, `role_id`, `menu_id`, `creator`, `create_time`, `updater`, `update_time`, `deleted`) VALUES (2272, 101, 1226, '1', '2023-02-09 23:49:46', '1', '2023-02-09 23:49:46', b'0');
INSERT INTO `system_role_menu` (`id`, `role_id`, `menu_id`, `creator`, `create_time`, `updater`, `update_time`, `deleted`) VALUES (2273, 101, 1227, '1', '2023-02-09 23:49:46', '1', '2023-02-09 23:49:46', b'0');
INSERT INTO `system_role_menu` (`id`, `role_id`, `menu_id`, `creator`, `create_time`, `updater`, `update_time`, `deleted`) VALUES (2274, 101, 1228, '1', '2023-02-09 23:49:46', '1', '2023-02-09 23:49:46', b'0');
INSERT INTO `system_role_menu` (`id`, `role_id`, `menu_id`, `creator`, `create_time`, `updater`, `update_time`, `deleted`) VALUES (2275, 101, 1229, '1', '2023-02-09 23:49:46', '1', '2023-02-09 23:49:46', b'0');
INSERT INTO `system_role_menu` (`id`, `role_id`, `menu_id`, `creator`, `create_time`, `updater`, `update_time`, `deleted`) VALUES (2282, 101, 1261, '1', '2023-02-09 23:49:46', '1', '2023-02-09 23:49:46', b'0');
INSERT INTO `system_role_menu` (`id`, `role_id`, `menu_id`, `creator`, `create_time`, `updater`, `update_time`, `deleted`) VALUES (2283, 101, 1263, '1', '2023-02-09 23:49:46', '1', '2023-02-09 23:49:46', b'0');
INSERT INTO `system_role_menu` (`id`, `role_id`, `menu_id`, `creator`, `create_time`, `updater`, `update_time`, `deleted`) VALUES (2284, 101, 1264, '1', '2023-02-09 23:49:46', '1', '2023-02-09 23:49:46', b'0');
INSERT INTO `system_role_menu` (`id`, `role_id`, `menu_id`, `creator`, `create_time`, `updater`, `update_time`, `deleted`) VALUES (2285, 101, 1265, '1', '2023-02-09 23:49:46', '1', '2023-02-09 23:49:46', b'0');
INSERT INTO `system_role_menu` (`id`, `role_id`, `menu_id`, `creator`, `create_time`, `updater`, `update_time`, `deleted`) VALUES (2286, 101, 1266, '1', '2023-02-09 23:49:46', '1', '2023-02-09 23:49:46', b'0');
INSERT INTO `system_role_menu` (`id`, `role_id`, `menu_id`, `creator`, `create_time`, `updater`, `update_time`, `deleted`) VALUES (2287, 101, 1267, '1', '2023-02-09 23:49:46', '1', '2023-02-09 23:49:46', b'0');
INSERT INTO `system_role_menu` (`id`, `role_id`, `menu_id`, `creator`, `create_time`, `updater`, `update_time`, `deleted`) VALUES (2288, 101, 1001, '1', '2023-02-09 23:49:46', '1', '2023-02-09 23:49:46', b'0');
INSERT INTO `system_role_menu` (`id`, `role_id`, `menu_id`, `creator`, `create_time`, `updater`, `update_time`, `deleted`) VALUES (2289, 101, 1002, '1', '2023-02-09 23:49:46', '1', '2023-02-09 23:49:46', b'0');
INSERT INTO `system_role_menu` (`id`, `role_id`, `menu_id`, `creator`, `create_time`, `updater`, `update_time`, `deleted`) VALUES (2290, 101, 1003, '1', '2023-02-09 23:49:46', '1', '2023-02-09 23:49:46', b'0');
INSERT INTO `system_role_menu` (`id`, `role_id`, `menu_id`, `creator`, `create_time`, `updater`, `update_time`, `deleted`) VALUES (2291, 101, 1004, '1', '2023-02-09 23:49:46', '1', '2023-02-09 23:49:46', b'0');
INSERT INTO `system_role_menu` (`id`, `role_id`, `menu_id`, `creator`, `create_time`, `updater`, `update_time`, `deleted`) VALUES (2292, 101, 1005, '1', '2023-02-09 23:49:46', '1', '2023-02-09 23:49:46', b'0');
INSERT INTO `system_role_menu` (`id`, `role_id`, `menu_id`, `creator`, `create_time`, `updater`, `update_time`, `deleted`) VALUES (2293, 101, 1006, '1', '2023-02-09 23:49:46', '1', '2023-02-09 23:49:46', b'0');
INSERT INTO `system_role_menu` (`id`, `role_id`, `menu_id`, `creator`, `create_time`, `updater`, `update_time`, `deleted`) VALUES (2294, 101, 1007, '1', '2023-02-09 23:49:46', '1', '2023-02-09 23:49:46', b'0');
INSERT INTO `system_role_menu` (`id`, `role_id`, `menu_id`, `creator`, `create_time`, `updater`, `update_time`, `deleted`) VALUES (2295, 101, 1008, '1', '2023-02-09 23:49:46', '1', '2023-02-09 23:49:46', b'0');
INSERT INTO `system_role_menu` (`id`, `role_id`, `menu_id`, `creator`, `create_time`, `updater`, `update_time`, `deleted`) VALUES (2296, 101, 1009, '1', '2023-02-09 23:49:46', '1', '2023-02-09 23:49:46', b'0');
INSERT INTO `system_role_menu` (`id`, `role_id`, `menu_id`, `creator`, `create_time`, `updater`, `update_time`, `deleted`) VALUES (2297, 101, 1010, '1', '2023-02-09 23:49:46', '1', '2023-02-09 23:49:46', b'0');
INSERT INTO `system_role_menu` (`id`, `role_id`, `menu_id`, `creator`, `create_time`, `updater`, `update_time`, `deleted`) VALUES (2298, 101, 1011, '1', '2023-02-09 23:49:46', '1', '2023-02-09 23:49:46', b'0');
INSERT INTO `system_role_menu` (`id`, `role_id`, `menu_id`, `creator`, `create_time`, `updater`, `update_time`, `deleted`) VALUES (2299, 101, 1012, '1', '2023-02-09 23:49:46', '1', '2023-02-09 23:49:46', b'0');
INSERT INTO `system_role_menu` (`id`, `role_id`, `menu_id`, `creator`, `create_time`, `updater`, `update_time`, `deleted`) VALUES (2300, 101, 500, '1', '2023-02-09 23:49:46', '1', '2023-02-09 23:49:46', b'0');
INSERT INTO `system_role_menu` (`id`, `role_id`, `menu_id`, `creator`, `create_time`, `updater`, `update_time`, `deleted`) VALUES (2301, 101, 1013, '1', '2023-02-09 23:49:46', '1', '2023-02-09 23:49:46', b'0');
INSERT INTO `system_role_menu` (`id`, `role_id`, `menu_id`, `creator`, `create_time`, `updater`, `update_time`, `deleted`) VALUES (2302, 101, 501, '1', '2023-02-09 23:49:46', '1', '2023-02-09 23:49:46', b'0');
INSERT INTO `system_role_menu` (`id`, `role_id`, `menu_id`, `creator`, `create_time`, `updater`, `update_time`, `deleted`) VALUES (2303, 101, 1014, '1', '2023-02-09 23:49:46', '1', '2023-02-09 23:49:46', b'0');
INSERT INTO `system_role_menu` (`id`, `role_id`, `menu_id`, `creator`, `create_time`, `updater`, `update_time`, `deleted`) VALUES (2304, 101, 1015, '1', '2023-02-09 23:49:46', '1', '2023-02-09 23:49:46', b'0');
INSERT INTO `system_role_menu` (`id`, `role_id`, `menu_id`, `creator`, `create_time`, `updater`, `update_time`, `deleted`) VALUES (2305, 101, 1016, '1', '2023-02-09 23:49:46', '1', '2023-02-09 23:49:46', b'0');
INSERT INTO `system_role_menu` (`id`, `role_id`, `menu_id`, `creator`, `create_time`, `updater`, `update_time`, `deleted`) VALUES (2306, 101, 1017, '1', '2023-02-09 23:49:46', '1', '2023-02-09 23:49:46', b'0');
INSERT INTO `system_role_menu` (`id`, `role_id`, `menu_id`, `creator`, `create_time`, `updater`, `update_time`, `deleted`) VALUES (2307, 101, 1018, '1', '2023-02-09 23:49:46', '1', '2023-02-09 23:49:46', b'0');
INSERT INTO `system_role_menu` (`id`, `role_id`, `menu_id`, `creator`, `create_time`, `updater`, `update_time`, `deleted`) VALUES (2308, 101, 1019, '1', '2023-02-09 23:49:46', '1', '2023-02-09 23:49:46', b'0');
INSERT INTO `system_role_menu` (`id`, `role_id`, `menu_id`, `creator`, `create_time`, `updater`, `update_time`, `deleted`) VALUES (2309, 101, 1020, '1', '2023-02-09 23:49:46', '1', '2023-02-09 23:49:46', b'0');
INSERT INTO `system_role_menu` (`id`, `role_id`, `menu_id`, `creator`, `create_time`, `updater`, `update_time`, `deleted`) VALUES (2310, 101, 1021, '1', '2023-02-09 23:49:46', '1', '2023-02-09 23:49:46', b'0');
INSERT INTO `system_role_menu` (`id`, `role_id`, `menu_id`, `creator`, `create_time`, `updater`, `update_time`, `deleted`) VALUES (2311, 101, 1022, '1', '2023-02-09 23:49:46', '1', '2023-02-09 23:49:46', b'0');
INSERT INTO `system_role_menu` (`id`, `role_id`, `menu_id`, `creator`, `create_time`, `updater`, `update_time`, `deleted`) VALUES (2312, 101, 1023, '1', '2023-02-09 23:49:46', '1', '2023-02-09 23:49:46', b'0');
INSERT INTO `system_role_menu` (`id`, `role_id`, `menu_id`, `creator`, `create_time`, `updater`, `update_time`, `deleted`) VALUES (5777, 101, 2739, '1', '2024-04-30 09:38:37', '1', '2024-04-30 09:38:37', b'0');
INSERT INTO `system_role_menu` (`id`, `role_id`, `menu_id`, `creator`, `create_time`, `updater`, `update_time`, `deleted`) VALUES (5778, 101, 2740, '1', '2024-04-30 09:38:37', '1', '2024-04-30 09:38:37', b'0');
INSERT INTO `system_role_menu` (`id`, `role_id`, `menu_id`, `creator`, `create_time`, `updater`, `update_time`, `deleted`) VALUES (5779, 2, 2739, '1', '2024-07-07 20:39:38', '1', '2024-07-07 20:39:38', b'0');
INSERT INTO `system_role_menu` (`id`, `role_id`, `menu_id`, `creator`, `create_time`, `updater`, `update_time`, `deleted`) VALUES (5780, 2, 2740, '1', '2024-07-07 20:39:38', '1', '2024-07-07 20:39:38', b'0');
INSERT INTO `system_role_menu` (`id`, `role_id`, `menu_id`, `creator`, `create_time`, `updater`, `update_time`, `deleted`) VALUES (5781, 2, 2758, '1', '2024-07-07 20:39:38', '1', '2024-07-07 20:39:38', b'0');
INSERT INTO `system_role_menu` (`id`, `role_id`, `menu_id`, `creator`, `create_time`, `updater`, `update_time`, `deleted`) VALUES (5782, 2, 2759, '1', '2024-07-07 20:39:38', '1', '2024-07-07 20:39:38', b'0');
INSERT INTO `system_role_menu` (`id`, `role_id`, `menu_id`, `creator`, `create_time`, `updater`, `update_time`, `deleted`) VALUES (5783, 2, 2362, '1', '2024-07-07 20:39:38', '1', '2024-07-07 20:39:38', b'0');
INSERT INTO `system_role_menu` (`id`, `role_id`, `menu_id`, `creator`, `create_time`, `updater`, `update_time`, `deleted`) VALUES (5784, 2, 2387, '1', '2024-07-07 20:39:38', '1', '2024-07-07 20:39:38', b'0');
INSERT INTO `system_role_menu` (`id`, `role_id`, `menu_id`, `creator`, `create_time`, `updater`, `update_time`, `deleted`) VALUES (5785, 2, 2030, '1', '2024-07-07 20:39:38', '1', '2024-07-07 20:39:38', b'0');
INSERT INTO `system_role_menu` (`id`, `role_id`, `menu_id`, `creator`, `create_time`, `updater`, `update_time`, `deleted`) VALUES (5786, 101, 2758, '1', '2024-07-07 20:39:55', '1', '2024-07-07 20:39:55', b'0');
INSERT INTO `system_role_menu` (`id`, `role_id`, `menu_id`, `creator`, `create_time`, `updater`, `update_time`, `deleted`) VALUES (5787, 101, 2759, '1', '2024-07-07 20:39:55', '1', '2024-07-07 20:39:55', b'0');
INSERT INTO `system_role_menu` (`id`, `role_id`, `menu_id`, `creator`, `create_time`, `updater`, `update_time`, `deleted`) VALUES (5788, 101, 2783, '1', '2024-07-07 20:39:55', '1', '2024-07-07 20:39:55', b'0');
COMMIT;

-- ----------------------------
-- Table structure for system_user_post
-- ----------------------------
DROP TABLE IF EXISTS `system_user_post`;
CREATE TABLE `system_user_post` (
  `id` bigint NOT NULL AUTO_INCREMENT COMMENT 'id',
  `user_id` bigint NOT NULL DEFAULT '0' COMMENT '用户ID',
  `post_id` bigint NOT NULL DEFAULT '0' COMMENT '岗位ID',
  `creator` varchar(64) CHARACTER SET utf8mb4 COLLATE utf8mb4_unicode_ci DEFAULT '' COMMENT '创建者',
  `create_time` datetime NOT NULL DEFAULT CURRENT_TIMESTAMP COMMENT '创建时间',
  `updater` varchar(64) CHARACTER SET utf8mb4 COLLATE utf8mb4_unicode_ci DEFAULT '' COMMENT '更新者',
  `update_time` datetime NOT NULL DEFAULT CURRENT_TIMESTAMP ON UPDATE CURRENT_TIMESTAMP COMMENT '更新时间',
  `deleted` bit(1) NOT NULL DEFAULT b'0' COMMENT '是否删除',
  PRIMARY KEY (`id`) USING BTREE
) ENGINE=InnoDB AUTO_INCREMENT=126 DEFAULT CHARSET=utf8mb4 COLLATE=utf8mb4_unicode_ci COMMENT='用户岗位表';

-- ----------------------------
-- Records of system_user_post
-- ----------------------------
BEGIN;
INSERT INTO `system_user_post` (`id`, `user_id`, `post_id`, `creator`, `create_time`, `updater`, `update_time`, `deleted`) VALUES (112, 1, 1, 'admin', '2022-05-02 07:25:24', 'admin', '2022-05-02 07:25:24', b'0');
COMMIT;

-- ----------------------------
-- Table structure for system_user_role
-- ----------------------------
DROP TABLE IF EXISTS `system_user_role`;
CREATE TABLE `system_user_role` (
  `id` bigint NOT NULL AUTO_INCREMENT COMMENT '自增编号',
  `user_id` bigint NOT NULL COMMENT '用户ID',
  `role_id` bigint NOT NULL COMMENT '角色ID',
  `creator` varchar(64) CHARACTER SET utf8mb4 COLLATE utf8mb4_unicode_ci DEFAULT '' COMMENT '创建者',
  `create_time` datetime DEFAULT CURRENT_TIMESTAMP COMMENT '创建时间',
  `updater` varchar(64) CHARACTER SET utf8mb4 COLLATE utf8mb4_unicode_ci DEFAULT '' COMMENT '更新者',
  `update_time` datetime DEFAULT CURRENT_TIMESTAMP ON UPDATE CURRENT_TIMESTAMP COMMENT '更新时间',
  `deleted` bit(1) DEFAULT b'0' COMMENT '是否删除',
  PRIMARY KEY (`id`) USING BTREE
) ENGINE=InnoDB AUTO_INCREMENT=48 DEFAULT CHARSET=utf8mb4 COLLATE=utf8mb4_unicode_ci COMMENT='用户和角色关联表';

-- ----------------------------
-- Records of system_user_role
-- ----------------------------
BEGIN;
INSERT INTO `system_user_role` (`id`, `user_id`, `role_id`, `creator`, `create_time`, `updater`, `update_time`, `deleted`) VALUES (1, 1, 1, '', '2022-01-11 13:19:45', '', '2022-05-12 12:35:17', b'0');
COMMIT;

-- ----------------------------
-- Table structure for system_users
-- ----------------------------
DROP TABLE IF EXISTS `system_users`;
CREATE TABLE `system_users` (
  `id` bigint NOT NULL AUTO_INCREMENT COMMENT '用户ID',
  `username` varchar(30) CHARACTER SET utf8mb4 COLLATE utf8mb4_unicode_ci NOT NULL COMMENT '用户账号',
  `password` varchar(100) CHARACTER SET utf8mb4 COLLATE utf8mb4_unicode_ci NOT NULL DEFAULT '' COMMENT '密码',
  `nickname` varchar(30) CHARACTER SET utf8mb4 COLLATE utf8mb4_unicode_ci NOT NULL COMMENT '用户昵称',
  `remark` varchar(500) CHARACTER SET utf8mb4 COLLATE utf8mb4_unicode_ci DEFAULT NULL COMMENT '备注',
  `dept_id` bigint DEFAULT NULL COMMENT '部门ID',
  `post_ids` varchar(255) CHARACTER SET utf8mb4 COLLATE utf8mb4_unicode_ci DEFAULT NULL COMMENT '岗位编号数组',
  `email` varchar(50) CHARACTER SET utf8mb4 COLLATE utf8mb4_unicode_ci DEFAULT '' COMMENT '用户邮箱',
  `mobile` varchar(11) CHARACTER SET utf8mb4 COLLATE utf8mb4_unicode_ci DEFAULT '' COMMENT '手机号码',
  `sex` tinyint DEFAULT '0' COMMENT '用户性别',
  `avatar` varchar(512) CHARACTER SET utf8mb4 COLLATE utf8mb4_unicode_ci DEFAULT '' COMMENT '头像地址',
  `status` tinyint NOT NULL DEFAULT '0' COMMENT '帐号状态（0正常 1停用）',
  `login_ip` varchar(50) CHARACTER SET utf8mb4 COLLATE utf8mb4_unicode_ci DEFAULT '' COMMENT '最后登录IP',
  `login_date` datetime DEFAULT NULL COMMENT '最后登录时间',
  `creator` varchar(64) CHARACTER SET utf8mb4 COLLATE utf8mb4_unicode_ci DEFAULT '' COMMENT '创建者',
  `create_time` datetime NOT NULL DEFAULT CURRENT_TIMESTAMP COMMENT '创建时间',
  `updater` varchar(64) CHARACTER SET utf8mb4 COLLATE utf8mb4_unicode_ci DEFAULT '' COMMENT '更新者',
  `update_time` datetime NOT NULL DEFAULT CURRENT_TIMESTAMP ON UPDATE CURRENT_TIMESTAMP COMMENT '更新时间',
  `deleted` bit(1) NOT NULL DEFAULT b'0' COMMENT '是否删除',
  PRIMARY KEY (`id`) USING BTREE
) ENGINE=InnoDB AUTO_INCREMENT=140 DEFAULT CHARSET=utf8mb4 COLLATE=utf8mb4_unicode_ci COMMENT='用户信息表';

-- ----------------------------
-- Records of system_users
-- ----------------------------
BEGIN;
INSERT INTO `system_users` (`id`, `username`, `password`, `nickname`, `remark`, `dept_id`, `post_ids`, `email`, `mobile`, `sex`, `avatar`, `status`, `login_ip`, `login_date`, `creator`, `create_time`, `updater`, `update_time`, `deleted`) VALUES (1, 'admin', '$2a$04$360poG67pqaEWbvXWhgOe.bdV5R30UW.e7/0p5OzAXh52IvllkkC2', '勇哥Java实战', '管理员', 103, '[1,2]', 'zhangyong7120180@163.com', '15011319235', 2, 'https://javayong.cn/logo.png', 0, '0:0:0:0:0:0:0:1', '2025-07-01 21:41:03', 'admin', '2021-01-05 17:03:47', NULL, '2025-07-01 21:41:03', b'0');
COMMIT;

SET FOREIGN_KEY_CHECKS = 1;

DROP TABLE IF EXISTS `system_client`;

-- ----------------------------
-- 系统授权表 sys_client（去掉 client_id 的版本）
-- ----------------------------
CREATE TABLE `system_client` (
    -- 基础字段（主键 + 客户端认证信息）
                              `id`                BIGINT(20)      NOT NULL AUTO_INCREMENT COMMENT '主键ID',
                              `client_key`        VARCHAR(32)     DEFAULT NULL COMMENT '客户端KEY',
                              `client_secret`     VARCHAR(255)    DEFAULT NULL COMMENT '客户端密钥',
                              `grant_type`        VARCHAR(255)    DEFAULT NULL COMMENT '授权类型',
                              `device_type`       VARCHAR(32)     DEFAULT NULL COMMENT '设备类型',
    -- Token 超时控制字段
                              `access_timeout`    INT(11)         DEFAULT 7200 COMMENT 'Token访问超时时间（秒）',
                              `refresh_timeout`   INT(11)         DEFAULT 604800 COMMENT 'Token刷新超时时间（秒）',
    -- 状态字段
                              `status` tinyint NOT NULL DEFAULT '0' COMMENT '帐号状态（0正常 1停用）',
    -- 标准字段（你指定保留的字段）
                              `creator`           VARCHAR(64)     DEFAULT '' COMMENT '创建者',
                              `create_time`       DATETIME        NOT NULL DEFAULT CURRENT_TIMESTAMP COMMENT '创建时间',
                              `updater`           VARCHAR(64)     DEFAULT '' COMMENT '更新者',
                              `update_time`       DATETIME        NOT NULL DEFAULT CURRENT_TIMESTAMP ON UPDATE CURRENT_TIMESTAMP COMMENT '更新时间',
                              `deleted`           BIT(1)          NOT NULL DEFAULT b'0' COMMENT '是否删除',
    -- 索引
                              PRIMARY KEY (`id`) USING BTREE,
                              KEY `idx_client_key` (`client_key`) USING BTREE
) ENGINE=InnoDB DEFAULT CHARSET=utf8mb4 COLLATE=utf8mb4_unicode_ci COMMENT='系统客户端表';

INSERT INTO `system_client` (`id`, `client_key`, `client_secret`, `grant_type`, `device_type`, `access_timeout`, `refresh_timeout`, `status`, `creator`, `create_time`, `updater`, `update_time`, `deleted`) VALUES (1, 'nuC2CTk7iHSX1a44oFcBTvCb9IC6hHYW', 'YuSLAx3k0z2i54G1iIVBAsvl2p6QfuJ1ibnmU2zYmHp8eA1RhqYT17xRe4ylG8e2', NULL, '0', 1800, 3600, 0, '1', '2025-07-19 21:32:40', '1', '2025-07-19 22:34:17', b'0');

INSERT INTO `system_menu` (`id`, `name`, `permission`, `type`, `sort`, `parent_id`, `path`, `icon`, `component`, `component_name`, `status`, `visible`, `keep_alive`, `always_show`, `creator`, `create_time`, `updater`, `update_time`, `deleted`) VALUES (5000, '客户端管理', '', 2, 14, 1, 'client', 'ep:avatar', 'system/client/index', 'SystemClient', 0, b'1', b'1', b'1', '', '2025-07-18 21:18:04', '1', '2025-07-18 21:19:17', b'0');
INSERT INTO `system_menu` (`id`, `name`, `permission`, `type`, `sort`, `parent_id`, `path`, `icon`, `component`, `component_name`, `status`, `visible`, `keep_alive`, `always_show`, `creator`, `create_time`, `updater`, `update_time`, `deleted`) VALUES (5001, '系统客户端查询', 'system:client:query', 3, 1, 5000, '', '', '', NULL, 0, b'1', b'1', b'1', '', '2025-07-18 21:18:04', '', '2025-07-18 21:18:04', b'0');
INSERT INTO `system_menu` (`id`, `name`, `permission`, `type`, `sort`, `parent_id`, `path`, `icon`, `component`, `component_name`, `status`, `visible`, `keep_alive`, `always_show`, `creator`, `create_time`, `updater`, `update_time`, `deleted`) VALUES (5002, '系统客户端创建', 'system:client:create', 3, 2, 5000, '', '', '', NULL, 0, b'1', b'1', b'1', '', '2025-07-18 21:18:04', '', '2025-07-18 21:18:04', b'0');
INSERT INTO `system_menu` (`id`, `name`, `permission`, `type`, `sort`, `parent_id`, `path`, `icon`, `component`, `component_name`, `status`, `visible`, `keep_alive`, `always_show`, `creator`, `create_time`, `updater`, `update_time`, `deleted`) VALUES (5003, '系统客户端更新', 'system:client:update', 3, 3, 5000, '', '', '', NULL, 0, b'1', b'1', b'1', '', '2025-07-18 21:18:04', '', '2025-07-18 21:18:04', b'0');
INSERT INTO `system_menu` (`id`, `name`, `permission`, `type`, `sort`, `parent_id`, `path`, `icon`, `component`, `component_name`, `status`, `visible`, `keep_alive`, `always_show`, `creator`, `create_time`, `updater`, `update_time`, `deleted`) VALUES (5004, '系统客户端删除', 'system:client:delete', 3, 4, 5000, '', '', '', NULL, 0, b'1', b'1', b'1', '', '2025-07-18 21:18:04', '', '2025-07-18 21:18:04', b'0');
INSERT INTO `system_menu` (`id`, `name`, `permission`, `type`, `sort`, `parent_id`, `path`, `icon`, `component`, `component_name`, `status`, `visible`, `keep_alive`, `always_show`, `creator`, `create_time`, `updater`, `update_time`, `deleted`) VALUES (5005, '系统客户端导出', 'system:client:export', 3, 5, 5000, '', '', '', NULL, 0, b'1', b'1', b'1', '', '2025-07-18 21:18:04', '', '2025-07-18 21:18:04', b'0');